ISO-10303-21;
HEADER;
/* Generated by software containing ST-Developer
 * from STEP Tools, Inc. (www.steptools.com) 
 */

FILE_DESCRIPTION(
/* description */ (''),
/* implementation_level */ '2;1');

FILE_NAME(
/* name */ 'Comb_EZ-Phoresis.step',
/* time_stamp */ '2026-09-10T19:20:36+03:00',
/* author */ (''),
/* organization */ (''),
/* preprocessor_version */ 'ST-DEVELOPER v20.2',
/* originating_system */ 'Autodesk Translation Framework v15.15.0.0',
/* authorisation */ '');

FILE_SCHEMA (('AUTOMOTIVE_DESIGN { 1 0 10303 214 3 1 1 }'));
ENDSEC;

DATA;
#10=MECHANICAL_DESIGN_GEOMETRIC_PRESENTATION_REPRESENTATION('',(#13),#3757);
#11=SHAPE_REPRESENTATION_RELATIONSHIP('SRR','None',#3764,#12);
#12=ADVANCED_BREP_SHAPE_REPRESENTATION('',(#14),#3756);
#13=STYLED_ITEM('',(#3773),#14);
#14=MANIFOLD_SOLID_BREP('CombDouble',#2381);
#15=FACE_BOUND('',#242,.T.);
#16=FACE_OUTER_BOUND('',#131,.T.);
#17=FACE_OUTER_BOUND('',#132,.T.);
#18=FACE_OUTER_BOUND('',#133,.T.);
#19=FACE_OUTER_BOUND('',#134,.T.);
#20=FACE_OUTER_BOUND('',#135,.T.);
#21=FACE_OUTER_BOUND('',#136,.T.);
#22=FACE_OUTER_BOUND('',#137,.T.);
#23=FACE_OUTER_BOUND('',#138,.T.);
#24=FACE_OUTER_BOUND('',#139,.T.);
#25=FACE_OUTER_BOUND('',#140,.T.);
#26=FACE_OUTER_BOUND('',#141,.T.);
#27=FACE_OUTER_BOUND('',#142,.T.);
#28=FACE_OUTER_BOUND('',#143,.T.);
#29=FACE_OUTER_BOUND('',#144,.T.);
#30=FACE_OUTER_BOUND('',#145,.T.);
#31=FACE_OUTER_BOUND('',#146,.T.);
#32=FACE_OUTER_BOUND('',#147,.T.);
#33=FACE_OUTER_BOUND('',#148,.T.);
#34=FACE_OUTER_BOUND('',#149,.T.);
#35=FACE_OUTER_BOUND('',#150,.T.);
#36=FACE_OUTER_BOUND('',#151,.T.);
#37=FACE_OUTER_BOUND('',#152,.T.);
#38=FACE_OUTER_BOUND('',#153,.T.);
#39=FACE_OUTER_BOUND('',#154,.T.);
#40=FACE_OUTER_BOUND('',#155,.T.);
#41=FACE_OUTER_BOUND('',#156,.T.);
#42=FACE_OUTER_BOUND('',#157,.T.);
#43=FACE_OUTER_BOUND('',#158,.T.);
#44=FACE_OUTER_BOUND('',#159,.T.);
#45=FACE_OUTER_BOUND('',#160,.T.);
#46=FACE_OUTER_BOUND('',#161,.T.);
#47=FACE_OUTER_BOUND('',#162,.T.);
#48=FACE_OUTER_BOUND('',#163,.T.);
#49=FACE_OUTER_BOUND('',#164,.T.);
#50=FACE_OUTER_BOUND('',#165,.T.);
#51=FACE_OUTER_BOUND('',#166,.T.);
#52=FACE_OUTER_BOUND('',#167,.T.);
#53=FACE_OUTER_BOUND('',#168,.T.);
#54=FACE_OUTER_BOUND('',#169,.T.);
#55=FACE_OUTER_BOUND('',#170,.T.);
#56=FACE_OUTER_BOUND('',#171,.T.);
#57=FACE_OUTER_BOUND('',#172,.T.);
#58=FACE_OUTER_BOUND('',#173,.T.);
#59=FACE_OUTER_BOUND('',#174,.T.);
#60=FACE_OUTER_BOUND('',#175,.T.);
#61=FACE_OUTER_BOUND('',#176,.T.);
#62=FACE_OUTER_BOUND('',#177,.T.);
#63=FACE_OUTER_BOUND('',#178,.T.);
#64=FACE_OUTER_BOUND('',#179,.T.);
#65=FACE_OUTER_BOUND('',#180,.T.);
#66=FACE_OUTER_BOUND('',#181,.T.);
#67=FACE_OUTER_BOUND('',#182,.T.);
#68=FACE_OUTER_BOUND('',#183,.T.);
#69=FACE_OUTER_BOUND('',#184,.T.);
#70=FACE_OUTER_BOUND('',#185,.T.);
#71=FACE_OUTER_BOUND('',#186,.T.);
#72=FACE_OUTER_BOUND('',#187,.T.);
#73=FACE_OUTER_BOUND('',#188,.T.);
#74=FACE_OUTER_BOUND('',#189,.T.);
#75=FACE_OUTER_BOUND('',#190,.T.);
#76=FACE_OUTER_BOUND('',#191,.T.);
#77=FACE_OUTER_BOUND('',#192,.T.);
#78=FACE_OUTER_BOUND('',#193,.T.);
#79=FACE_OUTER_BOUND('',#194,.T.);
#80=FACE_OUTER_BOUND('',#195,.T.);
#81=FACE_OUTER_BOUND('',#196,.T.);
#82=FACE_OUTER_BOUND('',#197,.T.);
#83=FACE_OUTER_BOUND('',#198,.T.);
#84=FACE_OUTER_BOUND('',#199,.T.);
#85=FACE_OUTER_BOUND('',#200,.T.);
#86=FACE_OUTER_BOUND('',#201,.T.);
#87=FACE_OUTER_BOUND('',#202,.T.);
#88=FACE_OUTER_BOUND('',#203,.T.);
#89=FACE_OUTER_BOUND('',#204,.T.);
#90=FACE_OUTER_BOUND('',#205,.T.);
#91=FACE_OUTER_BOUND('',#206,.T.);
#92=FACE_OUTER_BOUND('',#207,.T.);
#93=FACE_OUTER_BOUND('',#208,.T.);
#94=FACE_OUTER_BOUND('',#209,.T.);
#95=FACE_OUTER_BOUND('',#210,.T.);
#96=FACE_OUTER_BOUND('',#211,.T.);
#97=FACE_OUTER_BOUND('',#212,.T.);
#98=FACE_OUTER_BOUND('',#213,.T.);
#99=FACE_OUTER_BOUND('',#214,.T.);
#100=FACE_OUTER_BOUND('',#215,.T.);
#101=FACE_OUTER_BOUND('',#216,.T.);
#102=FACE_OUTER_BOUND('',#217,.T.);
#103=FACE_OUTER_BOUND('',#218,.T.);
#104=FACE_OUTER_BOUND('',#219,.T.);
#105=FACE_OUTER_BOUND('',#220,.T.);
#106=FACE_OUTER_BOUND('',#221,.T.);
#107=FACE_OUTER_BOUND('',#222,.T.);
#108=FACE_OUTER_BOUND('',#223,.T.);
#109=FACE_OUTER_BOUND('',#224,.T.);
#110=FACE_OUTER_BOUND('',#225,.T.);
#111=FACE_OUTER_BOUND('',#226,.T.);
#112=FACE_OUTER_BOUND('',#227,.T.);
#113=FACE_OUTER_BOUND('',#228,.T.);
#114=FACE_OUTER_BOUND('',#229,.T.);
#115=FACE_OUTER_BOUND('',#230,.T.);
#116=FACE_OUTER_BOUND('',#231,.T.);
#117=FACE_OUTER_BOUND('',#232,.T.);
#118=FACE_OUTER_BOUND('',#233,.T.);
#119=FACE_OUTER_BOUND('',#234,.T.);
#120=FACE_OUTER_BOUND('',#235,.T.);
#121=FACE_OUTER_BOUND('',#236,.T.);
#122=FACE_OUTER_BOUND('',#237,.T.);
#123=FACE_OUTER_BOUND('',#238,.T.);
#124=FACE_OUTER_BOUND('',#239,.T.);
#125=FACE_OUTER_BOUND('',#240,.T.);
#126=FACE_OUTER_BOUND('',#241,.T.);
#127=FACE_OUTER_BOUND('',#243,.T.);
#128=FACE_OUTER_BOUND('',#244,.T.);
#129=FACE_OUTER_BOUND('',#245,.T.);
#130=FACE_OUTER_BOUND('',#246,.T.);
#131=EDGE_LOOP('',(#1479,#1480,#1481,#1482));
#132=EDGE_LOOP('',(#1483,#1484,#1485,#1486));
#133=EDGE_LOOP('',(#1487,#1488,#1489,#1490));
#134=EDGE_LOOP('',(#1491,#1492,#1493,#1494,#1495,#1496,#1497,#1498,#1499,
#1500,#1501,#1502,#1503,#1504,#1505,#1506,#1507,#1508,#1509,#1510,#1511,
#1512,#1513,#1514,#1515,#1516,#1517,#1518,#1519,#1520,#1521,#1522,#1523,
#1524,#1525,#1526,#1527,#1528,#1529,#1530,#1531,#1532,#1533,#1534,#1535,
#1536,#1537,#1538));
#135=EDGE_LOOP('',(#1539,#1540,#1541,#1542));
#136=EDGE_LOOP('',(#1543,#1544,#1545,#1546));
#137=EDGE_LOOP('',(#1547,#1548,#1549,#1550));
#138=EDGE_LOOP('',(#1551,#1552,#1553,#1554));
#139=EDGE_LOOP('',(#1555,#1556,#1557,#1558));
#140=EDGE_LOOP('',(#1559,#1560,#1561,#1562));
#141=EDGE_LOOP('',(#1563,#1564,#1565,#1566));
#142=EDGE_LOOP('',(#1567,#1568,#1569,#1570));
#143=EDGE_LOOP('',(#1571,#1572,#1573,#1574));
#144=EDGE_LOOP('',(#1575,#1576,#1577,#1578));
#145=EDGE_LOOP('',(#1579,#1580,#1581,#1582));
#146=EDGE_LOOP('',(#1583,#1584,#1585,#1586));
#147=EDGE_LOOP('',(#1587,#1588,#1589,#1590));
#148=EDGE_LOOP('',(#1591,#1592,#1593,#1594));
#149=EDGE_LOOP('',(#1595,#1596,#1597,#1598));
#150=EDGE_LOOP('',(#1599,#1600,#1601,#1602));
#151=EDGE_LOOP('',(#1603,#1604,#1605,#1606));
#152=EDGE_LOOP('',(#1607,#1608,#1609,#1610));
#153=EDGE_LOOP('',(#1611,#1612,#1613,#1614));
#154=EDGE_LOOP('',(#1615,#1616,#1617,#1618));
#155=EDGE_LOOP('',(#1619,#1620,#1621,#1622));
#156=EDGE_LOOP('',(#1623,#1624,#1625,#1626));
#157=EDGE_LOOP('',(#1627,#1628,#1629,#1630));
#158=EDGE_LOOP('',(#1631,#1632,#1633,#1634));
#159=EDGE_LOOP('',(#1635,#1636,#1637,#1638));
#160=EDGE_LOOP('',(#1639,#1640,#1641,#1642));
#161=EDGE_LOOP('',(#1643,#1644,#1645,#1646));
#162=EDGE_LOOP('',(#1647,#1648,#1649,#1650));
#163=EDGE_LOOP('',(#1651,#1652,#1653,#1654));
#164=EDGE_LOOP('',(#1655,#1656,#1657,#1658));
#165=EDGE_LOOP('',(#1659,#1660,#1661,#1662));
#166=EDGE_LOOP('',(#1663,#1664,#1665,#1666));
#167=EDGE_LOOP('',(#1667,#1668,#1669,#1670));
#168=EDGE_LOOP('',(#1671,#1672,#1673,#1674));
#169=EDGE_LOOP('',(#1675,#1676,#1677,#1678));
#170=EDGE_LOOP('',(#1679,#1680,#1681,#1682));
#171=EDGE_LOOP('',(#1683,#1684,#1685,#1686));
#172=EDGE_LOOP('',(#1687,#1688,#1689,#1690));
#173=EDGE_LOOP('',(#1691,#1692,#1693,#1694));
#174=EDGE_LOOP('',(#1695,#1696,#1697,#1698));
#175=EDGE_LOOP('',(#1699,#1700,#1701,#1702));
#176=EDGE_LOOP('',(#1703,#1704,#1705,#1706));
#177=EDGE_LOOP('',(#1707,#1708,#1709,#1710));
#178=EDGE_LOOP('',(#1711,#1712,#1713,#1714));
#179=EDGE_LOOP('',(#1715,#1716,#1717,#1718));
#180=EDGE_LOOP('',(#1719,#1720,#1721,#1722));
#181=EDGE_LOOP('',(#1723,#1724,#1725,#1726));
#182=EDGE_LOOP('',(#1727,#1728,#1729,#1730));
#183=EDGE_LOOP('',(#1731,#1732,#1733,#1734));
#184=EDGE_LOOP('',(#1735,#1736,#1737,#1738));
#185=EDGE_LOOP('',(#1739,#1740,#1741,#1742));
#186=EDGE_LOOP('',(#1743,#1744,#1745,#1746));
#187=EDGE_LOOP('',(#1747,#1748,#1749,#1750));
#188=EDGE_LOOP('',(#1751,#1752,#1753,#1754));
#189=EDGE_LOOP('',(#1755,#1756,#1757,#1758));
#190=EDGE_LOOP('',(#1759,#1760,#1761,#1762));
#191=EDGE_LOOP('',(#1763,#1764,#1765,#1766));
#192=EDGE_LOOP('',(#1767,#1768,#1769,#1770));
#193=EDGE_LOOP('',(#1771,#1772,#1773,#1774));
#194=EDGE_LOOP('',(#1775,#1776,#1777,#1778));
#195=EDGE_LOOP('',(#1779,#1780,#1781,#1782));
#196=EDGE_LOOP('',(#1783,#1784,#1785,#1786));
#197=EDGE_LOOP('',(#1787,#1788,#1789,#1790));
#198=EDGE_LOOP('',(#1791,#1792,#1793,#1794));
#199=EDGE_LOOP('',(#1795,#1796,#1797,#1798));
#200=EDGE_LOOP('',(#1799,#1800,#1801,#1802));
#201=EDGE_LOOP('',(#1803,#1804,#1805,#1806));
#202=EDGE_LOOP('',(#1807,#1808,#1809,#1810));
#203=EDGE_LOOP('',(#1811,#1812,#1813,#1814));
#204=EDGE_LOOP('',(#1815,#1816,#1817,#1818));
#205=EDGE_LOOP('',(#1819,#1820,#1821,#1822));
#206=EDGE_LOOP('',(#1823,#1824,#1825,#1826));
#207=EDGE_LOOP('',(#1827,#1828,#1829,#1830));
#208=EDGE_LOOP('',(#1831,#1832,#1833,#1834));
#209=EDGE_LOOP('',(#1835,#1836,#1837,#1838));
#210=EDGE_LOOP('',(#1839,#1840,#1841,#1842));
#211=EDGE_LOOP('',(#1843,#1844,#1845,#1846));
#212=EDGE_LOOP('',(#1847,#1848,#1849,#1850));
#213=EDGE_LOOP('',(#1851,#1852,#1853,#1854));
#214=EDGE_LOOP('',(#1855,#1856,#1857,#1858));
#215=EDGE_LOOP('',(#1859,#1860,#1861,#1862));
#216=EDGE_LOOP('',(#1863,#1864,#1865,#1866));
#217=EDGE_LOOP('',(#1867,#1868,#1869,#1870));
#218=EDGE_LOOP('',(#1871,#1872,#1873,#1874));
#219=EDGE_LOOP('',(#1875,#1876,#1877,#1878));
#220=EDGE_LOOP('',(#1879,#1880,#1881,#1882));
#221=EDGE_LOOP('',(#1883,#1884,#1885,#1886));
#222=EDGE_LOOP('',(#1887,#1888,#1889,#1890));
#223=EDGE_LOOP('',(#1891,#1892,#1893,#1894));
#224=EDGE_LOOP('',(#1895,#1896,#1897,#1898));
#225=EDGE_LOOP('',(#1899,#1900,#1901,#1902));
#226=EDGE_LOOP('',(#1903,#1904,#1905,#1906));
#227=EDGE_LOOP('',(#1907,#1908,#1909,#1910));
#228=EDGE_LOOP('',(#1911,#1912,#1913,#1914));
#229=EDGE_LOOP('',(#1915,#1916,#1917,#1918));
#230=EDGE_LOOP('',(#1919,#1920,#1921,#1922));
#231=EDGE_LOOP('',(#1923,#1924,#1925,#1926));
#232=EDGE_LOOP('',(#1927,#1928,#1929,#1930));
#233=EDGE_LOOP('',(#1931,#1932,#1933,#1934));
#234=EDGE_LOOP('',(#1935,#1936,#1937,#1938));
#235=EDGE_LOOP('',(#1939,#1940,#1941,#1942));
#236=EDGE_LOOP('',(#1943,#1944,#1945,#1946));
#237=EDGE_LOOP('',(#1947,#1948,#1949,#1950));
#238=EDGE_LOOP('',(#1951,#1952,#1953,#1954));
#239=EDGE_LOOP('',(#1955,#1956,#1957,#1958));
#240=EDGE_LOOP('',(#1959,#1960,#1961,#1962));
#241=EDGE_LOOP('',(#1963,#1964,#1965,#1966));
#242=EDGE_LOOP('',(#1967,#1968,#1969,#1970));
#243=EDGE_LOOP('',(#1971,#1972,#1973,#1974));
#244=EDGE_LOOP('',(#1975,#1976,#1977,#1978,#1979,#1980,#1981,#1982,#1983,
#1984,#1985,#1986,#1987,#1988,#1989,#1990,#1991,#1992,#1993,#1994,#1995,
#1996,#1997,#1998,#1999,#2000,#2001,#2002,#2003,#2004,#2005,#2006,#2007,
#2008,#2009,#2010,#2011,#2012,#2013,#2014,#2015,#2016,#2017,#2018,#2019,
#2020,#2021,#2022,#2023,#2024,#2025,#2026,#2027,#2028,#2029,#2030,#2031,
#2032,#2033,#2034,#2035,#2036,#2037,#2038,#2039,#2040,#2041,#2042,#2043,
#2044,#2045,#2046,#2047,#2048,#2049,#2050,#2051,#2052,#2053,#2054,#2055,
#2056,#2057,#2058,#2059,#2060,#2061,#2062,#2063,#2064,#2065,#2066,#2067,
#2068,#2069,#2070,#2071,#2072,#2073,#2074,#2075,#2076,#2077,#2078,#2079,
#2080,#2081,#2082));
#245=EDGE_LOOP('',(#2083,#2084,#2085,#2086,#2087,#2088,#2089,#2090,#2091,
#2092,#2093,#2094,#2095,#2096,#2097,#2098,#2099,#2100,#2101,#2102,#2103,
#2104,#2105,#2106,#2107,#2108,#2109,#2110,#2111,#2112,#2113,#2114,#2115,
#2116,#2117,#2118,#2119,#2120,#2121,#2122,#2123,#2124,#2125,#2126,#2127,
#2128,#2129,#2130,#2131,#2132,#2133,#2134,#2135,#2136,#2137,#2138,#2139,
#2140,#2141,#2142,#2143,#2144,#2145,#2146));
#246=EDGE_LOOP('',(#2147,#2148,#2149,#2150));
#247=LINE('',#3082,#583);
#248=LINE('',#3084,#584);
#249=LINE('',#3086,#585);
#250=LINE('',#3087,#586);
#251=LINE('',#3090,#587);
#252=LINE('',#3092,#588);
#253=LINE('',#3093,#589);
#254=LINE('',#3096,#590);
#255=LINE('',#3098,#591);
#256=LINE('',#3099,#592);
#257=LINE('',#3103,#593);
#258=LINE('',#3105,#594);
#259=LINE('',#3107,#595);
#260=LINE('',#3109,#596);
#261=LINE('',#3111,#597);
#262=LINE('',#3113,#598);
#263=LINE('',#3115,#599);
#264=LINE('',#3117,#600);
#265=LINE('',#3119,#601);
#266=LINE('',#3121,#602);
#267=LINE('',#3123,#603);
#268=LINE('',#3125,#604);
#269=LINE('',#3127,#605);
#270=LINE('',#3129,#606);
#271=LINE('',#3131,#607);
#272=LINE('',#3133,#608);
#273=LINE('',#3135,#609);
#274=LINE('',#3137,#610);
#275=LINE('',#3139,#611);
#276=LINE('',#3141,#612);
#277=LINE('',#3143,#613);
#278=LINE('',#3145,#614);
#279=LINE('',#3147,#615);
#280=LINE('',#3149,#616);
#281=LINE('',#3151,#617);
#282=LINE('',#3153,#618);
#283=LINE('',#3155,#619);
#284=LINE('',#3157,#620);
#285=LINE('',#3159,#621);
#286=LINE('',#3161,#622);
#287=LINE('',#3163,#623);
#288=LINE('',#3165,#624);
#289=LINE('',#3167,#625);
#290=LINE('',#3169,#626);
#291=LINE('',#3171,#627);
#292=LINE('',#3173,#628);
#293=LINE('',#3175,#629);
#294=LINE('',#3177,#630);
#295=LINE('',#3179,#631);
#296=LINE('',#3181,#632);
#297=LINE('',#3183,#633);
#298=LINE('',#3185,#634);
#299=LINE('',#3187,#635);
#300=LINE('',#3189,#636);
#301=LINE('',#3191,#637);
#302=LINE('',#3193,#638);
#303=LINE('',#3195,#639);
#304=LINE('',#3196,#640);
#305=LINE('',#3199,#641);
#306=LINE('',#3201,#642);
#307=LINE('',#3202,#643);
#308=LINE('',#3205,#644);
#309=LINE('',#3206,#645);
#310=LINE('',#3209,#646);
#311=LINE('',#3210,#647);
#312=LINE('',#3212,#648);
#313=LINE('',#3215,#649);
#314=LINE('',#3217,#650);
#315=LINE('',#3218,#651);
#316=LINE('',#3221,#652);
#317=LINE('',#3222,#653);
#318=LINE('',#3225,#654);
#319=LINE('',#3226,#655);
#320=LINE('',#3228,#656);
#321=LINE('',#3231,#657);
#322=LINE('',#3233,#658);
#323=LINE('',#3234,#659);
#324=LINE('',#3237,#660);
#325=LINE('',#3238,#661);
#326=LINE('',#3241,#662);
#327=LINE('',#3242,#663);
#328=LINE('',#3244,#664);
#329=LINE('',#3247,#665);
#330=LINE('',#3249,#666);
#331=LINE('',#3250,#667);
#332=LINE('',#3253,#668);
#333=LINE('',#3254,#669);
#334=LINE('',#3257,#670);
#335=LINE('',#3258,#671);
#336=LINE('',#3260,#672);
#337=LINE('',#3263,#673);
#338=LINE('',#3265,#674);
#339=LINE('',#3266,#675);
#340=LINE('',#3269,#676);
#341=LINE('',#3270,#677);
#342=LINE('',#3273,#678);
#343=LINE('',#3274,#679);
#344=LINE('',#3276,#680);
#345=LINE('',#3279,#681);
#346=LINE('',#3281,#682);
#347=LINE('',#3282,#683);
#348=LINE('',#3285,#684);
#349=LINE('',#3286,#685);
#350=LINE('',#3289,#686);
#351=LINE('',#3290,#687);
#352=LINE('',#3292,#688);
#353=LINE('',#3295,#689);
#354=LINE('',#3297,#690);
#355=LINE('',#3298,#691);
#356=LINE('',#3301,#692);
#357=LINE('',#3302,#693);
#358=LINE('',#3305,#694);
#359=LINE('',#3306,#695);
#360=LINE('',#3308,#696);
#361=LINE('',#3311,#697);
#362=LINE('',#3313,#698);
#363=LINE('',#3314,#699);
#364=LINE('',#3317,#700);
#365=LINE('',#3318,#701);
#366=LINE('',#3321,#702);
#367=LINE('',#3322,#703);
#368=LINE('',#3324,#704);
#369=LINE('',#3327,#705);
#370=LINE('',#3329,#706);
#371=LINE('',#3330,#707);
#372=LINE('',#3333,#708);
#373=LINE('',#3334,#709);
#374=LINE('',#3337,#710);
#375=LINE('',#3338,#711);
#376=LINE('',#3340,#712);
#377=LINE('',#3343,#713);
#378=LINE('',#3345,#714);
#379=LINE('',#3346,#715);
#380=LINE('',#3349,#716);
#381=LINE('',#3350,#717);
#382=LINE('',#3353,#718);
#383=LINE('',#3354,#719);
#384=LINE('',#3356,#720);
#385=LINE('',#3359,#721);
#386=LINE('',#3361,#722);
#387=LINE('',#3362,#723);
#388=LINE('',#3365,#724);
#389=LINE('',#3366,#725);
#390=LINE('',#3369,#726);
#391=LINE('',#3370,#727);
#392=LINE('',#3372,#728);
#393=LINE('',#3374,#729);
#394=LINE('',#3378,#730);
#395=LINE('',#3380,#731);
#396=LINE('',#3382,#732);
#397=LINE('',#3383,#733);
#398=LINE('',#3386,#734);
#399=LINE('',#3388,#735);
#400=LINE('',#3389,#736);
#401=LINE('',#3392,#737);
#402=LINE('',#3394,#738);
#403=LINE('',#3395,#739);
#404=LINE('',#3397,#740);
#405=LINE('',#3401,#741);
#406=LINE('',#3403,#742);
#407=LINE('',#3405,#743);
#408=LINE('',#3406,#744);
#409=LINE('',#3409,#745);
#410=LINE('',#3411,#746);
#411=LINE('',#3412,#747);
#412=LINE('',#3415,#748);
#413=LINE('',#3417,#749);
#414=LINE('',#3418,#750);
#415=LINE('',#3420,#751);
#416=LINE('',#3424,#752);
#417=LINE('',#3426,#753);
#418=LINE('',#3428,#754);
#419=LINE('',#3429,#755);
#420=LINE('',#3432,#756);
#421=LINE('',#3434,#757);
#422=LINE('',#3435,#758);
#423=LINE('',#3438,#759);
#424=LINE('',#3440,#760);
#425=LINE('',#3441,#761);
#426=LINE('',#3443,#762);
#427=LINE('',#3447,#763);
#428=LINE('',#3449,#764);
#429=LINE('',#3451,#765);
#430=LINE('',#3452,#766);
#431=LINE('',#3455,#767);
#432=LINE('',#3457,#768);
#433=LINE('',#3458,#769);
#434=LINE('',#3461,#770);
#435=LINE('',#3463,#771);
#436=LINE('',#3464,#772);
#437=LINE('',#3466,#773);
#438=LINE('',#3470,#774);
#439=LINE('',#3472,#775);
#440=LINE('',#3474,#776);
#441=LINE('',#3475,#777);
#442=LINE('',#3478,#778);
#443=LINE('',#3480,#779);
#444=LINE('',#3481,#780);
#445=LINE('',#3484,#781);
#446=LINE('',#3486,#782);
#447=LINE('',#3487,#783);
#448=LINE('',#3489,#784);
#449=LINE('',#3493,#785);
#450=LINE('',#3495,#786);
#451=LINE('',#3497,#787);
#452=LINE('',#3498,#788);
#453=LINE('',#3501,#789);
#454=LINE('',#3503,#790);
#455=LINE('',#3504,#791);
#456=LINE('',#3507,#792);
#457=LINE('',#3509,#793);
#458=LINE('',#3510,#794);
#459=LINE('',#3512,#795);
#460=LINE('',#3516,#796);
#461=LINE('',#3518,#797);
#462=LINE('',#3520,#798);
#463=LINE('',#3521,#799);
#464=LINE('',#3524,#800);
#465=LINE('',#3526,#801);
#466=LINE('',#3527,#802);
#467=LINE('',#3530,#803);
#468=LINE('',#3532,#804);
#469=LINE('',#3533,#805);
#470=LINE('',#3535,#806);
#471=LINE('',#3539,#807);
#472=LINE('',#3541,#808);
#473=LINE('',#3543,#809);
#474=LINE('',#3544,#810);
#475=LINE('',#3547,#811);
#476=LINE('',#3549,#812);
#477=LINE('',#3550,#813);
#478=LINE('',#3553,#814);
#479=LINE('',#3555,#815);
#480=LINE('',#3556,#816);
#481=LINE('',#3558,#817);
#482=LINE('',#3562,#818);
#483=LINE('',#3564,#819);
#484=LINE('',#3566,#820);
#485=LINE('',#3567,#821);
#486=LINE('',#3570,#822);
#487=LINE('',#3572,#823);
#488=LINE('',#3573,#824);
#489=LINE('',#3576,#825);
#490=LINE('',#3578,#826);
#491=LINE('',#3579,#827);
#492=LINE('',#3581,#828);
#493=LINE('',#3585,#829);
#494=LINE('',#3587,#830);
#495=LINE('',#3589,#831);
#496=LINE('',#3590,#832);
#497=LINE('',#3593,#833);
#498=LINE('',#3595,#834);
#499=LINE('',#3596,#835);
#500=LINE('',#3599,#836);
#501=LINE('',#3601,#837);
#502=LINE('',#3602,#838);
#503=LINE('',#3604,#839);
#504=LINE('',#3608,#840);
#505=LINE('',#3610,#841);
#506=LINE('',#3612,#842);
#507=LINE('',#3613,#843);
#508=LINE('',#3616,#844);
#509=LINE('',#3618,#845);
#510=LINE('',#3619,#846);
#511=LINE('',#3622,#847);
#512=LINE('',#3624,#848);
#513=LINE('',#3625,#849);
#514=LINE('',#3627,#850);
#515=LINE('',#3631,#851);
#516=LINE('',#3633,#852);
#517=LINE('',#3635,#853);
#518=LINE('',#3636,#854);
#519=LINE('',#3639,#855);
#520=LINE('',#3641,#856);
#521=LINE('',#3642,#857);
#522=LINE('',#3645,#858);
#523=LINE('',#3647,#859);
#524=LINE('',#3648,#860);
#525=LINE('',#3650,#861);
#526=LINE('',#3654,#862);
#527=LINE('',#3656,#863);
#528=LINE('',#3658,#864);
#529=LINE('',#3659,#865);
#530=LINE('',#3662,#866);
#531=LINE('',#3664,#867);
#532=LINE('',#3665,#868);
#533=LINE('',#3668,#869);
#534=LINE('',#3670,#870);
#535=LINE('',#3671,#871);
#536=LINE('',#3673,#872);
#537=LINE('',#3677,#873);
#538=LINE('',#3679,#874);
#539=LINE('',#3681,#875);
#540=LINE('',#3682,#876);
#541=LINE('',#3685,#877);
#542=LINE('',#3687,#878);
#543=LINE('',#3688,#879);
#544=LINE('',#3691,#880);
#545=LINE('',#3693,#881);
#546=LINE('',#3694,#882);
#547=LINE('',#3696,#883);
#548=LINE('',#3700,#884);
#549=LINE('',#3702,#885);
#550=LINE('',#3704,#886);
#551=LINE('',#3705,#887);
#552=LINE('',#3708,#888);
#553=LINE('',#3710,#889);
#554=LINE('',#3711,#890);
#555=LINE('',#3714,#891);
#556=LINE('',#3716,#892);
#557=LINE('',#3717,#893);
#558=LINE('',#3719,#894);
#559=LINE('',#3722,#895);
#560=LINE('',#3724,#896);
#561=LINE('',#3725,#897);
#562=LINE('',#3728,#898);
#563=LINE('',#3729,#899);
#564=LINE('',#3730,#900);
#565=LINE('',#3733,#901);
#566=LINE('',#3734,#902);
#567=LINE('',#3736,#903);
#568=LINE('',#3737,#904);
#569=LINE('',#3738,#905);
#570=LINE('',#3739,#906);
#571=LINE('',#3740,#907);
#572=LINE('',#3741,#908);
#573=LINE('',#3742,#909);
#574=LINE('',#3743,#910);
#575=LINE('',#3744,#911);
#576=LINE('',#3745,#912);
#577=LINE('',#3746,#913);
#578=LINE('',#3747,#914);
#579=LINE('',#3748,#915);
#580=LINE('',#3749,#916);
#581=LINE('',#3750,#917);
#582=LINE('',#3751,#918);
#583=VECTOR('',#2514,10.);
#584=VECTOR('',#2515,10.);
#585=VECTOR('',#2516,10.);
#586=VECTOR('',#2517,10.);
#587=VECTOR('',#2520,10.);
#588=VECTOR('',#2521,10.);
#589=VECTOR('',#2522,10.);
#590=VECTOR('',#2525,10.);
#591=VECTOR('',#2526,10.);
#592=VECTOR('',#2527,10.);
#593=VECTOR('',#2530,10.);
#594=VECTOR('',#2531,10.);
#595=VECTOR('',#2532,10.);
#596=VECTOR('',#2533,10.);
#597=VECTOR('',#2534,10.);
#598=VECTOR('',#2535,10.);
#599=VECTOR('',#2536,10.);
#600=VECTOR('',#2537,10.);
#601=VECTOR('',#2538,10.);
#602=VECTOR('',#2539,10.);
#603=VECTOR('',#2540,10.);
#604=VECTOR('',#2541,10.);
#605=VECTOR('',#2542,10.);
#606=VECTOR('',#2543,10.);
#607=VECTOR('',#2544,10.);
#608=VECTOR('',#2545,10.);
#609=VECTOR('',#2546,10.);
#610=VECTOR('',#2547,10.);
#611=VECTOR('',#2548,10.);
#612=VECTOR('',#2549,10.);
#613=VECTOR('',#2550,10.);
#614=VECTOR('',#2551,10.);
#615=VECTOR('',#2552,10.);
#616=VECTOR('',#2553,10.);
#617=VECTOR('',#2554,10.);
#618=VECTOR('',#2555,10.);
#619=VECTOR('',#2556,10.);
#620=VECTOR('',#2557,10.);
#621=VECTOR('',#2558,10.);
#622=VECTOR('',#2559,10.);
#623=VECTOR('',#2560,10.);
#624=VECTOR('',#2561,10.);
#625=VECTOR('',#2562,10.);
#626=VECTOR('',#2563,10.);
#627=VECTOR('',#2564,10.);
#628=VECTOR('',#2565,10.);
#629=VECTOR('',#2566,10.);
#630=VECTOR('',#2567,10.);
#631=VECTOR('',#2568,10.);
#632=VECTOR('',#2569,10.);
#633=VECTOR('',#2570,10.);
#634=VECTOR('',#2571,10.);
#635=VECTOR('',#2572,10.);
#636=VECTOR('',#2573,10.);
#637=VECTOR('',#2574,10.);
#638=VECTOR('',#2575,10.);
#639=VECTOR('',#2576,10.);
#640=VECTOR('',#2577,10.);
#641=VECTOR('',#2580,10.);
#642=VECTOR('',#2581,10.);
#643=VECTOR('',#2582,10.);
#644=VECTOR('',#2585,10.);
#645=VECTOR('',#2586,10.);
#646=VECTOR('',#2589,10.);
#647=VECTOR('',#2590,10.);
#648=VECTOR('',#2593,10.);
#649=VECTOR('',#2596,10.);
#650=VECTOR('',#2597,10.);
#651=VECTOR('',#2598,10.);
#652=VECTOR('',#2601,10.);
#653=VECTOR('',#2602,10.);
#654=VECTOR('',#2605,10.);
#655=VECTOR('',#2606,10.);
#656=VECTOR('',#2609,10.);
#657=VECTOR('',#2612,10.);
#658=VECTOR('',#2613,10.);
#659=VECTOR('',#2614,10.);
#660=VECTOR('',#2617,10.);
#661=VECTOR('',#2618,10.);
#662=VECTOR('',#2621,10.);
#663=VECTOR('',#2622,10.);
#664=VECTOR('',#2625,10.);
#665=VECTOR('',#2628,10.);
#666=VECTOR('',#2629,10.);
#667=VECTOR('',#2630,10.);
#668=VECTOR('',#2633,10.);
#669=VECTOR('',#2634,10.);
#670=VECTOR('',#2637,10.);
#671=VECTOR('',#2638,10.);
#672=VECTOR('',#2641,10.);
#673=VECTOR('',#2644,10.);
#674=VECTOR('',#2645,10.);
#675=VECTOR('',#2646,10.);
#676=VECTOR('',#2649,10.);
#677=VECTOR('',#2650,10.);
#678=VECTOR('',#2653,10.);
#679=VECTOR('',#2654,10.);
#680=VECTOR('',#2657,10.);
#681=VECTOR('',#2660,10.);
#682=VECTOR('',#2661,10.);
#683=VECTOR('',#2662,10.);
#684=VECTOR('',#2665,10.);
#685=VECTOR('',#2666,10.);
#686=VECTOR('',#2669,10.);
#687=VECTOR('',#2670,10.);
#688=VECTOR('',#2673,10.);
#689=VECTOR('',#2676,10.);
#690=VECTOR('',#2677,10.);
#691=VECTOR('',#2678,10.);
#692=VECTOR('',#2681,10.);
#693=VECTOR('',#2682,10.);
#694=VECTOR('',#2685,10.);
#695=VECTOR('',#2686,10.);
#696=VECTOR('',#2689,10.);
#697=VECTOR('',#2692,10.);
#698=VECTOR('',#2693,10.);
#699=VECTOR('',#2694,10.);
#700=VECTOR('',#2697,10.);
#701=VECTOR('',#2698,10.);
#702=VECTOR('',#2701,10.);
#703=VECTOR('',#2702,10.);
#704=VECTOR('',#2705,10.);
#705=VECTOR('',#2708,10.);
#706=VECTOR('',#2709,10.);
#707=VECTOR('',#2710,10.);
#708=VECTOR('',#2713,10.);
#709=VECTOR('',#2714,10.);
#710=VECTOR('',#2717,10.);
#711=VECTOR('',#2718,10.);
#712=VECTOR('',#2721,10.);
#713=VECTOR('',#2724,10.);
#714=VECTOR('',#2725,10.);
#715=VECTOR('',#2726,10.);
#716=VECTOR('',#2729,10.);
#717=VECTOR('',#2730,10.);
#718=VECTOR('',#2733,10.);
#719=VECTOR('',#2734,10.);
#720=VECTOR('',#2737,10.);
#721=VECTOR('',#2740,10.);
#722=VECTOR('',#2741,10.);
#723=VECTOR('',#2742,10.);
#724=VECTOR('',#2745,10.);
#725=VECTOR('',#2746,10.);
#726=VECTOR('',#2749,10.);
#727=VECTOR('',#2750,10.);
#728=VECTOR('',#2753,10.);
#729=VECTOR('',#2756,10.);
#730=VECTOR('',#2759,10.);
#731=VECTOR('',#2760,10.);
#732=VECTOR('',#2761,10.);
#733=VECTOR('',#2762,10.);
#734=VECTOR('',#2765,10.);
#735=VECTOR('',#2766,10.);
#736=VECTOR('',#2767,10.);
#737=VECTOR('',#2770,10.);
#738=VECTOR('',#2771,10.);
#739=VECTOR('',#2772,10.);
#740=VECTOR('',#2775,10.);
#741=VECTOR('',#2778,10.);
#742=VECTOR('',#2779,10.);
#743=VECTOR('',#2780,10.);
#744=VECTOR('',#2781,10.);
#745=VECTOR('',#2784,10.);
#746=VECTOR('',#2785,10.);
#747=VECTOR('',#2786,10.);
#748=VECTOR('',#2789,10.);
#749=VECTOR('',#2790,10.);
#750=VECTOR('',#2791,10.);
#751=VECTOR('',#2794,10.);
#752=VECTOR('',#2797,10.);
#753=VECTOR('',#2798,10.);
#754=VECTOR('',#2799,10.);
#755=VECTOR('',#2800,10.);
#756=VECTOR('',#2803,10.);
#757=VECTOR('',#2804,10.);
#758=VECTOR('',#2805,10.);
#759=VECTOR('',#2808,10.);
#760=VECTOR('',#2809,10.);
#761=VECTOR('',#2810,10.);
#762=VECTOR('',#2813,10.);
#763=VECTOR('',#2816,10.);
#764=VECTOR('',#2817,10.);
#765=VECTOR('',#2818,10.);
#766=VECTOR('',#2819,10.);
#767=VECTOR('',#2822,10.);
#768=VECTOR('',#2823,10.);
#769=VECTOR('',#2824,10.);
#770=VECTOR('',#2827,10.);
#771=VECTOR('',#2828,10.);
#772=VECTOR('',#2829,10.);
#773=VECTOR('',#2832,10.);
#774=VECTOR('',#2835,10.);
#775=VECTOR('',#2836,10.);
#776=VECTOR('',#2837,10.);
#777=VECTOR('',#2838,10.);
#778=VECTOR('',#2841,10.);
#779=VECTOR('',#2842,10.);
#780=VECTOR('',#2843,10.);
#781=VECTOR('',#2846,10.);
#782=VECTOR('',#2847,10.);
#783=VECTOR('',#2848,10.);
#784=VECTOR('',#2851,10.);
#785=VECTOR('',#2854,10.);
#786=VECTOR('',#2855,10.);
#787=VECTOR('',#2856,10.);
#788=VECTOR('',#2857,10.);
#789=VECTOR('',#2860,10.);
#790=VECTOR('',#2861,10.);
#791=VECTOR('',#2862,10.);
#792=VECTOR('',#2865,10.);
#793=VECTOR('',#2866,10.);
#794=VECTOR('',#2867,10.);
#795=VECTOR('',#2870,10.);
#796=VECTOR('',#2873,10.);
#797=VECTOR('',#2874,10.);
#798=VECTOR('',#2875,10.);
#799=VECTOR('',#2876,10.);
#800=VECTOR('',#2879,10.);
#801=VECTOR('',#2880,10.);
#802=VECTOR('',#2881,10.);
#803=VECTOR('',#2884,10.);
#804=VECTOR('',#2885,10.);
#805=VECTOR('',#2886,10.);
#806=VECTOR('',#2889,10.);
#807=VECTOR('',#2892,10.);
#808=VECTOR('',#2893,10.);
#809=VECTOR('',#2894,10.);
#810=VECTOR('',#2895,10.);
#811=VECTOR('',#2898,10.);
#812=VECTOR('',#2899,10.);
#813=VECTOR('',#2900,10.);
#814=VECTOR('',#2903,10.);
#815=VECTOR('',#2904,10.);
#816=VECTOR('',#2905,10.);
#817=VECTOR('',#2908,10.);
#818=VECTOR('',#2911,10.);
#819=VECTOR('',#2912,10.);
#820=VECTOR('',#2913,10.);
#821=VECTOR('',#2914,10.);
#822=VECTOR('',#2917,10.);
#823=VECTOR('',#2918,10.);
#824=VECTOR('',#2919,10.);
#825=VECTOR('',#2922,10.);
#826=VECTOR('',#2923,10.);
#827=VECTOR('',#2924,10.);
#828=VECTOR('',#2927,10.);
#829=VECTOR('',#2930,10.);
#830=VECTOR('',#2931,10.);
#831=VECTOR('',#2932,10.);
#832=VECTOR('',#2933,10.);
#833=VECTOR('',#2936,10.);
#834=VECTOR('',#2937,10.);
#835=VECTOR('',#2938,10.);
#836=VECTOR('',#2941,10.);
#837=VECTOR('',#2942,10.);
#838=VECTOR('',#2943,10.);
#839=VECTOR('',#2946,10.);
#840=VECTOR('',#2949,10.);
#841=VECTOR('',#2950,10.);
#842=VECTOR('',#2951,10.);
#843=VECTOR('',#2952,10.);
#844=VECTOR('',#2955,10.);
#845=VECTOR('',#2956,10.);
#846=VECTOR('',#2957,10.);
#847=VECTOR('',#2960,10.);
#848=VECTOR('',#2961,10.);
#849=VECTOR('',#2962,10.);
#850=VECTOR('',#2965,10.);
#851=VECTOR('',#2968,10.);
#852=VECTOR('',#2969,10.);
#853=VECTOR('',#2970,10.);
#854=VECTOR('',#2971,10.);
#855=VECTOR('',#2974,10.);
#856=VECTOR('',#2975,10.);
#857=VECTOR('',#2976,10.);
#858=VECTOR('',#2979,10.);
#859=VECTOR('',#2980,10.);
#860=VECTOR('',#2981,10.);
#861=VECTOR('',#2984,10.);
#862=VECTOR('',#2987,10.);
#863=VECTOR('',#2988,10.);
#864=VECTOR('',#2989,10.);
#865=VECTOR('',#2990,10.);
#866=VECTOR('',#2993,10.);
#867=VECTOR('',#2994,10.);
#868=VECTOR('',#2995,10.);
#869=VECTOR('',#2998,10.);
#870=VECTOR('',#2999,10.);
#871=VECTOR('',#3000,10.);
#872=VECTOR('',#3003,10.);
#873=VECTOR('',#3006,10.);
#874=VECTOR('',#3007,10.);
#875=VECTOR('',#3008,10.);
#876=VECTOR('',#3009,10.);
#877=VECTOR('',#3012,10.);
#878=VECTOR('',#3013,10.);
#879=VECTOR('',#3014,10.);
#880=VECTOR('',#3017,10.);
#881=VECTOR('',#3018,10.);
#882=VECTOR('',#3019,10.);
#883=VECTOR('',#3022,10.);
#884=VECTOR('',#3025,10.);
#885=VECTOR('',#3026,10.);
#886=VECTOR('',#3027,10.);
#887=VECTOR('',#3028,10.);
#888=VECTOR('',#3031,10.);
#889=VECTOR('',#3032,10.);
#890=VECTOR('',#3033,10.);
#891=VECTOR('',#3036,10.);
#892=VECTOR('',#3037,10.);
#893=VECTOR('',#3038,10.);
#894=VECTOR('',#3041,10.);
#895=VECTOR('',#3044,10.);
#896=VECTOR('',#3045,10.);
#897=VECTOR('',#3046,10.);
#898=VECTOR('',#3049,10.);
#899=VECTOR('',#3050,10.);
#900=VECTOR('',#3051,10.);
#901=VECTOR('',#3054,10.);
#902=VECTOR('',#3055,10.);
#903=VECTOR('',#3058,10.);
#904=VECTOR('',#3059,10.);
#905=VECTOR('',#3060,10.);
#906=VECTOR('',#3061,10.);
#907=VECTOR('',#3062,10.);
#908=VECTOR('',#3063,10.);
#909=VECTOR('',#3064,10.);
#910=VECTOR('',#3065,10.);
#911=VECTOR('',#3066,10.);
#912=VECTOR('',#3067,10.);
#913=VECTOR('',#3068,10.);
#914=VECTOR('',#3069,10.);
#915=VECTOR('',#3070,10.);
#916=VECTOR('',#3071,10.);
#917=VECTOR('',#3072,10.);
#918=VECTOR('',#3073,10.);
#919=VERTEX_POINT('',#3080);
#920=VERTEX_POINT('',#3081);
#921=VERTEX_POINT('',#3083);
#922=VERTEX_POINT('',#3085);
#923=VERTEX_POINT('',#3089);
#924=VERTEX_POINT('',#3091);
#925=VERTEX_POINT('',#3095);
#926=VERTEX_POINT('',#3097);
#927=VERTEX_POINT('',#3101);
#928=VERTEX_POINT('',#3102);
#929=VERTEX_POINT('',#3104);
#930=VERTEX_POINT('',#3106);
#931=VERTEX_POINT('',#3108);
#932=VERTEX_POINT('',#3110);
#933=VERTEX_POINT('',#3112);
#934=VERTEX_POINT('',#3114);
#935=VERTEX_POINT('',#3116);
#936=VERTEX_POINT('',#3118);
#937=VERTEX_POINT('',#3120);
#938=VERTEX_POINT('',#3122);
#939=VERTEX_POINT('',#3124);
#940=VERTEX_POINT('',#3126);
#941=VERTEX_POINT('',#3128);
#942=VERTEX_POINT('',#3130);
#943=VERTEX_POINT('',#3132);
#944=VERTEX_POINT('',#3134);
#945=VERTEX_POINT('',#3136);
#946=VERTEX_POINT('',#3138);
#947=VERTEX_POINT('',#3140);
#948=VERTEX_POINT('',#3142);
#949=VERTEX_POINT('',#3144);
#950=VERTEX_POINT('',#3146);
#951=VERTEX_POINT('',#3148);
#952=VERTEX_POINT('',#3150);
#953=VERTEX_POINT('',#3152);
#954=VERTEX_POINT('',#3154);
#955=VERTEX_POINT('',#3156);
#956=VERTEX_POINT('',#3158);
#957=VERTEX_POINT('',#3160);
#958=VERTEX_POINT('',#3162);
#959=VERTEX_POINT('',#3164);
#960=VERTEX_POINT('',#3166);
#961=VERTEX_POINT('',#3168);
#962=VERTEX_POINT('',#3170);
#963=VERTEX_POINT('',#3172);
#964=VERTEX_POINT('',#3174);
#965=VERTEX_POINT('',#3176);
#966=VERTEX_POINT('',#3178);
#967=VERTEX_POINT('',#3180);
#968=VERTEX_POINT('',#3182);
#969=VERTEX_POINT('',#3184);
#970=VERTEX_POINT('',#3186);
#971=VERTEX_POINT('',#3188);
#972=VERTEX_POINT('',#3190);
#973=VERTEX_POINT('',#3192);
#974=VERTEX_POINT('',#3194);
#975=VERTEX_POINT('',#3198);
#976=VERTEX_POINT('',#3200);
#977=VERTEX_POINT('',#3204);
#978=VERTEX_POINT('',#3208);
#979=VERTEX_POINT('',#3214);
#980=VERTEX_POINT('',#3216);
#981=VERTEX_POINT('',#3220);
#982=VERTEX_POINT('',#3224);
#983=VERTEX_POINT('',#3230);
#984=VERTEX_POINT('',#3232);
#985=VERTEX_POINT('',#3236);
#986=VERTEX_POINT('',#3240);
#987=VERTEX_POINT('',#3246);
#988=VERTEX_POINT('',#3248);
#989=VERTEX_POINT('',#3252);
#990=VERTEX_POINT('',#3256);
#991=VERTEX_POINT('',#3262);
#992=VERTEX_POINT('',#3264);
#993=VERTEX_POINT('',#3268);
#994=VERTEX_POINT('',#3272);
#995=VERTEX_POINT('',#3278);
#996=VERTEX_POINT('',#3280);
#997=VERTEX_POINT('',#3284);
#998=VERTEX_POINT('',#3288);
#999=VERTEX_POINT('',#3294);
#1000=VERTEX_POINT('',#3296);
#1001=VERTEX_POINT('',#3300);
#1002=VERTEX_POINT('',#3304);
#1003=VERTEX_POINT('',#3310);
#1004=VERTEX_POINT('',#3312);
#1005=VERTEX_POINT('',#3316);
#1006=VERTEX_POINT('',#3320);
#1007=VERTEX_POINT('',#3326);
#1008=VERTEX_POINT('',#3328);
#1009=VERTEX_POINT('',#3332);
#1010=VERTEX_POINT('',#3336);
#1011=VERTEX_POINT('',#3342);
#1012=VERTEX_POINT('',#3344);
#1013=VERTEX_POINT('',#3348);
#1014=VERTEX_POINT('',#3352);
#1015=VERTEX_POINT('',#3358);
#1016=VERTEX_POINT('',#3360);
#1017=VERTEX_POINT('',#3364);
#1018=VERTEX_POINT('',#3368);
#1019=VERTEX_POINT('',#3376);
#1020=VERTEX_POINT('',#3377);
#1021=VERTEX_POINT('',#3379);
#1022=VERTEX_POINT('',#3381);
#1023=VERTEX_POINT('',#3385);
#1024=VERTEX_POINT('',#3387);
#1025=VERTEX_POINT('',#3391);
#1026=VERTEX_POINT('',#3393);
#1027=VERTEX_POINT('',#3399);
#1028=VERTEX_POINT('',#3400);
#1029=VERTEX_POINT('',#3402);
#1030=VERTEX_POINT('',#3404);
#1031=VERTEX_POINT('',#3408);
#1032=VERTEX_POINT('',#3410);
#1033=VERTEX_POINT('',#3414);
#1034=VERTEX_POINT('',#3416);
#1035=VERTEX_POINT('',#3422);
#1036=VERTEX_POINT('',#3423);
#1037=VERTEX_POINT('',#3425);
#1038=VERTEX_POINT('',#3427);
#1039=VERTEX_POINT('',#3431);
#1040=VERTEX_POINT('',#3433);
#1041=VERTEX_POINT('',#3437);
#1042=VERTEX_POINT('',#3439);
#1043=VERTEX_POINT('',#3445);
#1044=VERTEX_POINT('',#3446);
#1045=VERTEX_POINT('',#3448);
#1046=VERTEX_POINT('',#3450);
#1047=VERTEX_POINT('',#3454);
#1048=VERTEX_POINT('',#3456);
#1049=VERTEX_POINT('',#3460);
#1050=VERTEX_POINT('',#3462);
#1051=VERTEX_POINT('',#3468);
#1052=VERTEX_POINT('',#3469);
#1053=VERTEX_POINT('',#3471);
#1054=VERTEX_POINT('',#3473);
#1055=VERTEX_POINT('',#3477);
#1056=VERTEX_POINT('',#3479);
#1057=VERTEX_POINT('',#3483);
#1058=VERTEX_POINT('',#3485);
#1059=VERTEX_POINT('',#3491);
#1060=VERTEX_POINT('',#3492);
#1061=VERTEX_POINT('',#3494);
#1062=VERTEX_POINT('',#3496);
#1063=VERTEX_POINT('',#3500);
#1064=VERTEX_POINT('',#3502);
#1065=VERTEX_POINT('',#3506);
#1066=VERTEX_POINT('',#3508);
#1067=VERTEX_POINT('',#3514);
#1068=VERTEX_POINT('',#3515);
#1069=VERTEX_POINT('',#3517);
#1070=VERTEX_POINT('',#3519);
#1071=VERTEX_POINT('',#3523);
#1072=VERTEX_POINT('',#3525);
#1073=VERTEX_POINT('',#3529);
#1074=VERTEX_POINT('',#3531);
#1075=VERTEX_POINT('',#3537);
#1076=VERTEX_POINT('',#3538);
#1077=VERTEX_POINT('',#3540);
#1078=VERTEX_POINT('',#3542);
#1079=VERTEX_POINT('',#3546);
#1080=VERTEX_POINT('',#3548);
#1081=VERTEX_POINT('',#3552);
#1082=VERTEX_POINT('',#3554);
#1083=VERTEX_POINT('',#3560);
#1084=VERTEX_POINT('',#3561);
#1085=VERTEX_POINT('',#3563);
#1086=VERTEX_POINT('',#3565);
#1087=VERTEX_POINT('',#3569);
#1088=VERTEX_POINT('',#3571);
#1089=VERTEX_POINT('',#3575);
#1090=VERTEX_POINT('',#3577);
#1091=VERTEX_POINT('',#3583);
#1092=VERTEX_POINT('',#3584);
#1093=VERTEX_POINT('',#3586);
#1094=VERTEX_POINT('',#3588);
#1095=VERTEX_POINT('',#3592);
#1096=VERTEX_POINT('',#3594);
#1097=VERTEX_POINT('',#3598);
#1098=VERTEX_POINT('',#3600);
#1099=VERTEX_POINT('',#3606);
#1100=VERTEX_POINT('',#3607);
#1101=VERTEX_POINT('',#3609);
#1102=VERTEX_POINT('',#3611);
#1103=VERTEX_POINT('',#3615);
#1104=VERTEX_POINT('',#3617);
#1105=VERTEX_POINT('',#3621);
#1106=VERTEX_POINT('',#3623);
#1107=VERTEX_POINT('',#3629);
#1108=VERTEX_POINT('',#3630);
#1109=VERTEX_POINT('',#3632);
#1110=VERTEX_POINT('',#3634);
#1111=VERTEX_POINT('',#3638);
#1112=VERTEX_POINT('',#3640);
#1113=VERTEX_POINT('',#3644);
#1114=VERTEX_POINT('',#3646);
#1115=VERTEX_POINT('',#3652);
#1116=VERTEX_POINT('',#3653);
#1117=VERTEX_POINT('',#3655);
#1118=VERTEX_POINT('',#3657);
#1119=VERTEX_POINT('',#3661);
#1120=VERTEX_POINT('',#3663);
#1121=VERTEX_POINT('',#3667);
#1122=VERTEX_POINT('',#3669);
#1123=VERTEX_POINT('',#3675);
#1124=VERTEX_POINT('',#3676);
#1125=VERTEX_POINT('',#3678);
#1126=VERTEX_POINT('',#3680);
#1127=VERTEX_POINT('',#3684);
#1128=VERTEX_POINT('',#3686);
#1129=VERTEX_POINT('',#3690);
#1130=VERTEX_POINT('',#3692);
#1131=VERTEX_POINT('',#3698);
#1132=VERTEX_POINT('',#3699);
#1133=VERTEX_POINT('',#3701);
#1134=VERTEX_POINT('',#3703);
#1135=VERTEX_POINT('',#3707);
#1136=VERTEX_POINT('',#3709);
#1137=VERTEX_POINT('',#3713);
#1138=VERTEX_POINT('',#3715);
#1139=VERTEX_POINT('',#3721);
#1140=VERTEX_POINT('',#3723);
#1141=VERTEX_POINT('',#3727);
#1142=VERTEX_POINT('',#3732);
#1143=EDGE_CURVE('',#919,#920,#247,.T.);
#1144=EDGE_CURVE('',#921,#919,#248,.T.);
#1145=EDGE_CURVE('',#921,#922,#249,.T.);
#1146=EDGE_CURVE('',#920,#922,#250,.T.);
#1147=EDGE_CURVE('',#923,#920,#251,.T.);
#1148=EDGE_CURVE('',#923,#924,#252,.T.);
#1149=EDGE_CURVE('',#919,#924,#253,.T.);
#1150=EDGE_CURVE('',#925,#923,#254,.T.);
#1151=EDGE_CURVE('',#925,#926,#255,.T.);
#1152=EDGE_CURVE('',#924,#926,#256,.T.);
#1153=EDGE_CURVE('',#927,#928,#257,.T.);
#1154=EDGE_CURVE('',#928,#929,#258,.T.);
#1155=EDGE_CURVE('',#929,#930,#259,.T.);
#1156=EDGE_CURVE('',#930,#931,#260,.T.);
#1157=EDGE_CURVE('',#931,#932,#261,.T.);
#1158=EDGE_CURVE('',#932,#933,#262,.T.);
#1159=EDGE_CURVE('',#933,#934,#263,.T.);
#1160=EDGE_CURVE('',#934,#935,#264,.T.);
#1161=EDGE_CURVE('',#935,#936,#265,.T.);
#1162=EDGE_CURVE('',#936,#937,#266,.T.);
#1163=EDGE_CURVE('',#937,#938,#267,.T.);
#1164=EDGE_CURVE('',#938,#939,#268,.T.);
#1165=EDGE_CURVE('',#939,#940,#269,.T.);
#1166=EDGE_CURVE('',#940,#941,#270,.T.);
#1167=EDGE_CURVE('',#941,#942,#271,.T.);
#1168=EDGE_CURVE('',#942,#943,#272,.T.);
#1169=EDGE_CURVE('',#943,#944,#273,.T.);
#1170=EDGE_CURVE('',#944,#945,#274,.T.);
#1171=EDGE_CURVE('',#945,#946,#275,.T.);
#1172=EDGE_CURVE('',#946,#947,#276,.T.);
#1173=EDGE_CURVE('',#947,#948,#277,.T.);
#1174=EDGE_CURVE('',#948,#949,#278,.T.);
#1175=EDGE_CURVE('',#949,#950,#279,.T.);
#1176=EDGE_CURVE('',#950,#951,#280,.T.);
#1177=EDGE_CURVE('',#951,#952,#281,.T.);
#1178=EDGE_CURVE('',#952,#953,#282,.T.);
#1179=EDGE_CURVE('',#953,#954,#283,.T.);
#1180=EDGE_CURVE('',#954,#955,#284,.T.);
#1181=EDGE_CURVE('',#955,#956,#285,.T.);
#1182=EDGE_CURVE('',#956,#957,#286,.T.);
#1183=EDGE_CURVE('',#957,#958,#287,.T.);
#1184=EDGE_CURVE('',#958,#959,#288,.T.);
#1185=EDGE_CURVE('',#959,#960,#289,.T.);
#1186=EDGE_CURVE('',#960,#961,#290,.T.);
#1187=EDGE_CURVE('',#961,#962,#291,.T.);
#1188=EDGE_CURVE('',#962,#963,#292,.T.);
#1189=EDGE_CURVE('',#963,#964,#293,.T.);
#1190=EDGE_CURVE('',#964,#965,#294,.T.);
#1191=EDGE_CURVE('',#965,#966,#295,.T.);
#1192=EDGE_CURVE('',#966,#967,#296,.T.);
#1193=EDGE_CURVE('',#967,#968,#297,.T.);
#1194=EDGE_CURVE('',#968,#969,#298,.T.);
#1195=EDGE_CURVE('',#969,#970,#299,.T.);
#1196=EDGE_CURVE('',#970,#971,#300,.T.);
#1197=EDGE_CURVE('',#971,#972,#301,.T.);
#1198=EDGE_CURVE('',#972,#973,#302,.T.);
#1199=EDGE_CURVE('',#973,#974,#303,.T.);
#1200=EDGE_CURVE('',#974,#927,#304,.T.);
#1201=EDGE_CURVE('',#960,#975,#305,.T.);
#1202=EDGE_CURVE('',#976,#975,#306,.T.);
#1203=EDGE_CURVE('',#961,#976,#307,.T.);
#1204=EDGE_CURVE('',#977,#976,#308,.T.);
#1205=EDGE_CURVE('',#962,#977,#309,.T.);
#1206=EDGE_CURVE('',#978,#977,#310,.T.);
#1207=EDGE_CURVE('',#963,#978,#311,.T.);
#1208=EDGE_CURVE('',#975,#978,#312,.T.);
#1209=EDGE_CURVE('',#944,#979,#313,.T.);
#1210=EDGE_CURVE('',#980,#979,#314,.T.);
#1211=EDGE_CURVE('',#945,#980,#315,.T.);
#1212=EDGE_CURVE('',#981,#980,#316,.T.);
#1213=EDGE_CURVE('',#946,#981,#317,.T.);
#1214=EDGE_CURVE('',#982,#981,#318,.T.);
#1215=EDGE_CURVE('',#947,#982,#319,.T.);
#1216=EDGE_CURVE('',#979,#982,#320,.T.);
#1217=EDGE_CURVE('',#940,#983,#321,.T.);
#1218=EDGE_CURVE('',#984,#983,#322,.T.);
#1219=EDGE_CURVE('',#941,#984,#323,.T.);
#1220=EDGE_CURVE('',#985,#984,#324,.T.);
#1221=EDGE_CURVE('',#942,#985,#325,.T.);
#1222=EDGE_CURVE('',#986,#985,#326,.T.);
#1223=EDGE_CURVE('',#943,#986,#327,.T.);
#1224=EDGE_CURVE('',#983,#986,#328,.T.);
#1225=EDGE_CURVE('',#956,#987,#329,.T.);
#1226=EDGE_CURVE('',#988,#987,#330,.T.);
#1227=EDGE_CURVE('',#957,#988,#331,.T.);
#1228=EDGE_CURVE('',#989,#988,#332,.T.);
#1229=EDGE_CURVE('',#958,#989,#333,.T.);
#1230=EDGE_CURVE('',#990,#989,#334,.T.);
#1231=EDGE_CURVE('',#959,#990,#335,.T.);
#1232=EDGE_CURVE('',#987,#990,#336,.T.);
#1233=EDGE_CURVE('',#972,#991,#337,.T.);
#1234=EDGE_CURVE('',#992,#991,#338,.T.);
#1235=EDGE_CURVE('',#973,#992,#339,.T.);
#1236=EDGE_CURVE('',#993,#992,#340,.T.);
#1237=EDGE_CURVE('',#974,#993,#341,.T.);
#1238=EDGE_CURVE('',#994,#993,#342,.T.);
#1239=EDGE_CURVE('',#927,#994,#343,.T.);
#1240=EDGE_CURVE('',#991,#994,#344,.T.);
#1241=EDGE_CURVE('',#964,#995,#345,.T.);
#1242=EDGE_CURVE('',#996,#995,#346,.T.);
#1243=EDGE_CURVE('',#965,#996,#347,.T.);
#1244=EDGE_CURVE('',#997,#996,#348,.T.);
#1245=EDGE_CURVE('',#966,#997,#349,.T.);
#1246=EDGE_CURVE('',#998,#997,#350,.T.);
#1247=EDGE_CURVE('',#967,#998,#351,.T.);
#1248=EDGE_CURVE('',#995,#998,#352,.T.);
#1249=EDGE_CURVE('',#948,#999,#353,.T.);
#1250=EDGE_CURVE('',#1000,#999,#354,.T.);
#1251=EDGE_CURVE('',#949,#1000,#355,.T.);
#1252=EDGE_CURVE('',#1001,#1000,#356,.T.);
#1253=EDGE_CURVE('',#950,#1001,#357,.T.);
#1254=EDGE_CURVE('',#1002,#1001,#358,.T.);
#1255=EDGE_CURVE('',#951,#1002,#359,.T.);
#1256=EDGE_CURVE('',#999,#1002,#360,.T.);
#1257=EDGE_CURVE('',#932,#1003,#361,.T.);
#1258=EDGE_CURVE('',#1004,#1003,#362,.T.);
#1259=EDGE_CURVE('',#933,#1004,#363,.T.);
#1260=EDGE_CURVE('',#1005,#1004,#364,.T.);
#1261=EDGE_CURVE('',#934,#1005,#365,.T.);
#1262=EDGE_CURVE('',#1006,#1005,#366,.T.);
#1263=EDGE_CURVE('',#935,#1006,#367,.T.);
#1264=EDGE_CURVE('',#1003,#1006,#368,.T.);
#1265=EDGE_CURVE('',#936,#1007,#369,.T.);
#1266=EDGE_CURVE('',#1008,#1007,#370,.T.);
#1267=EDGE_CURVE('',#937,#1008,#371,.T.);
#1268=EDGE_CURVE('',#1009,#1008,#372,.T.);
#1269=EDGE_CURVE('',#938,#1009,#373,.T.);
#1270=EDGE_CURVE('',#1010,#1009,#374,.T.);
#1271=EDGE_CURVE('',#939,#1010,#375,.T.);
#1272=EDGE_CURVE('',#1007,#1010,#376,.T.);
#1273=EDGE_CURVE('',#952,#1011,#377,.T.);
#1274=EDGE_CURVE('',#1012,#1011,#378,.T.);
#1275=EDGE_CURVE('',#953,#1012,#379,.T.);
#1276=EDGE_CURVE('',#1013,#1012,#380,.T.);
#1277=EDGE_CURVE('',#954,#1013,#381,.T.);
#1278=EDGE_CURVE('',#1014,#1013,#382,.T.);
#1279=EDGE_CURVE('',#955,#1014,#383,.T.);
#1280=EDGE_CURVE('',#1011,#1014,#384,.T.);
#1281=EDGE_CURVE('',#968,#1015,#385,.T.);
#1282=EDGE_CURVE('',#1016,#1015,#386,.T.);
#1283=EDGE_CURVE('',#969,#1016,#387,.T.);
#1284=EDGE_CURVE('',#1017,#1016,#388,.T.);
#1285=EDGE_CURVE('',#970,#1017,#389,.T.);
#1286=EDGE_CURVE('',#1018,#1017,#390,.T.);
#1287=EDGE_CURVE('',#971,#1018,#391,.T.);
#1288=EDGE_CURVE('',#1015,#1018,#392,.T.);
#1289=EDGE_CURVE('',#922,#925,#393,.T.);
#1290=EDGE_CURVE('',#1019,#1020,#394,.T.);
#1291=EDGE_CURVE('',#1019,#1021,#395,.T.);
#1292=EDGE_CURVE('',#1022,#1021,#396,.T.);
#1293=EDGE_CURVE('',#1020,#1022,#397,.T.);
#1294=EDGE_CURVE('',#1023,#1019,#398,.T.);
#1295=EDGE_CURVE('',#1023,#1024,#399,.T.);
#1296=EDGE_CURVE('',#1021,#1024,#400,.T.);
#1297=EDGE_CURVE('',#1025,#1023,#401,.T.);
#1298=EDGE_CURVE('',#1025,#1026,#402,.T.);
#1299=EDGE_CURVE('',#1024,#1026,#403,.T.);
#1300=EDGE_CURVE('',#1026,#1022,#404,.T.);
#1301=EDGE_CURVE('',#1027,#1028,#405,.T.);
#1302=EDGE_CURVE('',#1027,#1029,#406,.T.);
#1303=EDGE_CURVE('',#1030,#1029,#407,.T.);
#1304=EDGE_CURVE('',#1028,#1030,#408,.T.);
#1305=EDGE_CURVE('',#1031,#1027,#409,.T.);
#1306=EDGE_CURVE('',#1031,#1032,#410,.T.);
#1307=EDGE_CURVE('',#1029,#1032,#411,.T.);
#1308=EDGE_CURVE('',#1033,#1031,#412,.T.);
#1309=EDGE_CURVE('',#1033,#1034,#413,.T.);
#1310=EDGE_CURVE('',#1032,#1034,#414,.T.);
#1311=EDGE_CURVE('',#1034,#1030,#415,.T.);
#1312=EDGE_CURVE('',#1035,#1036,#416,.T.);
#1313=EDGE_CURVE('',#1035,#1037,#417,.T.);
#1314=EDGE_CURVE('',#1038,#1037,#418,.T.);
#1315=EDGE_CURVE('',#1036,#1038,#419,.T.);
#1316=EDGE_CURVE('',#1039,#1035,#420,.T.);
#1317=EDGE_CURVE('',#1039,#1040,#421,.T.);
#1318=EDGE_CURVE('',#1037,#1040,#422,.T.);
#1319=EDGE_CURVE('',#1041,#1039,#423,.T.);
#1320=EDGE_CURVE('',#1041,#1042,#424,.T.);
#1321=EDGE_CURVE('',#1040,#1042,#425,.T.);
#1322=EDGE_CURVE('',#1042,#1038,#426,.T.);
#1323=EDGE_CURVE('',#1043,#1044,#427,.T.);
#1324=EDGE_CURVE('',#1043,#1045,#428,.T.);
#1325=EDGE_CURVE('',#1046,#1045,#429,.T.);
#1326=EDGE_CURVE('',#1044,#1046,#430,.T.);
#1327=EDGE_CURVE('',#1047,#1043,#431,.T.);
#1328=EDGE_CURVE('',#1047,#1048,#432,.T.);
#1329=EDGE_CURVE('',#1045,#1048,#433,.T.);
#1330=EDGE_CURVE('',#1049,#1047,#434,.T.);
#1331=EDGE_CURVE('',#1049,#1050,#435,.T.);
#1332=EDGE_CURVE('',#1048,#1050,#436,.T.);
#1333=EDGE_CURVE('',#1050,#1046,#437,.T.);
#1334=EDGE_CURVE('',#1051,#1052,#438,.T.);
#1335=EDGE_CURVE('',#1051,#1053,#439,.T.);
#1336=EDGE_CURVE('',#1054,#1053,#440,.T.);
#1337=EDGE_CURVE('',#1052,#1054,#441,.T.);
#1338=EDGE_CURVE('',#1055,#1051,#442,.T.);
#1339=EDGE_CURVE('',#1055,#1056,#443,.T.);
#1340=EDGE_CURVE('',#1053,#1056,#444,.T.);
#1341=EDGE_CURVE('',#1057,#1055,#445,.T.);
#1342=EDGE_CURVE('',#1057,#1058,#446,.T.);
#1343=EDGE_CURVE('',#1056,#1058,#447,.T.);
#1344=EDGE_CURVE('',#1058,#1054,#448,.T.);
#1345=EDGE_CURVE('',#1059,#1060,#449,.T.);
#1346=EDGE_CURVE('',#1059,#1061,#450,.T.);
#1347=EDGE_CURVE('',#1062,#1061,#451,.T.);
#1348=EDGE_CURVE('',#1060,#1062,#452,.T.);
#1349=EDGE_CURVE('',#1063,#1059,#453,.T.);
#1350=EDGE_CURVE('',#1063,#1064,#454,.T.);
#1351=EDGE_CURVE('',#1061,#1064,#455,.T.);
#1352=EDGE_CURVE('',#1065,#1063,#456,.T.);
#1353=EDGE_CURVE('',#1065,#1066,#457,.T.);
#1354=EDGE_CURVE('',#1064,#1066,#458,.T.);
#1355=EDGE_CURVE('',#1066,#1062,#459,.T.);
#1356=EDGE_CURVE('',#1067,#1068,#460,.T.);
#1357=EDGE_CURVE('',#1067,#1069,#461,.T.);
#1358=EDGE_CURVE('',#1070,#1069,#462,.T.);
#1359=EDGE_CURVE('',#1068,#1070,#463,.T.);
#1360=EDGE_CURVE('',#1071,#1067,#464,.T.);
#1361=EDGE_CURVE('',#1071,#1072,#465,.T.);
#1362=EDGE_CURVE('',#1069,#1072,#466,.T.);
#1363=EDGE_CURVE('',#1073,#1071,#467,.T.);
#1364=EDGE_CURVE('',#1073,#1074,#468,.T.);
#1365=EDGE_CURVE('',#1072,#1074,#469,.T.);
#1366=EDGE_CURVE('',#1074,#1070,#470,.T.);
#1367=EDGE_CURVE('',#1075,#1076,#471,.T.);
#1368=EDGE_CURVE('',#1075,#1077,#472,.T.);
#1369=EDGE_CURVE('',#1078,#1077,#473,.T.);
#1370=EDGE_CURVE('',#1076,#1078,#474,.T.);
#1371=EDGE_CURVE('',#1079,#1075,#475,.T.);
#1372=EDGE_CURVE('',#1079,#1080,#476,.T.);
#1373=EDGE_CURVE('',#1077,#1080,#477,.T.);
#1374=EDGE_CURVE('',#1081,#1079,#478,.T.);
#1375=EDGE_CURVE('',#1081,#1082,#479,.T.);
#1376=EDGE_CURVE('',#1080,#1082,#480,.T.);
#1377=EDGE_CURVE('',#1082,#1078,#481,.T.);
#1378=EDGE_CURVE('',#1083,#1084,#482,.T.);
#1379=EDGE_CURVE('',#1083,#1085,#483,.T.);
#1380=EDGE_CURVE('',#1086,#1085,#484,.T.);
#1381=EDGE_CURVE('',#1084,#1086,#485,.T.);
#1382=EDGE_CURVE('',#1087,#1083,#486,.T.);
#1383=EDGE_CURVE('',#1087,#1088,#487,.T.);
#1384=EDGE_CURVE('',#1085,#1088,#488,.T.);
#1385=EDGE_CURVE('',#1089,#1087,#489,.T.);
#1386=EDGE_CURVE('',#1089,#1090,#490,.T.);
#1387=EDGE_CURVE('',#1088,#1090,#491,.T.);
#1388=EDGE_CURVE('',#1090,#1086,#492,.T.);
#1389=EDGE_CURVE('',#1091,#1092,#493,.T.);
#1390=EDGE_CURVE('',#1091,#1093,#494,.T.);
#1391=EDGE_CURVE('',#1094,#1093,#495,.T.);
#1392=EDGE_CURVE('',#1092,#1094,#496,.T.);
#1393=EDGE_CURVE('',#1095,#1091,#497,.T.);
#1394=EDGE_CURVE('',#1095,#1096,#498,.T.);
#1395=EDGE_CURVE('',#1093,#1096,#499,.T.);
#1396=EDGE_CURVE('',#1097,#1095,#500,.T.);
#1397=EDGE_CURVE('',#1097,#1098,#501,.T.);
#1398=EDGE_CURVE('',#1096,#1098,#502,.T.);
#1399=EDGE_CURVE('',#1098,#1094,#503,.T.);
#1400=EDGE_CURVE('',#1099,#1100,#504,.T.);
#1401=EDGE_CURVE('',#1099,#1101,#505,.T.);
#1402=EDGE_CURVE('',#1102,#1101,#506,.T.);
#1403=EDGE_CURVE('',#1100,#1102,#507,.T.);
#1404=EDGE_CURVE('',#1103,#1099,#508,.T.);
#1405=EDGE_CURVE('',#1103,#1104,#509,.T.);
#1406=EDGE_CURVE('',#1101,#1104,#510,.T.);
#1407=EDGE_CURVE('',#1105,#1103,#511,.T.);
#1408=EDGE_CURVE('',#1105,#1106,#512,.T.);
#1409=EDGE_CURVE('',#1104,#1106,#513,.T.);
#1410=EDGE_CURVE('',#1106,#1102,#514,.T.);
#1411=EDGE_CURVE('',#1107,#1108,#515,.T.);
#1412=EDGE_CURVE('',#1107,#1109,#516,.T.);
#1413=EDGE_CURVE('',#1110,#1109,#517,.T.);
#1414=EDGE_CURVE('',#1108,#1110,#518,.T.);
#1415=EDGE_CURVE('',#1111,#1107,#519,.T.);
#1416=EDGE_CURVE('',#1111,#1112,#520,.T.);
#1417=EDGE_CURVE('',#1109,#1112,#521,.T.);
#1418=EDGE_CURVE('',#1113,#1111,#522,.T.);
#1419=EDGE_CURVE('',#1113,#1114,#523,.T.);
#1420=EDGE_CURVE('',#1112,#1114,#524,.T.);
#1421=EDGE_CURVE('',#1114,#1110,#525,.T.);
#1422=EDGE_CURVE('',#1115,#1116,#526,.T.);
#1423=EDGE_CURVE('',#1115,#1117,#527,.T.);
#1424=EDGE_CURVE('',#1118,#1117,#528,.T.);
#1425=EDGE_CURVE('',#1116,#1118,#529,.T.);
#1426=EDGE_CURVE('',#1119,#1115,#530,.T.);
#1427=EDGE_CURVE('',#1119,#1120,#531,.T.);
#1428=EDGE_CURVE('',#1117,#1120,#532,.T.);
#1429=EDGE_CURVE('',#1121,#1119,#533,.T.);
#1430=EDGE_CURVE('',#1121,#1122,#534,.T.);
#1431=EDGE_CURVE('',#1120,#1122,#535,.T.);
#1432=EDGE_CURVE('',#1122,#1118,#536,.T.);
#1433=EDGE_CURVE('',#1123,#1124,#537,.T.);
#1434=EDGE_CURVE('',#1123,#1125,#538,.T.);
#1435=EDGE_CURVE('',#1126,#1125,#539,.T.);
#1436=EDGE_CURVE('',#1124,#1126,#540,.T.);
#1437=EDGE_CURVE('',#1127,#1123,#541,.T.);
#1438=EDGE_CURVE('',#1127,#1128,#542,.T.);
#1439=EDGE_CURVE('',#1125,#1128,#543,.T.);
#1440=EDGE_CURVE('',#1129,#1127,#544,.T.);
#1441=EDGE_CURVE('',#1129,#1130,#545,.T.);
#1442=EDGE_CURVE('',#1128,#1130,#546,.T.);
#1443=EDGE_CURVE('',#1130,#1126,#547,.T.);
#1444=EDGE_CURVE('',#1131,#1132,#548,.T.);
#1445=EDGE_CURVE('',#1131,#1133,#549,.T.);
#1446=EDGE_CURVE('',#1134,#1133,#550,.T.);
#1447=EDGE_CURVE('',#1132,#1134,#551,.T.);
#1448=EDGE_CURVE('',#1135,#1131,#552,.T.);
#1449=EDGE_CURVE('',#1135,#1136,#553,.T.);
#1450=EDGE_CURVE('',#1133,#1136,#554,.T.);
#1451=EDGE_CURVE('',#1137,#1135,#555,.T.);
#1452=EDGE_CURVE('',#1137,#1138,#556,.T.);
#1453=EDGE_CURVE('',#1136,#1138,#557,.T.);
#1454=EDGE_CURVE('',#1138,#1134,#558,.T.);
#1455=EDGE_CURVE('',#928,#1139,#559,.T.);
#1456=EDGE_CURVE('',#1140,#1139,#560,.T.);
#1457=EDGE_CURVE('',#929,#1140,#561,.T.);
#1458=EDGE_CURVE('',#930,#1141,#562,.T.);
#1459=EDGE_CURVE('',#1141,#1140,#563,.T.);
#1460=EDGE_CURVE('',#926,#921,#564,.T.);
#1461=EDGE_CURVE('',#1142,#1141,#565,.T.);
#1462=EDGE_CURVE('',#931,#1142,#566,.T.);
#1463=EDGE_CURVE('',#1124,#1142,#567,.T.);
#1464=EDGE_CURVE('',#1084,#1129,#568,.T.);
#1465=EDGE_CURVE('',#1052,#1089,#569,.T.);
#1466=EDGE_CURVE('',#1044,#1057,#570,.T.);
#1467=EDGE_CURVE('',#1028,#1049,#571,.T.);
#1468=EDGE_CURVE('',#1068,#1033,#572,.T.);
#1469=EDGE_CURVE('',#1060,#1073,#573,.T.);
#1470=EDGE_CURVE('',#1020,#1065,#574,.T.);
#1471=EDGE_CURVE('',#1116,#1025,#575,.T.);
#1472=EDGE_CURVE('',#1100,#1121,#576,.T.);
#1473=EDGE_CURVE('',#1108,#1105,#577,.T.);
#1474=EDGE_CURVE('',#1132,#1113,#578,.T.);
#1475=EDGE_CURVE('',#1092,#1137,#579,.T.);
#1476=EDGE_CURVE('',#1076,#1097,#580,.T.);
#1477=EDGE_CURVE('',#1036,#1081,#581,.T.);
#1478=EDGE_CURVE('',#1139,#1041,#582,.T.);
#1479=ORIENTED_EDGE('',*,*,#1143,.F.);
#1480=ORIENTED_EDGE('',*,*,#1144,.F.);
#1481=ORIENTED_EDGE('',*,*,#1145,.T.);
#1482=ORIENTED_EDGE('',*,*,#1146,.F.);
#1483=ORIENTED_EDGE('',*,*,#1143,.T.);
#1484=ORIENTED_EDGE('',*,*,#1147,.F.);
#1485=ORIENTED_EDGE('',*,*,#1148,.T.);
#1486=ORIENTED_EDGE('',*,*,#1149,.F.);
#1487=ORIENTED_EDGE('',*,*,#1148,.F.);
#1488=ORIENTED_EDGE('',*,*,#1150,.F.);
#1489=ORIENTED_EDGE('',*,*,#1151,.T.);
#1490=ORIENTED_EDGE('',*,*,#1152,.F.);
#1491=ORIENTED_EDGE('',*,*,#1153,.T.);
#1492=ORIENTED_EDGE('',*,*,#1154,.T.);
#1493=ORIENTED_EDGE('',*,*,#1155,.T.);
#1494=ORIENTED_EDGE('',*,*,#1156,.T.);
#1495=ORIENTED_EDGE('',*,*,#1157,.T.);
#1496=ORIENTED_EDGE('',*,*,#1158,.T.);
#1497=ORIENTED_EDGE('',*,*,#1159,.T.);
#1498=ORIENTED_EDGE('',*,*,#1160,.T.);
#1499=ORIENTED_EDGE('',*,*,#1161,.T.);
#1500=ORIENTED_EDGE('',*,*,#1162,.T.);
#1501=ORIENTED_EDGE('',*,*,#1163,.T.);
#1502=ORIENTED_EDGE('',*,*,#1164,.T.);
#1503=ORIENTED_EDGE('',*,*,#1165,.T.);
#1504=ORIENTED_EDGE('',*,*,#1166,.T.);
#1505=ORIENTED_EDGE('',*,*,#1167,.T.);
#1506=ORIENTED_EDGE('',*,*,#1168,.T.);
#1507=ORIENTED_EDGE('',*,*,#1169,.T.);
#1508=ORIENTED_EDGE('',*,*,#1170,.T.);
#1509=ORIENTED_EDGE('',*,*,#1171,.T.);
#1510=ORIENTED_EDGE('',*,*,#1172,.T.);
#1511=ORIENTED_EDGE('',*,*,#1173,.T.);
#1512=ORIENTED_EDGE('',*,*,#1174,.T.);
#1513=ORIENTED_EDGE('',*,*,#1175,.T.);
#1514=ORIENTED_EDGE('',*,*,#1176,.T.);
#1515=ORIENTED_EDGE('',*,*,#1177,.T.);
#1516=ORIENTED_EDGE('',*,*,#1178,.T.);
#1517=ORIENTED_EDGE('',*,*,#1179,.T.);
#1518=ORIENTED_EDGE('',*,*,#1180,.T.);
#1519=ORIENTED_EDGE('',*,*,#1181,.T.);
#1520=ORIENTED_EDGE('',*,*,#1182,.T.);
#1521=ORIENTED_EDGE('',*,*,#1183,.T.);
#1522=ORIENTED_EDGE('',*,*,#1184,.T.);
#1523=ORIENTED_EDGE('',*,*,#1185,.T.);
#1524=ORIENTED_EDGE('',*,*,#1186,.T.);
#1525=ORIENTED_EDGE('',*,*,#1187,.T.);
#1526=ORIENTED_EDGE('',*,*,#1188,.T.);
#1527=ORIENTED_EDGE('',*,*,#1189,.T.);
#1528=ORIENTED_EDGE('',*,*,#1190,.T.);
#1529=ORIENTED_EDGE('',*,*,#1191,.T.);
#1530=ORIENTED_EDGE('',*,*,#1192,.T.);
#1531=ORIENTED_EDGE('',*,*,#1193,.T.);
#1532=ORIENTED_EDGE('',*,*,#1194,.T.);
#1533=ORIENTED_EDGE('',*,*,#1195,.T.);
#1534=ORIENTED_EDGE('',*,*,#1196,.T.);
#1535=ORIENTED_EDGE('',*,*,#1197,.T.);
#1536=ORIENTED_EDGE('',*,*,#1198,.T.);
#1537=ORIENTED_EDGE('',*,*,#1199,.T.);
#1538=ORIENTED_EDGE('',*,*,#1200,.T.);
#1539=ORIENTED_EDGE('',*,*,#1186,.F.);
#1540=ORIENTED_EDGE('',*,*,#1201,.T.);
#1541=ORIENTED_EDGE('',*,*,#1202,.F.);
#1542=ORIENTED_EDGE('',*,*,#1203,.F.);
#1543=ORIENTED_EDGE('',*,*,#1187,.F.);
#1544=ORIENTED_EDGE('',*,*,#1203,.T.);
#1545=ORIENTED_EDGE('',*,*,#1204,.F.);
#1546=ORIENTED_EDGE('',*,*,#1205,.F.);
#1547=ORIENTED_EDGE('',*,*,#1188,.F.);
#1548=ORIENTED_EDGE('',*,*,#1205,.T.);
#1549=ORIENTED_EDGE('',*,*,#1206,.F.);
#1550=ORIENTED_EDGE('',*,*,#1207,.F.);
#1551=ORIENTED_EDGE('',*,*,#1208,.T.);
#1552=ORIENTED_EDGE('',*,*,#1206,.T.);
#1553=ORIENTED_EDGE('',*,*,#1204,.T.);
#1554=ORIENTED_EDGE('',*,*,#1202,.T.);
#1555=ORIENTED_EDGE('',*,*,#1170,.F.);
#1556=ORIENTED_EDGE('',*,*,#1209,.T.);
#1557=ORIENTED_EDGE('',*,*,#1210,.F.);
#1558=ORIENTED_EDGE('',*,*,#1211,.F.);
#1559=ORIENTED_EDGE('',*,*,#1171,.F.);
#1560=ORIENTED_EDGE('',*,*,#1211,.T.);
#1561=ORIENTED_EDGE('',*,*,#1212,.F.);
#1562=ORIENTED_EDGE('',*,*,#1213,.F.);
#1563=ORIENTED_EDGE('',*,*,#1172,.F.);
#1564=ORIENTED_EDGE('',*,*,#1213,.T.);
#1565=ORIENTED_EDGE('',*,*,#1214,.F.);
#1566=ORIENTED_EDGE('',*,*,#1215,.F.);
#1567=ORIENTED_EDGE('',*,*,#1216,.T.);
#1568=ORIENTED_EDGE('',*,*,#1214,.T.);
#1569=ORIENTED_EDGE('',*,*,#1212,.T.);
#1570=ORIENTED_EDGE('',*,*,#1210,.T.);
#1571=ORIENTED_EDGE('',*,*,#1166,.F.);
#1572=ORIENTED_EDGE('',*,*,#1217,.T.);
#1573=ORIENTED_EDGE('',*,*,#1218,.F.);
#1574=ORIENTED_EDGE('',*,*,#1219,.F.);
#1575=ORIENTED_EDGE('',*,*,#1167,.F.);
#1576=ORIENTED_EDGE('',*,*,#1219,.T.);
#1577=ORIENTED_EDGE('',*,*,#1220,.F.);
#1578=ORIENTED_EDGE('',*,*,#1221,.F.);
#1579=ORIENTED_EDGE('',*,*,#1168,.F.);
#1580=ORIENTED_EDGE('',*,*,#1221,.T.);
#1581=ORIENTED_EDGE('',*,*,#1222,.F.);
#1582=ORIENTED_EDGE('',*,*,#1223,.F.);
#1583=ORIENTED_EDGE('',*,*,#1224,.T.);
#1584=ORIENTED_EDGE('',*,*,#1222,.T.);
#1585=ORIENTED_EDGE('',*,*,#1220,.T.);
#1586=ORIENTED_EDGE('',*,*,#1218,.T.);
#1587=ORIENTED_EDGE('',*,*,#1182,.F.);
#1588=ORIENTED_EDGE('',*,*,#1225,.T.);
#1589=ORIENTED_EDGE('',*,*,#1226,.F.);
#1590=ORIENTED_EDGE('',*,*,#1227,.F.);
#1591=ORIENTED_EDGE('',*,*,#1183,.F.);
#1592=ORIENTED_EDGE('',*,*,#1227,.T.);
#1593=ORIENTED_EDGE('',*,*,#1228,.F.);
#1594=ORIENTED_EDGE('',*,*,#1229,.F.);
#1595=ORIENTED_EDGE('',*,*,#1184,.F.);
#1596=ORIENTED_EDGE('',*,*,#1229,.T.);
#1597=ORIENTED_EDGE('',*,*,#1230,.F.);
#1598=ORIENTED_EDGE('',*,*,#1231,.F.);
#1599=ORIENTED_EDGE('',*,*,#1232,.T.);
#1600=ORIENTED_EDGE('',*,*,#1230,.T.);
#1601=ORIENTED_EDGE('',*,*,#1228,.T.);
#1602=ORIENTED_EDGE('',*,*,#1226,.T.);
#1603=ORIENTED_EDGE('',*,*,#1198,.F.);
#1604=ORIENTED_EDGE('',*,*,#1233,.T.);
#1605=ORIENTED_EDGE('',*,*,#1234,.F.);
#1606=ORIENTED_EDGE('',*,*,#1235,.F.);
#1607=ORIENTED_EDGE('',*,*,#1199,.F.);
#1608=ORIENTED_EDGE('',*,*,#1235,.T.);
#1609=ORIENTED_EDGE('',*,*,#1236,.F.);
#1610=ORIENTED_EDGE('',*,*,#1237,.F.);
#1611=ORIENTED_EDGE('',*,*,#1200,.F.);
#1612=ORIENTED_EDGE('',*,*,#1237,.T.);
#1613=ORIENTED_EDGE('',*,*,#1238,.F.);
#1614=ORIENTED_EDGE('',*,*,#1239,.F.);
#1615=ORIENTED_EDGE('',*,*,#1240,.T.);
#1616=ORIENTED_EDGE('',*,*,#1238,.T.);
#1617=ORIENTED_EDGE('',*,*,#1236,.T.);
#1618=ORIENTED_EDGE('',*,*,#1234,.T.);
#1619=ORIENTED_EDGE('',*,*,#1190,.F.);
#1620=ORIENTED_EDGE('',*,*,#1241,.T.);
#1621=ORIENTED_EDGE('',*,*,#1242,.F.);
#1622=ORIENTED_EDGE('',*,*,#1243,.F.);
#1623=ORIENTED_EDGE('',*,*,#1191,.F.);
#1624=ORIENTED_EDGE('',*,*,#1243,.T.);
#1625=ORIENTED_EDGE('',*,*,#1244,.F.);
#1626=ORIENTED_EDGE('',*,*,#1245,.F.);
#1627=ORIENTED_EDGE('',*,*,#1192,.F.);
#1628=ORIENTED_EDGE('',*,*,#1245,.T.);
#1629=ORIENTED_EDGE('',*,*,#1246,.F.);
#1630=ORIENTED_EDGE('',*,*,#1247,.F.);
#1631=ORIENTED_EDGE('',*,*,#1248,.T.);
#1632=ORIENTED_EDGE('',*,*,#1246,.T.);
#1633=ORIENTED_EDGE('',*,*,#1244,.T.);
#1634=ORIENTED_EDGE('',*,*,#1242,.T.);
#1635=ORIENTED_EDGE('',*,*,#1174,.F.);
#1636=ORIENTED_EDGE('',*,*,#1249,.T.);
#1637=ORIENTED_EDGE('',*,*,#1250,.F.);
#1638=ORIENTED_EDGE('',*,*,#1251,.F.);
#1639=ORIENTED_EDGE('',*,*,#1175,.F.);
#1640=ORIENTED_EDGE('',*,*,#1251,.T.);
#1641=ORIENTED_EDGE('',*,*,#1252,.F.);
#1642=ORIENTED_EDGE('',*,*,#1253,.F.);
#1643=ORIENTED_EDGE('',*,*,#1176,.F.);
#1644=ORIENTED_EDGE('',*,*,#1253,.T.);
#1645=ORIENTED_EDGE('',*,*,#1254,.F.);
#1646=ORIENTED_EDGE('',*,*,#1255,.F.);
#1647=ORIENTED_EDGE('',*,*,#1256,.T.);
#1648=ORIENTED_EDGE('',*,*,#1254,.T.);
#1649=ORIENTED_EDGE('',*,*,#1252,.T.);
#1650=ORIENTED_EDGE('',*,*,#1250,.T.);
#1651=ORIENTED_EDGE('',*,*,#1158,.F.);
#1652=ORIENTED_EDGE('',*,*,#1257,.T.);
#1653=ORIENTED_EDGE('',*,*,#1258,.F.);
#1654=ORIENTED_EDGE('',*,*,#1259,.F.);
#1655=ORIENTED_EDGE('',*,*,#1159,.F.);
#1656=ORIENTED_EDGE('',*,*,#1259,.T.);
#1657=ORIENTED_EDGE('',*,*,#1260,.F.);
#1658=ORIENTED_EDGE('',*,*,#1261,.F.);
#1659=ORIENTED_EDGE('',*,*,#1160,.F.);
#1660=ORIENTED_EDGE('',*,*,#1261,.T.);
#1661=ORIENTED_EDGE('',*,*,#1262,.F.);
#1662=ORIENTED_EDGE('',*,*,#1263,.F.);
#1663=ORIENTED_EDGE('',*,*,#1264,.T.);
#1664=ORIENTED_EDGE('',*,*,#1262,.T.);
#1665=ORIENTED_EDGE('',*,*,#1260,.T.);
#1666=ORIENTED_EDGE('',*,*,#1258,.T.);
#1667=ORIENTED_EDGE('',*,*,#1162,.F.);
#1668=ORIENTED_EDGE('',*,*,#1265,.T.);
#1669=ORIENTED_EDGE('',*,*,#1266,.F.);
#1670=ORIENTED_EDGE('',*,*,#1267,.F.);
#1671=ORIENTED_EDGE('',*,*,#1163,.F.);
#1672=ORIENTED_EDGE('',*,*,#1267,.T.);
#1673=ORIENTED_EDGE('',*,*,#1268,.F.);
#1674=ORIENTED_EDGE('',*,*,#1269,.F.);
#1675=ORIENTED_EDGE('',*,*,#1164,.F.);
#1676=ORIENTED_EDGE('',*,*,#1269,.T.);
#1677=ORIENTED_EDGE('',*,*,#1270,.F.);
#1678=ORIENTED_EDGE('',*,*,#1271,.F.);
#1679=ORIENTED_EDGE('',*,*,#1272,.T.);
#1680=ORIENTED_EDGE('',*,*,#1270,.T.);
#1681=ORIENTED_EDGE('',*,*,#1268,.T.);
#1682=ORIENTED_EDGE('',*,*,#1266,.T.);
#1683=ORIENTED_EDGE('',*,*,#1178,.F.);
#1684=ORIENTED_EDGE('',*,*,#1273,.T.);
#1685=ORIENTED_EDGE('',*,*,#1274,.F.);
#1686=ORIENTED_EDGE('',*,*,#1275,.F.);
#1687=ORIENTED_EDGE('',*,*,#1179,.F.);
#1688=ORIENTED_EDGE('',*,*,#1275,.T.);
#1689=ORIENTED_EDGE('',*,*,#1276,.F.);
#1690=ORIENTED_EDGE('',*,*,#1277,.F.);
#1691=ORIENTED_EDGE('',*,*,#1180,.F.);
#1692=ORIENTED_EDGE('',*,*,#1277,.T.);
#1693=ORIENTED_EDGE('',*,*,#1278,.F.);
#1694=ORIENTED_EDGE('',*,*,#1279,.F.);
#1695=ORIENTED_EDGE('',*,*,#1280,.T.);
#1696=ORIENTED_EDGE('',*,*,#1278,.T.);
#1697=ORIENTED_EDGE('',*,*,#1276,.T.);
#1698=ORIENTED_EDGE('',*,*,#1274,.T.);
#1699=ORIENTED_EDGE('',*,*,#1194,.F.);
#1700=ORIENTED_EDGE('',*,*,#1281,.T.);
#1701=ORIENTED_EDGE('',*,*,#1282,.F.);
#1702=ORIENTED_EDGE('',*,*,#1283,.F.);
#1703=ORIENTED_EDGE('',*,*,#1195,.F.);
#1704=ORIENTED_EDGE('',*,*,#1283,.T.);
#1705=ORIENTED_EDGE('',*,*,#1284,.F.);
#1706=ORIENTED_EDGE('',*,*,#1285,.F.);
#1707=ORIENTED_EDGE('',*,*,#1196,.F.);
#1708=ORIENTED_EDGE('',*,*,#1285,.T.);
#1709=ORIENTED_EDGE('',*,*,#1286,.F.);
#1710=ORIENTED_EDGE('',*,*,#1287,.F.);
#1711=ORIENTED_EDGE('',*,*,#1288,.T.);
#1712=ORIENTED_EDGE('',*,*,#1286,.T.);
#1713=ORIENTED_EDGE('',*,*,#1284,.T.);
#1714=ORIENTED_EDGE('',*,*,#1282,.T.);
#1715=ORIENTED_EDGE('',*,*,#1146,.T.);
#1716=ORIENTED_EDGE('',*,*,#1289,.T.);
#1717=ORIENTED_EDGE('',*,*,#1150,.T.);
#1718=ORIENTED_EDGE('',*,*,#1147,.T.);
#1719=ORIENTED_EDGE('',*,*,#1290,.F.);
#1720=ORIENTED_EDGE('',*,*,#1291,.T.);
#1721=ORIENTED_EDGE('',*,*,#1292,.F.);
#1722=ORIENTED_EDGE('',*,*,#1293,.F.);
#1723=ORIENTED_EDGE('',*,*,#1294,.F.);
#1724=ORIENTED_EDGE('',*,*,#1295,.T.);
#1725=ORIENTED_EDGE('',*,*,#1296,.F.);
#1726=ORIENTED_EDGE('',*,*,#1291,.F.);
#1727=ORIENTED_EDGE('',*,*,#1297,.F.);
#1728=ORIENTED_EDGE('',*,*,#1298,.T.);
#1729=ORIENTED_EDGE('',*,*,#1299,.F.);
#1730=ORIENTED_EDGE('',*,*,#1295,.F.);
#1731=ORIENTED_EDGE('',*,*,#1296,.T.);
#1732=ORIENTED_EDGE('',*,*,#1299,.T.);
#1733=ORIENTED_EDGE('',*,*,#1300,.T.);
#1734=ORIENTED_EDGE('',*,*,#1292,.T.);
#1735=ORIENTED_EDGE('',*,*,#1301,.F.);
#1736=ORIENTED_EDGE('',*,*,#1302,.T.);
#1737=ORIENTED_EDGE('',*,*,#1303,.F.);
#1738=ORIENTED_EDGE('',*,*,#1304,.F.);
#1739=ORIENTED_EDGE('',*,*,#1305,.F.);
#1740=ORIENTED_EDGE('',*,*,#1306,.T.);
#1741=ORIENTED_EDGE('',*,*,#1307,.F.);
#1742=ORIENTED_EDGE('',*,*,#1302,.F.);
#1743=ORIENTED_EDGE('',*,*,#1308,.F.);
#1744=ORIENTED_EDGE('',*,*,#1309,.T.);
#1745=ORIENTED_EDGE('',*,*,#1310,.F.);
#1746=ORIENTED_EDGE('',*,*,#1306,.F.);
#1747=ORIENTED_EDGE('',*,*,#1307,.T.);
#1748=ORIENTED_EDGE('',*,*,#1310,.T.);
#1749=ORIENTED_EDGE('',*,*,#1311,.T.);
#1750=ORIENTED_EDGE('',*,*,#1303,.T.);
#1751=ORIENTED_EDGE('',*,*,#1312,.F.);
#1752=ORIENTED_EDGE('',*,*,#1313,.T.);
#1753=ORIENTED_EDGE('',*,*,#1314,.F.);
#1754=ORIENTED_EDGE('',*,*,#1315,.F.);
#1755=ORIENTED_EDGE('',*,*,#1316,.F.);
#1756=ORIENTED_EDGE('',*,*,#1317,.T.);
#1757=ORIENTED_EDGE('',*,*,#1318,.F.);
#1758=ORIENTED_EDGE('',*,*,#1313,.F.);
#1759=ORIENTED_EDGE('',*,*,#1319,.F.);
#1760=ORIENTED_EDGE('',*,*,#1320,.T.);
#1761=ORIENTED_EDGE('',*,*,#1321,.F.);
#1762=ORIENTED_EDGE('',*,*,#1317,.F.);
#1763=ORIENTED_EDGE('',*,*,#1318,.T.);
#1764=ORIENTED_EDGE('',*,*,#1321,.T.);
#1765=ORIENTED_EDGE('',*,*,#1322,.T.);
#1766=ORIENTED_EDGE('',*,*,#1314,.T.);
#1767=ORIENTED_EDGE('',*,*,#1323,.F.);
#1768=ORIENTED_EDGE('',*,*,#1324,.T.);
#1769=ORIENTED_EDGE('',*,*,#1325,.F.);
#1770=ORIENTED_EDGE('',*,*,#1326,.F.);
#1771=ORIENTED_EDGE('',*,*,#1327,.F.);
#1772=ORIENTED_EDGE('',*,*,#1328,.T.);
#1773=ORIENTED_EDGE('',*,*,#1329,.F.);
#1774=ORIENTED_EDGE('',*,*,#1324,.F.);
#1775=ORIENTED_EDGE('',*,*,#1330,.F.);
#1776=ORIENTED_EDGE('',*,*,#1331,.T.);
#1777=ORIENTED_EDGE('',*,*,#1332,.F.);
#1778=ORIENTED_EDGE('',*,*,#1328,.F.);
#1779=ORIENTED_EDGE('',*,*,#1329,.T.);
#1780=ORIENTED_EDGE('',*,*,#1332,.T.);
#1781=ORIENTED_EDGE('',*,*,#1333,.T.);
#1782=ORIENTED_EDGE('',*,*,#1325,.T.);
#1783=ORIENTED_EDGE('',*,*,#1334,.F.);
#1784=ORIENTED_EDGE('',*,*,#1335,.T.);
#1785=ORIENTED_EDGE('',*,*,#1336,.F.);
#1786=ORIENTED_EDGE('',*,*,#1337,.F.);
#1787=ORIENTED_EDGE('',*,*,#1338,.F.);
#1788=ORIENTED_EDGE('',*,*,#1339,.T.);
#1789=ORIENTED_EDGE('',*,*,#1340,.F.);
#1790=ORIENTED_EDGE('',*,*,#1335,.F.);
#1791=ORIENTED_EDGE('',*,*,#1341,.F.);
#1792=ORIENTED_EDGE('',*,*,#1342,.T.);
#1793=ORIENTED_EDGE('',*,*,#1343,.F.);
#1794=ORIENTED_EDGE('',*,*,#1339,.F.);
#1795=ORIENTED_EDGE('',*,*,#1340,.T.);
#1796=ORIENTED_EDGE('',*,*,#1343,.T.);
#1797=ORIENTED_EDGE('',*,*,#1344,.T.);
#1798=ORIENTED_EDGE('',*,*,#1336,.T.);
#1799=ORIENTED_EDGE('',*,*,#1345,.F.);
#1800=ORIENTED_EDGE('',*,*,#1346,.T.);
#1801=ORIENTED_EDGE('',*,*,#1347,.F.);
#1802=ORIENTED_EDGE('',*,*,#1348,.F.);
#1803=ORIENTED_EDGE('',*,*,#1349,.F.);
#1804=ORIENTED_EDGE('',*,*,#1350,.T.);
#1805=ORIENTED_EDGE('',*,*,#1351,.F.);
#1806=ORIENTED_EDGE('',*,*,#1346,.F.);
#1807=ORIENTED_EDGE('',*,*,#1352,.F.);
#1808=ORIENTED_EDGE('',*,*,#1353,.T.);
#1809=ORIENTED_EDGE('',*,*,#1354,.F.);
#1810=ORIENTED_EDGE('',*,*,#1350,.F.);
#1811=ORIENTED_EDGE('',*,*,#1351,.T.);
#1812=ORIENTED_EDGE('',*,*,#1354,.T.);
#1813=ORIENTED_EDGE('',*,*,#1355,.T.);
#1814=ORIENTED_EDGE('',*,*,#1347,.T.);
#1815=ORIENTED_EDGE('',*,*,#1356,.F.);
#1816=ORIENTED_EDGE('',*,*,#1357,.T.);
#1817=ORIENTED_EDGE('',*,*,#1358,.F.);
#1818=ORIENTED_EDGE('',*,*,#1359,.F.);
#1819=ORIENTED_EDGE('',*,*,#1360,.F.);
#1820=ORIENTED_EDGE('',*,*,#1361,.T.);
#1821=ORIENTED_EDGE('',*,*,#1362,.F.);
#1822=ORIENTED_EDGE('',*,*,#1357,.F.);
#1823=ORIENTED_EDGE('',*,*,#1363,.F.);
#1824=ORIENTED_EDGE('',*,*,#1364,.T.);
#1825=ORIENTED_EDGE('',*,*,#1365,.F.);
#1826=ORIENTED_EDGE('',*,*,#1361,.F.);
#1827=ORIENTED_EDGE('',*,*,#1362,.T.);
#1828=ORIENTED_EDGE('',*,*,#1365,.T.);
#1829=ORIENTED_EDGE('',*,*,#1366,.T.);
#1830=ORIENTED_EDGE('',*,*,#1358,.T.);
#1831=ORIENTED_EDGE('',*,*,#1367,.F.);
#1832=ORIENTED_EDGE('',*,*,#1368,.T.);
#1833=ORIENTED_EDGE('',*,*,#1369,.F.);
#1834=ORIENTED_EDGE('',*,*,#1370,.F.);
#1835=ORIENTED_EDGE('',*,*,#1371,.F.);
#1836=ORIENTED_EDGE('',*,*,#1372,.T.);
#1837=ORIENTED_EDGE('',*,*,#1373,.F.);
#1838=ORIENTED_EDGE('',*,*,#1368,.F.);
#1839=ORIENTED_EDGE('',*,*,#1374,.F.);
#1840=ORIENTED_EDGE('',*,*,#1375,.T.);
#1841=ORIENTED_EDGE('',*,*,#1376,.F.);
#1842=ORIENTED_EDGE('',*,*,#1372,.F.);
#1843=ORIENTED_EDGE('',*,*,#1373,.T.);
#1844=ORIENTED_EDGE('',*,*,#1376,.T.);
#1845=ORIENTED_EDGE('',*,*,#1377,.T.);
#1846=ORIENTED_EDGE('',*,*,#1369,.T.);
#1847=ORIENTED_EDGE('',*,*,#1378,.F.);
#1848=ORIENTED_EDGE('',*,*,#1379,.T.);
#1849=ORIENTED_EDGE('',*,*,#1380,.F.);
#1850=ORIENTED_EDGE('',*,*,#1381,.F.);
#1851=ORIENTED_EDGE('',*,*,#1382,.F.);
#1852=ORIENTED_EDGE('',*,*,#1383,.T.);
#1853=ORIENTED_EDGE('',*,*,#1384,.F.);
#1854=ORIENTED_EDGE('',*,*,#1379,.F.);
#1855=ORIENTED_EDGE('',*,*,#1385,.F.);
#1856=ORIENTED_EDGE('',*,*,#1386,.T.);
#1857=ORIENTED_EDGE('',*,*,#1387,.F.);
#1858=ORIENTED_EDGE('',*,*,#1383,.F.);
#1859=ORIENTED_EDGE('',*,*,#1384,.T.);
#1860=ORIENTED_EDGE('',*,*,#1387,.T.);
#1861=ORIENTED_EDGE('',*,*,#1388,.T.);
#1862=ORIENTED_EDGE('',*,*,#1380,.T.);
#1863=ORIENTED_EDGE('',*,*,#1389,.F.);
#1864=ORIENTED_EDGE('',*,*,#1390,.T.);
#1865=ORIENTED_EDGE('',*,*,#1391,.F.);
#1866=ORIENTED_EDGE('',*,*,#1392,.F.);
#1867=ORIENTED_EDGE('',*,*,#1393,.F.);
#1868=ORIENTED_EDGE('',*,*,#1394,.T.);
#1869=ORIENTED_EDGE('',*,*,#1395,.F.);
#1870=ORIENTED_EDGE('',*,*,#1390,.F.);
#1871=ORIENTED_EDGE('',*,*,#1396,.F.);
#1872=ORIENTED_EDGE('',*,*,#1397,.T.);
#1873=ORIENTED_EDGE('',*,*,#1398,.F.);
#1874=ORIENTED_EDGE('',*,*,#1394,.F.);
#1875=ORIENTED_EDGE('',*,*,#1395,.T.);
#1876=ORIENTED_EDGE('',*,*,#1398,.T.);
#1877=ORIENTED_EDGE('',*,*,#1399,.T.);
#1878=ORIENTED_EDGE('',*,*,#1391,.T.);
#1879=ORIENTED_EDGE('',*,*,#1400,.F.);
#1880=ORIENTED_EDGE('',*,*,#1401,.T.);
#1881=ORIENTED_EDGE('',*,*,#1402,.F.);
#1882=ORIENTED_EDGE('',*,*,#1403,.F.);
#1883=ORIENTED_EDGE('',*,*,#1404,.F.);
#1884=ORIENTED_EDGE('',*,*,#1405,.T.);
#1885=ORIENTED_EDGE('',*,*,#1406,.F.);
#1886=ORIENTED_EDGE('',*,*,#1401,.F.);
#1887=ORIENTED_EDGE('',*,*,#1407,.F.);
#1888=ORIENTED_EDGE('',*,*,#1408,.T.);
#1889=ORIENTED_EDGE('',*,*,#1409,.F.);
#1890=ORIENTED_EDGE('',*,*,#1405,.F.);
#1891=ORIENTED_EDGE('',*,*,#1406,.T.);
#1892=ORIENTED_EDGE('',*,*,#1409,.T.);
#1893=ORIENTED_EDGE('',*,*,#1410,.T.);
#1894=ORIENTED_EDGE('',*,*,#1402,.T.);
#1895=ORIENTED_EDGE('',*,*,#1411,.F.);
#1896=ORIENTED_EDGE('',*,*,#1412,.T.);
#1897=ORIENTED_EDGE('',*,*,#1413,.F.);
#1898=ORIENTED_EDGE('',*,*,#1414,.F.);
#1899=ORIENTED_EDGE('',*,*,#1415,.F.);
#1900=ORIENTED_EDGE('',*,*,#1416,.T.);
#1901=ORIENTED_EDGE('',*,*,#1417,.F.);
#1902=ORIENTED_EDGE('',*,*,#1412,.F.);
#1903=ORIENTED_EDGE('',*,*,#1418,.F.);
#1904=ORIENTED_EDGE('',*,*,#1419,.T.);
#1905=ORIENTED_EDGE('',*,*,#1420,.F.);
#1906=ORIENTED_EDGE('',*,*,#1416,.F.);
#1907=ORIENTED_EDGE('',*,*,#1417,.T.);
#1908=ORIENTED_EDGE('',*,*,#1420,.T.);
#1909=ORIENTED_EDGE('',*,*,#1421,.T.);
#1910=ORIENTED_EDGE('',*,*,#1413,.T.);
#1911=ORIENTED_EDGE('',*,*,#1422,.F.);
#1912=ORIENTED_EDGE('',*,*,#1423,.T.);
#1913=ORIENTED_EDGE('',*,*,#1424,.F.);
#1914=ORIENTED_EDGE('',*,*,#1425,.F.);
#1915=ORIENTED_EDGE('',*,*,#1426,.F.);
#1916=ORIENTED_EDGE('',*,*,#1427,.T.);
#1917=ORIENTED_EDGE('',*,*,#1428,.F.);
#1918=ORIENTED_EDGE('',*,*,#1423,.F.);
#1919=ORIENTED_EDGE('',*,*,#1429,.F.);
#1920=ORIENTED_EDGE('',*,*,#1430,.T.);
#1921=ORIENTED_EDGE('',*,*,#1431,.F.);
#1922=ORIENTED_EDGE('',*,*,#1427,.F.);
#1923=ORIENTED_EDGE('',*,*,#1428,.T.);
#1924=ORIENTED_EDGE('',*,*,#1431,.T.);
#1925=ORIENTED_EDGE('',*,*,#1432,.T.);
#1926=ORIENTED_EDGE('',*,*,#1424,.T.);
#1927=ORIENTED_EDGE('',*,*,#1433,.F.);
#1928=ORIENTED_EDGE('',*,*,#1434,.T.);
#1929=ORIENTED_EDGE('',*,*,#1435,.F.);
#1930=ORIENTED_EDGE('',*,*,#1436,.F.);
#1931=ORIENTED_EDGE('',*,*,#1437,.F.);
#1932=ORIENTED_EDGE('',*,*,#1438,.T.);
#1933=ORIENTED_EDGE('',*,*,#1439,.F.);
#1934=ORIENTED_EDGE('',*,*,#1434,.F.);
#1935=ORIENTED_EDGE('',*,*,#1440,.F.);
#1936=ORIENTED_EDGE('',*,*,#1441,.T.);
#1937=ORIENTED_EDGE('',*,*,#1442,.F.);
#1938=ORIENTED_EDGE('',*,*,#1438,.F.);
#1939=ORIENTED_EDGE('',*,*,#1439,.T.);
#1940=ORIENTED_EDGE('',*,*,#1442,.T.);
#1941=ORIENTED_EDGE('',*,*,#1443,.T.);
#1942=ORIENTED_EDGE('',*,*,#1435,.T.);
#1943=ORIENTED_EDGE('',*,*,#1444,.F.);
#1944=ORIENTED_EDGE('',*,*,#1445,.T.);
#1945=ORIENTED_EDGE('',*,*,#1446,.F.);
#1946=ORIENTED_EDGE('',*,*,#1447,.F.);
#1947=ORIENTED_EDGE('',*,*,#1448,.F.);
#1948=ORIENTED_EDGE('',*,*,#1449,.T.);
#1949=ORIENTED_EDGE('',*,*,#1450,.F.);
#1950=ORIENTED_EDGE('',*,*,#1445,.F.);
#1951=ORIENTED_EDGE('',*,*,#1451,.F.);
#1952=ORIENTED_EDGE('',*,*,#1452,.T.);
#1953=ORIENTED_EDGE('',*,*,#1453,.F.);
#1954=ORIENTED_EDGE('',*,*,#1449,.F.);
#1955=ORIENTED_EDGE('',*,*,#1450,.T.);
#1956=ORIENTED_EDGE('',*,*,#1453,.T.);
#1957=ORIENTED_EDGE('',*,*,#1454,.T.);
#1958=ORIENTED_EDGE('',*,*,#1446,.T.);
#1959=ORIENTED_EDGE('',*,*,#1455,.T.);
#1960=ORIENTED_EDGE('',*,*,#1456,.F.);
#1961=ORIENTED_EDGE('',*,*,#1457,.F.);
#1962=ORIENTED_EDGE('',*,*,#1154,.F.);
#1963=ORIENTED_EDGE('',*,*,#1458,.F.);
#1964=ORIENTED_EDGE('',*,*,#1155,.F.);
#1965=ORIENTED_EDGE('',*,*,#1457,.T.);
#1966=ORIENTED_EDGE('',*,*,#1459,.F.);
#1967=ORIENTED_EDGE('',*,*,#1460,.F.);
#1968=ORIENTED_EDGE('',*,*,#1151,.F.);
#1969=ORIENTED_EDGE('',*,*,#1289,.F.);
#1970=ORIENTED_EDGE('',*,*,#1145,.F.);
#1971=ORIENTED_EDGE('',*,*,#1458,.T.);
#1972=ORIENTED_EDGE('',*,*,#1461,.F.);
#1973=ORIENTED_EDGE('',*,*,#1462,.F.);
#1974=ORIENTED_EDGE('',*,*,#1156,.F.);
#1975=ORIENTED_EDGE('',*,*,#1153,.F.);
#1976=ORIENTED_EDGE('',*,*,#1239,.T.);
#1977=ORIENTED_EDGE('',*,*,#1240,.F.);
#1978=ORIENTED_EDGE('',*,*,#1233,.F.);
#1979=ORIENTED_EDGE('',*,*,#1197,.F.);
#1980=ORIENTED_EDGE('',*,*,#1287,.T.);
#1981=ORIENTED_EDGE('',*,*,#1288,.F.);
#1982=ORIENTED_EDGE('',*,*,#1281,.F.);
#1983=ORIENTED_EDGE('',*,*,#1193,.F.);
#1984=ORIENTED_EDGE('',*,*,#1247,.T.);
#1985=ORIENTED_EDGE('',*,*,#1248,.F.);
#1986=ORIENTED_EDGE('',*,*,#1241,.F.);
#1987=ORIENTED_EDGE('',*,*,#1189,.F.);
#1988=ORIENTED_EDGE('',*,*,#1207,.T.);
#1989=ORIENTED_EDGE('',*,*,#1208,.F.);
#1990=ORIENTED_EDGE('',*,*,#1201,.F.);
#1991=ORIENTED_EDGE('',*,*,#1185,.F.);
#1992=ORIENTED_EDGE('',*,*,#1231,.T.);
#1993=ORIENTED_EDGE('',*,*,#1232,.F.);
#1994=ORIENTED_EDGE('',*,*,#1225,.F.);
#1995=ORIENTED_EDGE('',*,*,#1181,.F.);
#1996=ORIENTED_EDGE('',*,*,#1279,.T.);
#1997=ORIENTED_EDGE('',*,*,#1280,.F.);
#1998=ORIENTED_EDGE('',*,*,#1273,.F.);
#1999=ORIENTED_EDGE('',*,*,#1177,.F.);
#2000=ORIENTED_EDGE('',*,*,#1255,.T.);
#2001=ORIENTED_EDGE('',*,*,#1256,.F.);
#2002=ORIENTED_EDGE('',*,*,#1249,.F.);
#2003=ORIENTED_EDGE('',*,*,#1173,.F.);
#2004=ORIENTED_EDGE('',*,*,#1215,.T.);
#2005=ORIENTED_EDGE('',*,*,#1216,.F.);
#2006=ORIENTED_EDGE('',*,*,#1209,.F.);
#2007=ORIENTED_EDGE('',*,*,#1169,.F.);
#2008=ORIENTED_EDGE('',*,*,#1223,.T.);
#2009=ORIENTED_EDGE('',*,*,#1224,.F.);
#2010=ORIENTED_EDGE('',*,*,#1217,.F.);
#2011=ORIENTED_EDGE('',*,*,#1165,.F.);
#2012=ORIENTED_EDGE('',*,*,#1271,.T.);
#2013=ORIENTED_EDGE('',*,*,#1272,.F.);
#2014=ORIENTED_EDGE('',*,*,#1265,.F.);
#2015=ORIENTED_EDGE('',*,*,#1161,.F.);
#2016=ORIENTED_EDGE('',*,*,#1263,.T.);
#2017=ORIENTED_EDGE('',*,*,#1264,.F.);
#2018=ORIENTED_EDGE('',*,*,#1257,.F.);
#2019=ORIENTED_EDGE('',*,*,#1157,.F.);
#2020=ORIENTED_EDGE('',*,*,#1462,.T.);
#2021=ORIENTED_EDGE('',*,*,#1463,.F.);
#2022=ORIENTED_EDGE('',*,*,#1436,.T.);
#2023=ORIENTED_EDGE('',*,*,#1443,.F.);
#2024=ORIENTED_EDGE('',*,*,#1441,.F.);
#2025=ORIENTED_EDGE('',*,*,#1464,.F.);
#2026=ORIENTED_EDGE('',*,*,#1381,.T.);
#2027=ORIENTED_EDGE('',*,*,#1388,.F.);
#2028=ORIENTED_EDGE('',*,*,#1386,.F.);
#2029=ORIENTED_EDGE('',*,*,#1465,.F.);
#2030=ORIENTED_EDGE('',*,*,#1337,.T.);
#2031=ORIENTED_EDGE('',*,*,#1344,.F.);
#2032=ORIENTED_EDGE('',*,*,#1342,.F.);
#2033=ORIENTED_EDGE('',*,*,#1466,.F.);
#2034=ORIENTED_EDGE('',*,*,#1326,.T.);
#2035=ORIENTED_EDGE('',*,*,#1333,.F.);
#2036=ORIENTED_EDGE('',*,*,#1331,.F.);
#2037=ORIENTED_EDGE('',*,*,#1467,.F.);
#2038=ORIENTED_EDGE('',*,*,#1304,.T.);
#2039=ORIENTED_EDGE('',*,*,#1311,.F.);
#2040=ORIENTED_EDGE('',*,*,#1309,.F.);
#2041=ORIENTED_EDGE('',*,*,#1468,.F.);
#2042=ORIENTED_EDGE('',*,*,#1359,.T.);
#2043=ORIENTED_EDGE('',*,*,#1366,.F.);
#2044=ORIENTED_EDGE('',*,*,#1364,.F.);
#2045=ORIENTED_EDGE('',*,*,#1469,.F.);
#2046=ORIENTED_EDGE('',*,*,#1348,.T.);
#2047=ORIENTED_EDGE('',*,*,#1355,.F.);
#2048=ORIENTED_EDGE('',*,*,#1353,.F.);
#2049=ORIENTED_EDGE('',*,*,#1470,.F.);
#2050=ORIENTED_EDGE('',*,*,#1293,.T.);
#2051=ORIENTED_EDGE('',*,*,#1300,.F.);
#2052=ORIENTED_EDGE('',*,*,#1298,.F.);
#2053=ORIENTED_EDGE('',*,*,#1471,.F.);
#2054=ORIENTED_EDGE('',*,*,#1425,.T.);
#2055=ORIENTED_EDGE('',*,*,#1432,.F.);
#2056=ORIENTED_EDGE('',*,*,#1430,.F.);
#2057=ORIENTED_EDGE('',*,*,#1472,.F.);
#2058=ORIENTED_EDGE('',*,*,#1403,.T.);
#2059=ORIENTED_EDGE('',*,*,#1410,.F.);
#2060=ORIENTED_EDGE('',*,*,#1408,.F.);
#2061=ORIENTED_EDGE('',*,*,#1473,.F.);
#2062=ORIENTED_EDGE('',*,*,#1414,.T.);
#2063=ORIENTED_EDGE('',*,*,#1421,.F.);
#2064=ORIENTED_EDGE('',*,*,#1419,.F.);
#2065=ORIENTED_EDGE('',*,*,#1474,.F.);
#2066=ORIENTED_EDGE('',*,*,#1447,.T.);
#2067=ORIENTED_EDGE('',*,*,#1454,.F.);
#2068=ORIENTED_EDGE('',*,*,#1452,.F.);
#2069=ORIENTED_EDGE('',*,*,#1475,.F.);
#2070=ORIENTED_EDGE('',*,*,#1392,.T.);
#2071=ORIENTED_EDGE('',*,*,#1399,.F.);
#2072=ORIENTED_EDGE('',*,*,#1397,.F.);
#2073=ORIENTED_EDGE('',*,*,#1476,.F.);
#2074=ORIENTED_EDGE('',*,*,#1370,.T.);
#2075=ORIENTED_EDGE('',*,*,#1377,.F.);
#2076=ORIENTED_EDGE('',*,*,#1375,.F.);
#2077=ORIENTED_EDGE('',*,*,#1477,.F.);
#2078=ORIENTED_EDGE('',*,*,#1315,.T.);
#2079=ORIENTED_EDGE('',*,*,#1322,.F.);
#2080=ORIENTED_EDGE('',*,*,#1320,.F.);
#2081=ORIENTED_EDGE('',*,*,#1478,.F.);
#2082=ORIENTED_EDGE('',*,*,#1455,.F.);
#2083=ORIENTED_EDGE('',*,*,#1478,.T.);
#2084=ORIENTED_EDGE('',*,*,#1319,.T.);
#2085=ORIENTED_EDGE('',*,*,#1316,.T.);
#2086=ORIENTED_EDGE('',*,*,#1312,.T.);
#2087=ORIENTED_EDGE('',*,*,#1477,.T.);
#2088=ORIENTED_EDGE('',*,*,#1374,.T.);
#2089=ORIENTED_EDGE('',*,*,#1371,.T.);
#2090=ORIENTED_EDGE('',*,*,#1367,.T.);
#2091=ORIENTED_EDGE('',*,*,#1476,.T.);
#2092=ORIENTED_EDGE('',*,*,#1396,.T.);
#2093=ORIENTED_EDGE('',*,*,#1393,.T.);
#2094=ORIENTED_EDGE('',*,*,#1389,.T.);
#2095=ORIENTED_EDGE('',*,*,#1475,.T.);
#2096=ORIENTED_EDGE('',*,*,#1451,.T.);
#2097=ORIENTED_EDGE('',*,*,#1448,.T.);
#2098=ORIENTED_EDGE('',*,*,#1444,.T.);
#2099=ORIENTED_EDGE('',*,*,#1474,.T.);
#2100=ORIENTED_EDGE('',*,*,#1418,.T.);
#2101=ORIENTED_EDGE('',*,*,#1415,.T.);
#2102=ORIENTED_EDGE('',*,*,#1411,.T.);
#2103=ORIENTED_EDGE('',*,*,#1473,.T.);
#2104=ORIENTED_EDGE('',*,*,#1407,.T.);
#2105=ORIENTED_EDGE('',*,*,#1404,.T.);
#2106=ORIENTED_EDGE('',*,*,#1400,.T.);
#2107=ORIENTED_EDGE('',*,*,#1472,.T.);
#2108=ORIENTED_EDGE('',*,*,#1429,.T.);
#2109=ORIENTED_EDGE('',*,*,#1426,.T.);
#2110=ORIENTED_EDGE('',*,*,#1422,.T.);
#2111=ORIENTED_EDGE('',*,*,#1471,.T.);
#2112=ORIENTED_EDGE('',*,*,#1297,.T.);
#2113=ORIENTED_EDGE('',*,*,#1294,.T.);
#2114=ORIENTED_EDGE('',*,*,#1290,.T.);
#2115=ORIENTED_EDGE('',*,*,#1470,.T.);
#2116=ORIENTED_EDGE('',*,*,#1352,.T.);
#2117=ORIENTED_EDGE('',*,*,#1349,.T.);
#2118=ORIENTED_EDGE('',*,*,#1345,.T.);
#2119=ORIENTED_EDGE('',*,*,#1469,.T.);
#2120=ORIENTED_EDGE('',*,*,#1363,.T.);
#2121=ORIENTED_EDGE('',*,*,#1360,.T.);
#2122=ORIENTED_EDGE('',*,*,#1356,.T.);
#2123=ORIENTED_EDGE('',*,*,#1468,.T.);
#2124=ORIENTED_EDGE('',*,*,#1308,.T.);
#2125=ORIENTED_EDGE('',*,*,#1305,.T.);
#2126=ORIENTED_EDGE('',*,*,#1301,.T.);
#2127=ORIENTED_EDGE('',*,*,#1467,.T.);
#2128=ORIENTED_EDGE('',*,*,#1330,.T.);
#2129=ORIENTED_EDGE('',*,*,#1327,.T.);
#2130=ORIENTED_EDGE('',*,*,#1323,.T.);
#2131=ORIENTED_EDGE('',*,*,#1466,.T.);
#2132=ORIENTED_EDGE('',*,*,#1341,.T.);
#2133=ORIENTED_EDGE('',*,*,#1338,.T.);
#2134=ORIENTED_EDGE('',*,*,#1334,.T.);
#2135=ORIENTED_EDGE('',*,*,#1465,.T.);
#2136=ORIENTED_EDGE('',*,*,#1385,.T.);
#2137=ORIENTED_EDGE('',*,*,#1382,.T.);
#2138=ORIENTED_EDGE('',*,*,#1378,.T.);
#2139=ORIENTED_EDGE('',*,*,#1464,.T.);
#2140=ORIENTED_EDGE('',*,*,#1440,.T.);
#2141=ORIENTED_EDGE('',*,*,#1437,.T.);
#2142=ORIENTED_EDGE('',*,*,#1433,.T.);
#2143=ORIENTED_EDGE('',*,*,#1463,.T.);
#2144=ORIENTED_EDGE('',*,*,#1461,.T.);
#2145=ORIENTED_EDGE('',*,*,#1459,.T.);
#2146=ORIENTED_EDGE('',*,*,#1456,.T.);
#2147=ORIENTED_EDGE('',*,*,#1144,.T.);
#2148=ORIENTED_EDGE('',*,*,#1149,.T.);
#2149=ORIENTED_EDGE('',*,*,#1152,.T.);
#2150=ORIENTED_EDGE('',*,*,#1460,.T.);
#2151=PLANE('',#2395);
#2152=PLANE('',#2396);
#2153=PLANE('',#2397);
#2154=PLANE('',#2398);
#2155=PLANE('',#2399);
#2156=PLANE('',#2400);
#2157=PLANE('',#2401);
#2158=PLANE('',#2402);
#2159=PLANE('',#2403);
#2160=PLANE('',#2404);
#2161=PLANE('',#2405);
#2162=PLANE('',#2406);
#2163=PLANE('',#2407);
#2164=PLANE('',#2408);
#2165=PLANE('',#2409);
#2166=PLANE('',#2410);
#2167=PLANE('',#2411);
#2168=PLANE('',#2412);
#2169=PLANE('',#2413);
#2170=PLANE('',#2414);
#2171=PLANE('',#2415);
#2172=PLANE('',#2416);
#2173=PLANE('',#2417);
#2174=PLANE('',#2418);
#2175=PLANE('',#2419);
#2176=PLANE('',#2420);
#2177=PLANE('',#2421);
#2178=PLANE('',#2422);
#2179=PLANE('',#2423);
#2180=PLANE('',#2424);
#2181=PLANE('',#2425);
#2182=PLANE('',#2426);
#2183=PLANE('',#2427);
#2184=PLANE('',#2428);
#2185=PLANE('',#2429);
#2186=PLANE('',#2430);
#2187=PLANE('',#2431);
#2188=PLANE('',#2432);
#2189=PLANE('',#2433);
#2190=PLANE('',#2434);
#2191=PLANE('',#2435);
#2192=PLANE('',#2436);
#2193=PLANE('',#2437);
#2194=PLANE('',#2438);
#2195=PLANE('',#2439);
#2196=PLANE('',#2440);
#2197=PLANE('',#2441);
#2198=PLANE('',#2442);
#2199=PLANE('',#2443);
#2200=PLANE('',#2444);
#2201=PLANE('',#2445);
#2202=PLANE('',#2446);
#2203=PLANE('',#2447);
#2204=PLANE('',#2448);
#2205=PLANE('',#2449);
#2206=PLANE('',#2450);
#2207=PLANE('',#2451);
#2208=PLANE('',#2452);
#2209=PLANE('',#2453);
#2210=PLANE('',#2454);
#2211=PLANE('',#2455);
#2212=PLANE('',#2456);
#2213=PLANE('',#2457);
#2214=PLANE('',#2458);
#2215=PLANE('',#2459);
#2216=PLANE('',#2460);
#2217=PLANE('',#2461);
#2218=PLANE('',#2462);
#2219=PLANE('',#2463);
#2220=PLANE('',#2464);
#2221=PLANE('',#2465);
#2222=PLANE('',#2466);
#2223=PLANE('',#2467);
#2224=PLANE('',#2468);
#2225=PLANE('',#2469);
#2226=PLANE('',#2470);
#2227=PLANE('',#2471);
#2228=PLANE('',#2472);
#2229=PLANE('',#2473);
#2230=PLANE('',#2474);
#2231=PLANE('',#2475);
#2232=PLANE('',#2476);
#2233=PLANE('',#2477);
#2234=PLANE('',#2478);
#2235=PLANE('',#2479);
#2236=PLANE('',#2480);
#2237=PLANE('',#2481);
#2238=PLANE('',#2482);
#2239=PLANE('',#2483);
#2240=PLANE('',#2484);
#2241=PLANE('',#2485);
#2242=PLANE('',#2486);
#2243=PLANE('',#2487);
#2244=PLANE('',#2488);
#2245=PLANE('',#2489);
#2246=PLANE('',#2490);
#2247=PLANE('',#2491);
#2248=PLANE('',#2492);
#2249=PLANE('',#2493);
#2250=PLANE('',#2494);
#2251=PLANE('',#2495);
#2252=PLANE('',#2496);
#2253=PLANE('',#2497);
#2254=PLANE('',#2498);
#2255=PLANE('',#2499);
#2256=PLANE('',#2500);
#2257=PLANE('',#2501);
#2258=PLANE('',#2502);
#2259=PLANE('',#2503);
#2260=PLANE('',#2504);
#2261=PLANE('',#2505);
#2262=PLANE('',#2506);
#2263=PLANE('',#2507);
#2264=PLANE('',#2508);
#2265=PLANE('',#2509);
#2266=ADVANCED_FACE('',(#16),#2151,.F.);
#2267=ADVANCED_FACE('',(#17),#2152,.T.);
#2268=ADVANCED_FACE('',(#18),#2153,.F.);
#2269=ADVANCED_FACE('',(#19),#2154,.T.);
#2270=ADVANCED_FACE('',(#20),#2155,.T.);
#2271=ADVANCED_FACE('',(#21),#2156,.T.);
#2272=ADVANCED_FACE('',(#22),#2157,.T.);
#2273=ADVANCED_FACE('',(#23),#2158,.T.);
#2274=ADVANCED_FACE('',(#24),#2159,.T.);
#2275=ADVANCED_FACE('',(#25),#2160,.T.);
#2276=ADVANCED_FACE('',(#26),#2161,.T.);
#2277=ADVANCED_FACE('',(#27),#2162,.T.);
#2278=ADVANCED_FACE('',(#28),#2163,.T.);
#2279=ADVANCED_FACE('',(#29),#2164,.T.);
#2280=ADVANCED_FACE('',(#30),#2165,.T.);
#2281=ADVANCED_FACE('',(#31),#2166,.T.);
#2282=ADVANCED_FACE('',(#32),#2167,.T.);
#2283=ADVANCED_FACE('',(#33),#2168,.T.);
#2284=ADVANCED_FACE('',(#34),#2169,.T.);
#2285=ADVANCED_FACE('',(#35),#2170,.T.);
#2286=ADVANCED_FACE('',(#36),#2171,.T.);
#2287=ADVANCED_FACE('',(#37),#2172,.T.);
#2288=ADVANCED_FACE('',(#38),#2173,.T.);
#2289=ADVANCED_FACE('',(#39),#2174,.T.);
#2290=ADVANCED_FACE('',(#40),#2175,.T.);
#2291=ADVANCED_FACE('',(#41),#2176,.T.);
#2292=ADVANCED_FACE('',(#42),#2177,.T.);
#2293=ADVANCED_FACE('',(#43),#2178,.T.);
#2294=ADVANCED_FACE('',(#44),#2179,.T.);
#2295=ADVANCED_FACE('',(#45),#2180,.T.);
#2296=ADVANCED_FACE('',(#46),#2181,.T.);
#2297=ADVANCED_FACE('',(#47),#2182,.T.);
#2298=ADVANCED_FACE('',(#48),#2183,.T.);
#2299=ADVANCED_FACE('',(#49),#2184,.T.);
#2300=ADVANCED_FACE('',(#50),#2185,.T.);
#2301=ADVANCED_FACE('',(#51),#2186,.T.);
#2302=ADVANCED_FACE('',(#52),#2187,.T.);
#2303=ADVANCED_FACE('',(#53),#2188,.T.);
#2304=ADVANCED_FACE('',(#54),#2189,.T.);
#2305=ADVANCED_FACE('',(#55),#2190,.T.);
#2306=ADVANCED_FACE('',(#56),#2191,.T.);
#2307=ADVANCED_FACE('',(#57),#2192,.T.);
#2308=ADVANCED_FACE('',(#58),#2193,.T.);
#2309=ADVANCED_FACE('',(#59),#2194,.T.);
#2310=ADVANCED_FACE('',(#60),#2195,.T.);
#2311=ADVANCED_FACE('',(#61),#2196,.T.);
#2312=ADVANCED_FACE('',(#62),#2197,.T.);
#2313=ADVANCED_FACE('',(#63),#2198,.T.);
#2314=ADVANCED_FACE('',(#64),#2199,.F.);
#2315=ADVANCED_FACE('',(#65),#2200,.T.);
#2316=ADVANCED_FACE('',(#66),#2201,.T.);
#2317=ADVANCED_FACE('',(#67),#2202,.T.);
#2318=ADVANCED_FACE('',(#68),#2203,.T.);
#2319=ADVANCED_FACE('',(#69),#2204,.T.);
#2320=ADVANCED_FACE('',(#70),#2205,.T.);
#2321=ADVANCED_FACE('',(#71),#2206,.T.);
#2322=ADVANCED_FACE('',(#72),#2207,.T.);
#2323=ADVANCED_FACE('',(#73),#2208,.T.);
#2324=ADVANCED_FACE('',(#74),#2209,.T.);
#2325=ADVANCED_FACE('',(#75),#2210,.T.);
#2326=ADVANCED_FACE('',(#76),#2211,.T.);
#2327=ADVANCED_FACE('',(#77),#2212,.T.);
#2328=ADVANCED_FACE('',(#78),#2213,.T.);
#2329=ADVANCED_FACE('',(#79),#2214,.T.);
#2330=ADVANCED_FACE('',(#80),#2215,.T.);
#2331=ADVANCED_FACE('',(#81),#2216,.T.);
#2332=ADVANCED_FACE('',(#82),#2217,.T.);
#2333=ADVANCED_FACE('',(#83),#2218,.T.);
#2334=ADVANCED_FACE('',(#84),#2219,.T.);
#2335=ADVANCED_FACE('',(#85),#2220,.T.);
#2336=ADVANCED_FACE('',(#86),#2221,.T.);
#2337=ADVANCED_FACE('',(#87),#2222,.T.);
#2338=ADVANCED_FACE('',(#88),#2223,.T.);
#2339=ADVANCED_FACE('',(#89),#2224,.T.);
#2340=ADVANCED_FACE('',(#90),#2225,.T.);
#2341=ADVANCED_FACE('',(#91),#2226,.T.);
#2342=ADVANCED_FACE('',(#92),#2227,.T.);
#2343=ADVANCED_FACE('',(#93),#2228,.T.);
#2344=ADVANCED_FACE('',(#94),#2229,.T.);
#2345=ADVANCED_FACE('',(#95),#2230,.T.);
#2346=ADVANCED_FACE('',(#96),#2231,.T.);
#2347=ADVANCED_FACE('',(#97),#2232,.T.);
#2348=ADVANCED_FACE('',(#98),#2233,.T.);
#2349=ADVANCED_FACE('',(#99),#2234,.T.);
#2350=ADVANCED_FACE('',(#100),#2235,.T.);
#2351=ADVANCED_FACE('',(#101),#2236,.T.);
#2352=ADVANCED_FACE('',(#102),#2237,.T.);
#2353=ADVANCED_FACE('',(#103),#2238,.T.);
#2354=ADVANCED_FACE('',(#104),#2239,.T.);
#2355=ADVANCED_FACE('',(#105),#2240,.T.);
#2356=ADVANCED_FACE('',(#106),#2241,.T.);
#2357=ADVANCED_FACE('',(#107),#2242,.T.);
#2358=ADVANCED_FACE('',(#108),#2243,.T.);
#2359=ADVANCED_FACE('',(#109),#2244,.T.);
#2360=ADVANCED_FACE('',(#110),#2245,.T.);
#2361=ADVANCED_FACE('',(#111),#2246,.T.);
#2362=ADVANCED_FACE('',(#112),#2247,.T.);
#2363=ADVANCED_FACE('',(#113),#2248,.T.);
#2364=ADVANCED_FACE('',(#114),#2249,.T.);
#2365=ADVANCED_FACE('',(#115),#2250,.T.);
#2366=ADVANCED_FACE('',(#116),#2251,.T.);
#2367=ADVANCED_FACE('',(#117),#2252,.T.);
#2368=ADVANCED_FACE('',(#118),#2253,.T.);
#2369=ADVANCED_FACE('',(#119),#2254,.T.);
#2370=ADVANCED_FACE('',(#120),#2255,.T.);
#2371=ADVANCED_FACE('',(#121),#2256,.T.);
#2372=ADVANCED_FACE('',(#122),#2257,.T.);
#2373=ADVANCED_FACE('',(#123),#2258,.T.);
#2374=ADVANCED_FACE('',(#124),#2259,.T.);
#2375=ADVANCED_FACE('',(#125),#2260,.T.);
#2376=ADVANCED_FACE('',(#126,#15),#2261,.T.);
#2377=ADVANCED_FACE('',(#127),#2262,.T.);
#2378=ADVANCED_FACE('',(#128),#2263,.T.);
#2379=ADVANCED_FACE('',(#129),#2264,.T.);
#2380=ADVANCED_FACE('',(#130),#2265,.T.);
#2381=CLOSED_SHELL('',(#2266,#2267,#2268,#2269,#2270,#2271,#2272,#2273,
#2274,#2275,#2276,#2277,#2278,#2279,#2280,#2281,#2282,#2283,#2284,#2285,
#2286,#2287,#2288,#2289,#2290,#2291,#2292,#2293,#2294,#2295,#2296,#2297,
#2298,#2299,#2300,#2301,#2302,#2303,#2304,#2305,#2306,#2307,#2308,#2309,
#2310,#2311,#2312,#2313,#2314,#2315,#2316,#2317,#2318,#2319,#2320,#2321,
#2322,#2323,#2324,#2325,#2326,#2327,#2328,#2329,#2330,#2331,#2332,#2333,
#2334,#2335,#2336,#2337,#2338,#2339,#2340,#2341,#2342,#2343,#2344,#2345,
#2346,#2347,#2348,#2349,#2350,#2351,#2352,#2353,#2354,#2355,#2356,#2357,
#2358,#2359,#2360,#2361,#2362,#2363,#2364,#2365,#2366,#2367,#2368,#2369,
#2370,#2371,#2372,#2373,#2374,#2375,#2376,#2377,#2378,#2379,#2380));
#2382=DERIVED_UNIT_ELEMENT(#2384,1.);
#2383=DERIVED_UNIT_ELEMENT(#3759,-3.);
#2384=(
MASS_UNIT()
NAMED_UNIT(*)
SI_UNIT(.KILO.,.GRAM.)
);
#2385=DERIVED_UNIT((#2382,#2383));
#2386=MEASURE_REPRESENTATION_ITEM('density measure',
POSITIVE_RATIO_MEASURE(7850.),#2385);
#2387=PROPERTY_DEFINITION_REPRESENTATION(#2392,#2389);
#2388=PROPERTY_DEFINITION_REPRESENTATION(#2393,#2390);
#2389=REPRESENTATION('material name',(#2391),#3756);
#2390=REPRESENTATION('density',(#2386),#3756);
#2391=DESCRIPTIVE_REPRESENTATION_ITEM('Steel','Steel');
#2392=PROPERTY_DEFINITION('material property','material name',#3766);
#2393=PROPERTY_DEFINITION('material property','density of part',#3766);
#2394=AXIS2_PLACEMENT_3D('',#3078,#2510,#2511);
#2395=AXIS2_PLACEMENT_3D('',#3079,#2512,#2513);
#2396=AXIS2_PLACEMENT_3D('',#3088,#2518,#2519);
#2397=AXIS2_PLACEMENT_3D('',#3094,#2523,#2524);
#2398=AXIS2_PLACEMENT_3D('',#3100,#2528,#2529);
#2399=AXIS2_PLACEMENT_3D('',#3197,#2578,#2579);
#2400=AXIS2_PLACEMENT_3D('',#3203,#2583,#2584);
#2401=AXIS2_PLACEMENT_3D('',#3207,#2587,#2588);
#2402=AXIS2_PLACEMENT_3D('',#3211,#2591,#2592);
#2403=AXIS2_PLACEMENT_3D('',#3213,#2594,#2595);
#2404=AXIS2_PLACEMENT_3D('',#3219,#2599,#2600);
#2405=AXIS2_PLACEMENT_3D('',#3223,#2603,#2604);
#2406=AXIS2_PLACEMENT_3D('',#3227,#2607,#2608);
#2407=AXIS2_PLACEMENT_3D('',#3229,#2610,#2611);
#2408=AXIS2_PLACEMENT_3D('',#3235,#2615,#2616);
#2409=AXIS2_PLACEMENT_3D('',#3239,#2619,#2620);
#2410=AXIS2_PLACEMENT_3D('',#3243,#2623,#2624);
#2411=AXIS2_PLACEMENT_3D('',#3245,#2626,#2627);
#2412=AXIS2_PLACEMENT_3D('',#3251,#2631,#2632);
#2413=AXIS2_PLACEMENT_3D('',#3255,#2635,#2636);
#2414=AXIS2_PLACEMENT_3D('',#3259,#2639,#2640);
#2415=AXIS2_PLACEMENT_3D('',#3261,#2642,#2643);
#2416=AXIS2_PLACEMENT_3D('',#3267,#2647,#2648);
#2417=AXIS2_PLACEMENT_3D('',#3271,#2651,#2652);
#2418=AXIS2_PLACEMENT_3D('',#3275,#2655,#2656);
#2419=AXIS2_PLACEMENT_3D('',#3277,#2658,#2659);
#2420=AXIS2_PLACEMENT_3D('',#3283,#2663,#2664);
#2421=AXIS2_PLACEMENT_3D('',#3287,#2667,#2668);
#2422=AXIS2_PLACEMENT_3D('',#3291,#2671,#2672);
#2423=AXIS2_PLACEMENT_3D('',#3293,#2674,#2675);
#2424=AXIS2_PLACEMENT_3D('',#3299,#2679,#2680);
#2425=AXIS2_PLACEMENT_3D('',#3303,#2683,#2684);
#2426=AXIS2_PLACEMENT_3D('',#3307,#2687,#2688);
#2427=AXIS2_PLACEMENT_3D('',#3309,#2690,#2691);
#2428=AXIS2_PLACEMENT_3D('',#3315,#2695,#2696);
#2429=AXIS2_PLACEMENT_3D('',#3319,#2699,#2700);
#2430=AXIS2_PLACEMENT_3D('',#3323,#2703,#2704);
#2431=AXIS2_PLACEMENT_3D('',#3325,#2706,#2707);
#2432=AXIS2_PLACEMENT_3D('',#3331,#2711,#2712);
#2433=AXIS2_PLACEMENT_3D('',#3335,#2715,#2716);
#2434=AXIS2_PLACEMENT_3D('',#3339,#2719,#2720);
#2435=AXIS2_PLACEMENT_3D('',#3341,#2722,#2723);
#2436=AXIS2_PLACEMENT_3D('',#3347,#2727,#2728);
#2437=AXIS2_PLACEMENT_3D('',#3351,#2731,#2732);
#2438=AXIS2_PLACEMENT_3D('',#3355,#2735,#2736);
#2439=AXIS2_PLACEMENT_3D('',#3357,#2738,#2739);
#2440=AXIS2_PLACEMENT_3D('',#3363,#2743,#2744);
#2441=AXIS2_PLACEMENT_3D('',#3367,#2747,#2748);
#2442=AXIS2_PLACEMENT_3D('',#3371,#2751,#2752);
#2443=AXIS2_PLACEMENT_3D('',#3373,#2754,#2755);
#2444=AXIS2_PLACEMENT_3D('',#3375,#2757,#2758);
#2445=AXIS2_PLACEMENT_3D('',#3384,#2763,#2764);
#2446=AXIS2_PLACEMENT_3D('',#3390,#2768,#2769);
#2447=AXIS2_PLACEMENT_3D('',#3396,#2773,#2774);
#2448=AXIS2_PLACEMENT_3D('',#3398,#2776,#2777);
#2449=AXIS2_PLACEMENT_3D('',#3407,#2782,#2783);
#2450=AXIS2_PLACEMENT_3D('',#3413,#2787,#2788);
#2451=AXIS2_PLACEMENT_3D('',#3419,#2792,#2793);
#2452=AXIS2_PLACEMENT_3D('',#3421,#2795,#2796);
#2453=AXIS2_PLACEMENT_3D('',#3430,#2801,#2802);
#2454=AXIS2_PLACEMENT_3D('',#3436,#2806,#2807);
#2455=AXIS2_PLACEMENT_3D('',#3442,#2811,#2812);
#2456=AXIS2_PLACEMENT_3D('',#3444,#2814,#2815);
#2457=AXIS2_PLACEMENT_3D('',#3453,#2820,#2821);
#2458=AXIS2_PLACEMENT_3D('',#3459,#2825,#2826);
#2459=AXIS2_PLACEMENT_3D('',#3465,#2830,#2831);
#2460=AXIS2_PLACEMENT_3D('',#3467,#2833,#2834);
#2461=AXIS2_PLACEMENT_3D('',#3476,#2839,#2840);
#2462=AXIS2_PLACEMENT_3D('',#3482,#2844,#2845);
#2463=AXIS2_PLACEMENT_3D('',#3488,#2849,#2850);
#2464=AXIS2_PLACEMENT_3D('',#3490,#2852,#2853);
#2465=AXIS2_PLACEMENT_3D('',#3499,#2858,#2859);
#2466=AXIS2_PLACEMENT_3D('',#3505,#2863,#2864);
#2467=AXIS2_PLACEMENT_3D('',#3511,#2868,#2869);
#2468=AXIS2_PLACEMENT_3D('',#3513,#2871,#2872);
#2469=AXIS2_PLACEMENT_3D('',#3522,#2877,#2878);
#2470=AXIS2_PLACEMENT_3D('',#3528,#2882,#2883);
#2471=AXIS2_PLACEMENT_3D('',#3534,#2887,#2888);
#2472=AXIS2_PLACEMENT_3D('',#3536,#2890,#2891);
#2473=AXIS2_PLACEMENT_3D('',#3545,#2896,#2897);
#2474=AXIS2_PLACEMENT_3D('',#3551,#2901,#2902);
#2475=AXIS2_PLACEMENT_3D('',#3557,#2906,#2907);
#2476=AXIS2_PLACEMENT_3D('',#3559,#2909,#2910);
#2477=AXIS2_PLACEMENT_3D('',#3568,#2915,#2916);
#2478=AXIS2_PLACEMENT_3D('',#3574,#2920,#2921);
#2479=AXIS2_PLACEMENT_3D('',#3580,#2925,#2926);
#2480=AXIS2_PLACEMENT_3D('',#3582,#2928,#2929);
#2481=AXIS2_PLACEMENT_3D('',#3591,#2934,#2935);
#2482=AXIS2_PLACEMENT_3D('',#3597,#2939,#2940);
#2483=AXIS2_PLACEMENT_3D('',#3603,#2944,#2945);
#2484=AXIS2_PLACEMENT_3D('',#3605,#2947,#2948);
#2485=AXIS2_PLACEMENT_3D('',#3614,#2953,#2954);
#2486=AXIS2_PLACEMENT_3D('',#3620,#2958,#2959);
#2487=AXIS2_PLACEMENT_3D('',#3626,#2963,#2964);
#2488=AXIS2_PLACEMENT_3D('',#3628,#2966,#2967);
#2489=AXIS2_PLACEMENT_3D('',#3637,#2972,#2973);
#2490=AXIS2_PLACEMENT_3D('',#3643,#2977,#2978);
#2491=AXIS2_PLACEMENT_3D('',#3649,#2982,#2983);
#2492=AXIS2_PLACEMENT_3D('',#3651,#2985,#2986);
#2493=AXIS2_PLACEMENT_3D('',#3660,#2991,#2992);
#2494=AXIS2_PLACEMENT_3D('',#3666,#2996,#2997);
#2495=AXIS2_PLACEMENT_3D('',#3672,#3001,#3002);
#2496=AXIS2_PLACEMENT_3D('',#3674,#3004,#3005);
#2497=AXIS2_PLACEMENT_3D('',#3683,#3010,#3011);
#2498=AXIS2_PLACEMENT_3D('',#3689,#3015,#3016);
#2499=AXIS2_PLACEMENT_3D('',#3695,#3020,#3021);
#2500=AXIS2_PLACEMENT_3D('',#3697,#3023,#3024);
#2501=AXIS2_PLACEMENT_3D('',#3706,#3029,#3030);
#2502=AXIS2_PLACEMENT_3D('',#3712,#3034,#3035);
#2503=AXIS2_PLACEMENT_3D('',#3718,#3039,#3040);
#2504=AXIS2_PLACEMENT_3D('',#3720,#3042,#3043);
#2505=AXIS2_PLACEMENT_3D('',#3726,#3047,#3048);
#2506=AXIS2_PLACEMENT_3D('',#3731,#3052,#3053);
#2507=AXIS2_PLACEMENT_3D('',#3735,#3056,#3057);
#2508=AXIS2_PLACEMENT_3D('',#3752,#3074,#3075);
#2509=AXIS2_PLACEMENT_3D('',#3753,#3076,#3077);
#2510=DIRECTION('axis',(0.,0.,1.));
#2511=DIRECTION('refdir',(1.,0.,0.));
#2512=DIRECTION('center_axis',(-1.,0.,0.));
#2513=DIRECTION('ref_axis',(0.,1.,0.));
#2514=DIRECTION('',(0.,1.,2.22044604925031E-16));
#2515=DIRECTION('',(0.,-2.22044604925031E-16,1.));
#2516=DIRECTION('',(0.,1.,0.));
#2517=DIRECTION('',(0.,2.22044604925031E-16,-1.));
#2518=DIRECTION('center_axis',(0.,-2.22044604925031E-16,1.));
#2519=DIRECTION('ref_axis',(-1.,0.,0.));
#2520=DIRECTION('',(1.,0.,0.));
#2521=DIRECTION('',(0.,-1.,-2.22044604925031E-16));
#2522=DIRECTION('',(-1.,0.,0.));
#2523=DIRECTION('center_axis',(1.,0.,0.));
#2524=DIRECTION('ref_axis',(0.,-1.,0.));
#2525=DIRECTION('',(0.,-2.22044604925031E-16,1.));
#2526=DIRECTION('',(0.,-1.,0.));
#2527=DIRECTION('',(0.,2.22044604925031E-16,-1.));
#2528=DIRECTION('center_axis',(0.,1.,0.));
#2529=DIRECTION('ref_axis',(0.,0.,1.));
#2530=DIRECTION('',(-1.,0.,0.));
#2531=DIRECTION('',(0.,0.,1.));
#2532=DIRECTION('',(1.,0.,0.));
#2533=DIRECTION('',(0.,0.,-1.));
#2534=DIRECTION('',(-1.,0.,0.));
#2535=DIRECTION('',(0.,0.,1.));
#2536=DIRECTION('',(-1.,0.,0.));
#2537=DIRECTION('',(0.,0.,-1.));
#2538=DIRECTION('',(-1.,0.,0.));
#2539=DIRECTION('',(0.,0.,1.));
#2540=DIRECTION('',(-1.,0.,0.));
#2541=DIRECTION('',(0.,0.,-1.));
#2542=DIRECTION('',(-1.,0.,0.));
#2543=DIRECTION('',(0.,0.,1.));
#2544=DIRECTION('',(-1.,0.,0.));
#2545=DIRECTION('',(0.,0.,-1.));
#2546=DIRECTION('',(-1.,0.,0.));
#2547=DIRECTION('',(0.,0.,1.));
#2548=DIRECTION('',(-1.,0.,0.));
#2549=DIRECTION('',(0.,0.,-1.));
#2550=DIRECTION('',(-1.,0.,0.));
#2551=DIRECTION('',(0.,0.,1.));
#2552=DIRECTION('',(-1.,0.,0.));
#2553=DIRECTION('',(0.,0.,-1.));
#2554=DIRECTION('',(-1.,0.,0.));
#2555=DIRECTION('',(0.,0.,1.));
#2556=DIRECTION('',(-1.,0.,0.));
#2557=DIRECTION('',(0.,0.,-1.));
#2558=DIRECTION('',(-1.,0.,0.));
#2559=DIRECTION('',(0.,0.,1.));
#2560=DIRECTION('',(-1.,0.,0.));
#2561=DIRECTION('',(0.,0.,-1.));
#2562=DIRECTION('',(-1.,0.,0.));
#2563=DIRECTION('',(0.,0.,1.));
#2564=DIRECTION('',(-1.,0.,0.));
#2565=DIRECTION('',(0.,0.,-1.));
#2566=DIRECTION('',(-1.,0.,0.));
#2567=DIRECTION('',(0.,0.,1.));
#2568=DIRECTION('',(-1.,0.,0.));
#2569=DIRECTION('',(0.,0.,-1.));
#2570=DIRECTION('',(-1.,0.,0.));
#2571=DIRECTION('',(0.,0.,1.));
#2572=DIRECTION('',(-1.,0.,0.));
#2573=DIRECTION('',(0.,0.,-1.));
#2574=DIRECTION('',(-1.,0.,0.));
#2575=DIRECTION('',(0.,0.,1.));
#2576=DIRECTION('',(-1.,0.,0.));
#2577=DIRECTION('',(0.,0.,-1.));
#2578=DIRECTION('center_axis',(1.,0.,0.));
#2579=DIRECTION('ref_axis',(0.,0.,-1.));
#2580=DIRECTION('',(0.,1.,0.));
#2581=DIRECTION('',(0.,0.,-1.));
#2582=DIRECTION('',(0.,1.,0.));
#2583=DIRECTION('center_axis',(0.,0.,1.));
#2584=DIRECTION('ref_axis',(1.,0.,0.));
#2585=DIRECTION('',(1.,0.,0.));
#2586=DIRECTION('',(0.,1.,0.));
#2587=DIRECTION('center_axis',(-1.,0.,0.));
#2588=DIRECTION('ref_axis',(0.,0.,1.));
#2589=DIRECTION('',(0.,0.,1.));
#2590=DIRECTION('',(0.,1.,0.));
#2591=DIRECTION('center_axis',(0.,1.,0.));
#2592=DIRECTION('ref_axis',(0.,0.,1.));
#2593=DIRECTION('',(-1.,0.,0.));
#2594=DIRECTION('center_axis',(1.,0.,0.));
#2595=DIRECTION('ref_axis',(0.,0.,-1.));
#2596=DIRECTION('',(0.,1.,0.));
#2597=DIRECTION('',(0.,0.,-1.));
#2598=DIRECTION('',(0.,1.,0.));
#2599=DIRECTION('center_axis',(0.,0.,1.));
#2600=DIRECTION('ref_axis',(1.,0.,0.));
#2601=DIRECTION('',(1.,0.,0.));
#2602=DIRECTION('',(0.,1.,0.));
#2603=DIRECTION('center_axis',(-1.,0.,0.));
#2604=DIRECTION('ref_axis',(0.,0.,1.));
#2605=DIRECTION('',(0.,0.,1.));
#2606=DIRECTION('',(0.,1.,0.));
#2607=DIRECTION('center_axis',(0.,1.,0.));
#2608=DIRECTION('ref_axis',(0.,0.,1.));
#2609=DIRECTION('',(-1.,0.,0.));
#2610=DIRECTION('center_axis',(1.,0.,0.));
#2611=DIRECTION('ref_axis',(0.,0.,-1.));
#2612=DIRECTION('',(0.,1.,0.));
#2613=DIRECTION('',(0.,0.,-1.));
#2614=DIRECTION('',(0.,1.,0.));
#2615=DIRECTION('center_axis',(0.,0.,1.));
#2616=DIRECTION('ref_axis',(1.,0.,0.));
#2617=DIRECTION('',(1.,0.,0.));
#2618=DIRECTION('',(0.,1.,0.));
#2619=DIRECTION('center_axis',(-1.,0.,0.));
#2620=DIRECTION('ref_axis',(0.,0.,1.));
#2621=DIRECTION('',(0.,0.,1.));
#2622=DIRECTION('',(0.,1.,0.));
#2623=DIRECTION('center_axis',(0.,1.,0.));
#2624=DIRECTION('ref_axis',(0.,0.,1.));
#2625=DIRECTION('',(-1.,0.,0.));
#2626=DIRECTION('center_axis',(1.,0.,0.));
#2627=DIRECTION('ref_axis',(0.,0.,-1.));
#2628=DIRECTION('',(0.,1.,0.));
#2629=DIRECTION('',(0.,0.,-1.));
#2630=DIRECTION('',(0.,1.,0.));
#2631=DIRECTION('center_axis',(0.,0.,1.));
#2632=DIRECTION('ref_axis',(1.,0.,0.));
#2633=DIRECTION('',(1.,0.,0.));
#2634=DIRECTION('',(0.,1.,0.));
#2635=DIRECTION('center_axis',(-1.,0.,0.));
#2636=DIRECTION('ref_axis',(0.,0.,1.));
#2637=DIRECTION('',(0.,0.,1.));
#2638=DIRECTION('',(0.,1.,0.));
#2639=DIRECTION('center_axis',(0.,1.,0.));
#2640=DIRECTION('ref_axis',(0.,0.,1.));
#2641=DIRECTION('',(-1.,0.,0.));
#2642=DIRECTION('center_axis',(1.,0.,0.));
#2643=DIRECTION('ref_axis',(0.,0.,-1.));
#2644=DIRECTION('',(0.,1.,0.));
#2645=DIRECTION('',(0.,0.,-1.));
#2646=DIRECTION('',(0.,1.,0.));
#2647=DIRECTION('center_axis',(0.,0.,1.));
#2648=DIRECTION('ref_axis',(1.,0.,0.));
#2649=DIRECTION('',(1.,0.,0.));
#2650=DIRECTION('',(0.,1.,0.));
#2651=DIRECTION('center_axis',(-1.,0.,0.));
#2652=DIRECTION('ref_axis',(0.,0.,1.));
#2653=DIRECTION('',(0.,0.,1.));
#2654=DIRECTION('',(0.,1.,0.));
#2655=DIRECTION('center_axis',(0.,1.,0.));
#2656=DIRECTION('ref_axis',(0.,0.,1.));
#2657=DIRECTION('',(-1.,0.,0.));
#2658=DIRECTION('center_axis',(1.,0.,0.));
#2659=DIRECTION('ref_axis',(0.,0.,-1.));
#2660=DIRECTION('',(0.,1.,0.));
#2661=DIRECTION('',(0.,0.,-1.));
#2662=DIRECTION('',(0.,1.,0.));
#2663=DIRECTION('center_axis',(0.,0.,1.));
#2664=DIRECTION('ref_axis',(1.,0.,0.));
#2665=DIRECTION('',(1.,0.,0.));
#2666=DIRECTION('',(0.,1.,0.));
#2667=DIRECTION('center_axis',(-1.,0.,0.));
#2668=DIRECTION('ref_axis',(0.,0.,1.));
#2669=DIRECTION('',(0.,0.,1.));
#2670=DIRECTION('',(0.,1.,0.));
#2671=DIRECTION('center_axis',(0.,1.,0.));
#2672=DIRECTION('ref_axis',(0.,0.,1.));
#2673=DIRECTION('',(-1.,0.,0.));
#2674=DIRECTION('center_axis',(1.,0.,0.));
#2675=DIRECTION('ref_axis',(0.,0.,-1.));
#2676=DIRECTION('',(0.,1.,0.));
#2677=DIRECTION('',(0.,0.,-1.));
#2678=DIRECTION('',(0.,1.,0.));
#2679=DIRECTION('center_axis',(0.,0.,1.));
#2680=DIRECTION('ref_axis',(1.,0.,0.));
#2681=DIRECTION('',(1.,0.,0.));
#2682=DIRECTION('',(0.,1.,0.));
#2683=DIRECTION('center_axis',(-1.,0.,0.));
#2684=DIRECTION('ref_axis',(0.,0.,1.));
#2685=DIRECTION('',(0.,0.,1.));
#2686=DIRECTION('',(0.,1.,0.));
#2687=DIRECTION('center_axis',(0.,1.,0.));
#2688=DIRECTION('ref_axis',(0.,0.,1.));
#2689=DIRECTION('',(-1.,0.,0.));
#2690=DIRECTION('center_axis',(1.,0.,0.));
#2691=DIRECTION('ref_axis',(0.,0.,-1.));
#2692=DIRECTION('',(0.,1.,0.));
#2693=DIRECTION('',(0.,0.,-1.));
#2694=DIRECTION('',(0.,1.,0.));
#2695=DIRECTION('center_axis',(0.,0.,1.));
#2696=DIRECTION('ref_axis',(1.,0.,0.));
#2697=DIRECTION('',(1.,0.,0.));
#2698=DIRECTION('',(0.,1.,0.));
#2699=DIRECTION('center_axis',(-1.,0.,0.));
#2700=DIRECTION('ref_axis',(0.,0.,1.));
#2701=DIRECTION('',(0.,0.,1.));
#2702=DIRECTION('',(0.,1.,0.));
#2703=DIRECTION('center_axis',(0.,1.,0.));
#2704=DIRECTION('ref_axis',(0.,0.,1.));
#2705=DIRECTION('',(-1.,0.,0.));
#2706=DIRECTION('center_axis',(1.,0.,0.));
#2707=DIRECTION('ref_axis',(0.,0.,-1.));
#2708=DIRECTION('',(0.,1.,0.));
#2709=DIRECTION('',(0.,0.,-1.));
#2710=DIRECTION('',(0.,1.,0.));
#2711=DIRECTION('center_axis',(0.,0.,1.));
#2712=DIRECTION('ref_axis',(1.,0.,0.));
#2713=DIRECTION('',(1.,0.,0.));
#2714=DIRECTION('',(0.,1.,0.));
#2715=DIRECTION('center_axis',(-1.,0.,0.));
#2716=DIRECTION('ref_axis',(0.,0.,1.));
#2717=DIRECTION('',(0.,0.,1.));
#2718=DIRECTION('',(0.,1.,0.));
#2719=DIRECTION('center_axis',(0.,1.,0.));
#2720=DIRECTION('ref_axis',(0.,0.,1.));
#2721=DIRECTION('',(-1.,0.,0.));
#2722=DIRECTION('center_axis',(1.,0.,0.));
#2723=DIRECTION('ref_axis',(0.,0.,-1.));
#2724=DIRECTION('',(0.,1.,0.));
#2725=DIRECTION('',(0.,0.,-1.));
#2726=DIRECTION('',(0.,1.,0.));
#2727=DIRECTION('center_axis',(0.,0.,1.));
#2728=DIRECTION('ref_axis',(1.,0.,0.));
#2729=DIRECTION('',(1.,0.,0.));
#2730=DIRECTION('',(0.,1.,0.));
#2731=DIRECTION('center_axis',(-1.,0.,0.));
#2732=DIRECTION('ref_axis',(0.,0.,1.));
#2733=DIRECTION('',(0.,0.,1.));
#2734=DIRECTION('',(0.,1.,0.));
#2735=DIRECTION('center_axis',(0.,1.,0.));
#2736=DIRECTION('ref_axis',(0.,0.,1.));
#2737=DIRECTION('',(-1.,0.,0.));
#2738=DIRECTION('center_axis',(1.,0.,0.));
#2739=DIRECTION('ref_axis',(0.,0.,-1.));
#2740=DIRECTION('',(0.,1.,0.));
#2741=DIRECTION('',(0.,0.,-1.));
#2742=DIRECTION('',(0.,1.,0.));
#2743=DIRECTION('center_axis',(0.,0.,1.));
#2744=DIRECTION('ref_axis',(1.,0.,0.));
#2745=DIRECTION('',(1.,0.,0.));
#2746=DIRECTION('',(0.,1.,0.));
#2747=DIRECTION('center_axis',(-1.,0.,0.));
#2748=DIRECTION('ref_axis',(0.,0.,1.));
#2749=DIRECTION('',(0.,0.,1.));
#2750=DIRECTION('',(0.,1.,0.));
#2751=DIRECTION('center_axis',(0.,1.,0.));
#2752=DIRECTION('ref_axis',(0.,0.,1.));
#2753=DIRECTION('',(-1.,0.,0.));
#2754=DIRECTION('center_axis',(0.,-1.,-2.22044604925031E-16));
#2755=DIRECTION('ref_axis',(1.,0.,0.));
#2756=DIRECTION('',(-1.,0.,0.));
#2757=DIRECTION('center_axis',(1.,0.,0.));
#2758=DIRECTION('ref_axis',(0.,-2.22044604925031E-16,1.));
#2759=DIRECTION('',(0.,2.22044604925031E-16,-1.));
#2760=DIRECTION('',(0.,-1.,-2.22044604925031E-16));
#2761=DIRECTION('',(0.,-2.22044604925031E-16,1.));
#2762=DIRECTION('',(0.,-1.,-2.22044604925031E-16));
#2763=DIRECTION('center_axis',(0.,-2.22044604925031E-16,1.));
#2764=DIRECTION('ref_axis',(-1.,0.,0.));
#2765=DIRECTION('',(1.,0.,0.));
#2766=DIRECTION('',(0.,-1.,-2.22044604925031E-16));
#2767=DIRECTION('',(-1.,0.,0.));
#2768=DIRECTION('center_axis',(-1.,0.,0.));
#2769=DIRECTION('ref_axis',(0.,2.22044604925031E-16,-1.));
#2770=DIRECTION('',(0.,-2.22044604925031E-16,1.));
#2771=DIRECTION('',(0.,-1.,-2.22044604925031E-16));
#2772=DIRECTION('',(0.,2.22044604925031E-16,-1.));
#2773=DIRECTION('center_axis',(0.,-1.,-2.22044604925031E-16));
#2774=DIRECTION('ref_axis',(1.,0.,0.));
#2775=DIRECTION('',(1.,0.,0.));
#2776=DIRECTION('center_axis',(1.,0.,0.));
#2777=DIRECTION('ref_axis',(0.,-2.22044604925031E-16,1.));
#2778=DIRECTION('',(0.,2.22044604925031E-16,-1.));
#2779=DIRECTION('',(0.,-1.,-2.22044604925031E-16));
#2780=DIRECTION('',(0.,-2.22044604925031E-16,1.));
#2781=DIRECTION('',(0.,-1.,-2.22044604925031E-16));
#2782=DIRECTION('center_axis',(0.,-2.22044604925031E-16,1.));
#2783=DIRECTION('ref_axis',(-1.,0.,0.));
#2784=DIRECTION('',(1.,0.,0.));
#2785=DIRECTION('',(0.,-1.,-2.22044604925031E-16));
#2786=DIRECTION('',(-1.,0.,0.));
#2787=DIRECTION('center_axis',(-1.,0.,0.));
#2788=DIRECTION('ref_axis',(0.,2.22044604925031E-16,-1.));
#2789=DIRECTION('',(0.,-2.22044604925031E-16,1.));
#2790=DIRECTION('',(0.,-1.,-2.22044604925031E-16));
#2791=DIRECTION('',(0.,2.22044604925031E-16,-1.));
#2792=DIRECTION('center_axis',(0.,-1.,-2.22044604925031E-16));
#2793=DIRECTION('ref_axis',(1.,0.,0.));
#2794=DIRECTION('',(1.,0.,0.));
#2795=DIRECTION('center_axis',(1.,0.,0.));
#2796=DIRECTION('ref_axis',(0.,-2.22044604925031E-16,1.));
#2797=DIRECTION('',(0.,2.22044604925031E-16,-1.));
#2798=DIRECTION('',(0.,-1.,-2.22044604925031E-16));
#2799=DIRECTION('',(0.,-2.22044604925031E-16,1.));
#2800=DIRECTION('',(0.,-1.,-2.22044604925031E-16));
#2801=DIRECTION('center_axis',(0.,-2.22044604925031E-16,1.));
#2802=DIRECTION('ref_axis',(-1.,0.,0.));
#2803=DIRECTION('',(1.,0.,0.));
#2804=DIRECTION('',(0.,-1.,-2.22044604925031E-16));
#2805=DIRECTION('',(-1.,0.,0.));
#2806=DIRECTION('center_axis',(-1.,0.,0.));
#2807=DIRECTION('ref_axis',(0.,2.22044604925031E-16,-1.));
#2808=DIRECTION('',(0.,-2.22044604925031E-16,1.));
#2809=DIRECTION('',(0.,-1.,-2.22044604925031E-16));
#2810=DIRECTION('',(0.,2.22044604925031E-16,-1.));
#2811=DIRECTION('center_axis',(0.,-1.,-2.22044604925031E-16));
#2812=DIRECTION('ref_axis',(1.,0.,0.));
#2813=DIRECTION('',(1.,0.,0.));
#2814=DIRECTION('center_axis',(1.,0.,0.));
#2815=DIRECTION('ref_axis',(0.,-2.22044604925031E-16,1.));
#2816=DIRECTION('',(0.,2.22044604925031E-16,-1.));
#2817=DIRECTION('',(0.,-1.,-2.22044604925031E-16));
#2818=DIRECTION('',(0.,-2.22044604925031E-16,1.));
#2819=DIRECTION('',(0.,-1.,-2.22044604925031E-16));
#2820=DIRECTION('center_axis',(0.,-2.22044604925031E-16,1.));
#2821=DIRECTION('ref_axis',(-1.,0.,0.));
#2822=DIRECTION('',(1.,0.,0.));
#2823=DIRECTION('',(0.,-1.,-2.22044604925031E-16));
#2824=DIRECTION('',(-1.,0.,0.));
#2825=DIRECTION('center_axis',(-1.,0.,0.));
#2826=DIRECTION('ref_axis',(0.,2.22044604925031E-16,-1.));
#2827=DIRECTION('',(0.,-2.22044604925031E-16,1.));
#2828=DIRECTION('',(0.,-1.,-2.22044604925031E-16));
#2829=DIRECTION('',(0.,2.22044604925031E-16,-1.));
#2830=DIRECTION('center_axis',(0.,-1.,-2.22044604925031E-16));
#2831=DIRECTION('ref_axis',(1.,0.,0.));
#2832=DIRECTION('',(1.,0.,0.));
#2833=DIRECTION('center_axis',(1.,0.,0.));
#2834=DIRECTION('ref_axis',(0.,-2.22044604925031E-16,1.));
#2835=DIRECTION('',(0.,2.22044604925031E-16,-1.));
#2836=DIRECTION('',(0.,-1.,-2.22044604925031E-16));
#2837=DIRECTION('',(0.,-2.22044604925031E-16,1.));
#2838=DIRECTION('',(0.,-1.,-2.22044604925031E-16));
#2839=DIRECTION('center_axis',(0.,-2.22044604925031E-16,1.));
#2840=DIRECTION('ref_axis',(-1.,0.,0.));
#2841=DIRECTION('',(1.,0.,0.));
#2842=DIRECTION('',(0.,-1.,-2.22044604925031E-16));
#2843=DIRECTION('',(-1.,0.,0.));
#2844=DIRECTION('center_axis',(-1.,0.,0.));
#2845=DIRECTION('ref_axis',(0.,2.22044604925031E-16,-1.));
#2846=DIRECTION('',(0.,-2.22044604925031E-16,1.));
#2847=DIRECTION('',(0.,-1.,-2.22044604925031E-16));
#2848=DIRECTION('',(0.,2.22044604925031E-16,-1.));
#2849=DIRECTION('center_axis',(0.,-1.,-2.22044604925031E-16));
#2850=DIRECTION('ref_axis',(1.,0.,0.));
#2851=DIRECTION('',(1.,0.,0.));
#2852=DIRECTION('center_axis',(1.,0.,0.));
#2853=DIRECTION('ref_axis',(0.,-2.22044604925031E-16,1.));
#2854=DIRECTION('',(0.,2.22044604925031E-16,-1.));
#2855=DIRECTION('',(0.,-1.,-2.22044604925031E-16));
#2856=DIRECTION('',(0.,-2.22044604925031E-16,1.));
#2857=DIRECTION('',(0.,-1.,-2.22044604925031E-16));
#2858=DIRECTION('center_axis',(0.,-2.22044604925031E-16,1.));
#2859=DIRECTION('ref_axis',(-1.,0.,0.));
#2860=DIRECTION('',(1.,0.,0.));
#2861=DIRECTION('',(0.,-1.,-2.22044604925031E-16));
#2862=DIRECTION('',(-1.,0.,0.));
#2863=DIRECTION('center_axis',(-1.,0.,0.));
#2864=DIRECTION('ref_axis',(0.,2.22044604925031E-16,-1.));
#2865=DIRECTION('',(0.,-2.22044604925031E-16,1.));
#2866=DIRECTION('',(0.,-1.,-2.22044604925031E-16));
#2867=DIRECTION('',(0.,2.22044604925031E-16,-1.));
#2868=DIRECTION('center_axis',(0.,-1.,-2.22044604925031E-16));
#2869=DIRECTION('ref_axis',(1.,0.,0.));
#2870=DIRECTION('',(1.,0.,0.));
#2871=DIRECTION('center_axis',(1.,0.,0.));
#2872=DIRECTION('ref_axis',(0.,-2.22044604925031E-16,1.));
#2873=DIRECTION('',(0.,2.22044604925031E-16,-1.));
#2874=DIRECTION('',(0.,-1.,-2.22044604925031E-16));
#2875=DIRECTION('',(0.,-2.22044604925031E-16,1.));
#2876=DIRECTION('',(0.,-1.,-2.22044604925031E-16));
#2877=DIRECTION('center_axis',(0.,-2.22044604925031E-16,1.));
#2878=DIRECTION('ref_axis',(-1.,0.,0.));
#2879=DIRECTION('',(1.,0.,0.));
#2880=DIRECTION('',(0.,-1.,-2.22044604925031E-16));
#2881=DIRECTION('',(-1.,0.,0.));
#2882=DIRECTION('center_axis',(-1.,0.,0.));
#2883=DIRECTION('ref_axis',(0.,2.22044604925031E-16,-1.));
#2884=DIRECTION('',(0.,-2.22044604925031E-16,1.));
#2885=DIRECTION('',(0.,-1.,-2.22044604925031E-16));
#2886=DIRECTION('',(0.,2.22044604925031E-16,-1.));
#2887=DIRECTION('center_axis',(0.,-1.,-2.22044604925031E-16));
#2888=DIRECTION('ref_axis',(1.,0.,0.));
#2889=DIRECTION('',(1.,0.,0.));
#2890=DIRECTION('center_axis',(1.,0.,0.));
#2891=DIRECTION('ref_axis',(0.,-2.22044604925031E-16,1.));
#2892=DIRECTION('',(0.,2.22044604925031E-16,-1.));
#2893=DIRECTION('',(0.,-1.,-2.22044604925031E-16));
#2894=DIRECTION('',(0.,-2.22044604925031E-16,1.));
#2895=DIRECTION('',(0.,-1.,-2.22044604925031E-16));
#2896=DIRECTION('center_axis',(0.,-2.22044604925031E-16,1.));
#2897=DIRECTION('ref_axis',(-1.,0.,0.));
#2898=DIRECTION('',(1.,0.,0.));
#2899=DIRECTION('',(0.,-1.,-2.22044604925031E-16));
#2900=DIRECTION('',(-1.,0.,0.));
#2901=DIRECTION('center_axis',(-1.,0.,0.));
#2902=DIRECTION('ref_axis',(0.,2.22044604925031E-16,-1.));
#2903=DIRECTION('',(0.,-2.22044604925031E-16,1.));
#2904=DIRECTION('',(0.,-1.,-2.22044604925031E-16));
#2905=DIRECTION('',(0.,2.22044604925031E-16,-1.));
#2906=DIRECTION('center_axis',(0.,-1.,-2.22044604925031E-16));
#2907=DIRECTION('ref_axis',(1.,0.,0.));
#2908=DIRECTION('',(1.,0.,0.));
#2909=DIRECTION('center_axis',(1.,0.,0.));
#2910=DIRECTION('ref_axis',(0.,-2.22044604925031E-16,1.));
#2911=DIRECTION('',(0.,2.22044604925031E-16,-1.));
#2912=DIRECTION('',(0.,-1.,-2.22044604925031E-16));
#2913=DIRECTION('',(0.,-2.22044604925031E-16,1.));
#2914=DIRECTION('',(0.,-1.,-2.22044604925031E-16));
#2915=DIRECTION('center_axis',(0.,-2.22044604925031E-16,1.));
#2916=DIRECTION('ref_axis',(-1.,0.,0.));
#2917=DIRECTION('',(1.,0.,0.));
#2918=DIRECTION('',(0.,-1.,-2.22044604925031E-16));
#2919=DIRECTION('',(-1.,0.,0.));
#2920=DIRECTION('center_axis',(-1.,0.,0.));
#2921=DIRECTION('ref_axis',(0.,2.22044604925031E-16,-1.));
#2922=DIRECTION('',(0.,-2.22044604925031E-16,1.));
#2923=DIRECTION('',(0.,-1.,-2.22044604925031E-16));
#2924=DIRECTION('',(0.,2.22044604925031E-16,-1.));
#2925=DIRECTION('center_axis',(0.,-1.,-2.22044604925031E-16));
#2926=DIRECTION('ref_axis',(1.,0.,0.));
#2927=DIRECTION('',(1.,0.,0.));
#2928=DIRECTION('center_axis',(1.,0.,0.));
#2929=DIRECTION('ref_axis',(0.,-2.22044604925031E-16,1.));
#2930=DIRECTION('',(0.,2.22044604925031E-16,-1.));
#2931=DIRECTION('',(0.,-1.,-2.22044604925031E-16));
#2932=DIRECTION('',(0.,-2.22044604925031E-16,1.));
#2933=DIRECTION('',(0.,-1.,-2.22044604925031E-16));
#2934=DIRECTION('center_axis',(0.,-2.22044604925031E-16,1.));
#2935=DIRECTION('ref_axis',(-1.,0.,0.));
#2936=DIRECTION('',(1.,0.,0.));
#2937=DIRECTION('',(0.,-1.,-2.22044604925031E-16));
#2938=DIRECTION('',(-1.,0.,0.));
#2939=DIRECTION('center_axis',(-1.,0.,0.));
#2940=DIRECTION('ref_axis',(0.,2.22044604925031E-16,-1.));
#2941=DIRECTION('',(0.,-2.22044604925031E-16,1.));
#2942=DIRECTION('',(0.,-1.,-2.22044604925031E-16));
#2943=DIRECTION('',(0.,2.22044604925031E-16,-1.));
#2944=DIRECTION('center_axis',(0.,-1.,-2.22044604925031E-16));
#2945=DIRECTION('ref_axis',(1.,0.,0.));
#2946=DIRECTION('',(1.,0.,0.));
#2947=DIRECTION('center_axis',(1.,0.,0.));
#2948=DIRECTION('ref_axis',(0.,-2.22044604925031E-16,1.));
#2949=DIRECTION('',(0.,2.22044604925031E-16,-1.));
#2950=DIRECTION('',(0.,-1.,-2.22044604925031E-16));
#2951=DIRECTION('',(0.,-2.22044604925031E-16,1.));
#2952=DIRECTION('',(0.,-1.,-2.22044604925031E-16));
#2953=DIRECTION('center_axis',(0.,-2.22044604925031E-16,1.));
#2954=DIRECTION('ref_axis',(-1.,0.,0.));
#2955=DIRECTION('',(1.,0.,0.));
#2956=DIRECTION('',(0.,-1.,-2.22044604925031E-16));
#2957=DIRECTION('',(-1.,0.,0.));
#2958=DIRECTION('center_axis',(-1.,0.,0.));
#2959=DIRECTION('ref_axis',(0.,2.22044604925031E-16,-1.));
#2960=DIRECTION('',(0.,-2.22044604925031E-16,1.));
#2961=DIRECTION('',(0.,-1.,-2.22044604925031E-16));
#2962=DIRECTION('',(0.,2.22044604925031E-16,-1.));
#2963=DIRECTION('center_axis',(0.,-1.,-2.22044604925031E-16));
#2964=DIRECTION('ref_axis',(1.,0.,0.));
#2965=DIRECTION('',(1.,0.,0.));
#2966=DIRECTION('center_axis',(1.,0.,0.));
#2967=DIRECTION('ref_axis',(0.,-2.22044604925031E-16,1.));
#2968=DIRECTION('',(0.,2.22044604925031E-16,-1.));
#2969=DIRECTION('',(0.,-1.,-2.22044604925031E-16));
#2970=DIRECTION('',(0.,-2.22044604925031E-16,1.));
#2971=DIRECTION('',(0.,-1.,-2.22044604925031E-16));
#2972=DIRECTION('center_axis',(0.,-2.22044604925031E-16,1.));
#2973=DIRECTION('ref_axis',(-1.,0.,0.));
#2974=DIRECTION('',(1.,0.,0.));
#2975=DIRECTION('',(0.,-1.,-2.22044604925031E-16));
#2976=DIRECTION('',(-1.,0.,0.));
#2977=DIRECTION('center_axis',(-1.,0.,0.));
#2978=DIRECTION('ref_axis',(0.,2.22044604925031E-16,-1.));
#2979=DIRECTION('',(0.,-2.22044604925031E-16,1.));
#2980=DIRECTION('',(0.,-1.,-2.22044604925031E-16));
#2981=DIRECTION('',(0.,2.22044604925031E-16,-1.));
#2982=DIRECTION('center_axis',(0.,-1.,-2.22044604925031E-16));
#2983=DIRECTION('ref_axis',(1.,0.,0.));
#2984=DIRECTION('',(1.,0.,0.));
#2985=DIRECTION('center_axis',(1.,0.,0.));
#2986=DIRECTION('ref_axis',(0.,-2.22044604925031E-16,1.));
#2987=DIRECTION('',(0.,2.22044604925031E-16,-1.));
#2988=DIRECTION('',(0.,-1.,-2.22044604925031E-16));
#2989=DIRECTION('',(0.,-2.22044604925031E-16,1.));
#2990=DIRECTION('',(0.,-1.,-2.22044604925031E-16));
#2991=DIRECTION('center_axis',(0.,-2.22044604925031E-16,1.));
#2992=DIRECTION('ref_axis',(-1.,0.,0.));
#2993=DIRECTION('',(1.,0.,0.));
#2994=DIRECTION('',(0.,-1.,-2.22044604925031E-16));
#2995=DIRECTION('',(-1.,0.,0.));
#2996=DIRECTION('center_axis',(-1.,0.,0.));
#2997=DIRECTION('ref_axis',(0.,2.22044604925031E-16,-1.));
#2998=DIRECTION('',(0.,-2.22044604925031E-16,1.));
#2999=DIRECTION('',(0.,-1.,-2.22044604925031E-16));
#3000=DIRECTION('',(0.,2.22044604925031E-16,-1.));
#3001=DIRECTION('center_axis',(0.,-1.,-2.22044604925031E-16));
#3002=DIRECTION('ref_axis',(1.,0.,0.));
#3003=DIRECTION('',(1.,0.,0.));
#3004=DIRECTION('center_axis',(1.,0.,0.));
#3005=DIRECTION('ref_axis',(0.,-2.22044604925031E-16,1.));
#3006=DIRECTION('',(0.,2.22044604925031E-16,-1.));
#3007=DIRECTION('',(0.,-1.,-2.22044604925031E-16));
#3008=DIRECTION('',(0.,-2.22044604925031E-16,1.));
#3009=DIRECTION('',(0.,-1.,-2.22044604925031E-16));
#3010=DIRECTION('center_axis',(0.,-2.22044604925031E-16,1.));
#3011=DIRECTION('ref_axis',(-1.,0.,0.));
#3012=DIRECTION('',(1.,0.,0.));
#3013=DIRECTION('',(0.,-1.,-2.22044604925031E-16));
#3014=DIRECTION('',(-1.,0.,0.));
#3015=DIRECTION('center_axis',(-1.,0.,0.));
#3016=DIRECTION('ref_axis',(0.,2.22044604925031E-16,-1.));
#3017=DIRECTION('',(0.,-2.22044604925031E-16,1.));
#3018=DIRECTION('',(0.,-1.,-2.22044604925031E-16));
#3019=DIRECTION('',(0.,2.22044604925031E-16,-1.));
#3020=DIRECTION('center_axis',(0.,-1.,-2.22044604925031E-16));
#3021=DIRECTION('ref_axis',(1.,0.,0.));
#3022=DIRECTION('',(1.,0.,0.));
#3023=DIRECTION('center_axis',(1.,0.,0.));
#3024=DIRECTION('ref_axis',(0.,-2.22044604925031E-16,1.));
#3025=DIRECTION('',(0.,2.22044604925031E-16,-1.));
#3026=DIRECTION('',(0.,-1.,-2.22044604925031E-16));
#3027=DIRECTION('',(0.,-2.22044604925031E-16,1.));
#3028=DIRECTION('',(0.,-1.,-2.22044604925031E-16));
#3029=DIRECTION('center_axis',(0.,-2.22044604925031E-16,1.));
#3030=DIRECTION('ref_axis',(-1.,0.,0.));
#3031=DIRECTION('',(1.,0.,0.));
#3032=DIRECTION('',(0.,-1.,-2.22044604925031E-16));
#3033=DIRECTION('',(-1.,0.,0.));
#3034=DIRECTION('center_axis',(-1.,0.,0.));
#3035=DIRECTION('ref_axis',(0.,2.22044604925031E-16,-1.));
#3036=DIRECTION('',(0.,-2.22044604925031E-16,1.));
#3037=DIRECTION('',(0.,-1.,-2.22044604925031E-16));
#3038=DIRECTION('',(0.,2.22044604925031E-16,-1.));
#3039=DIRECTION('center_axis',(0.,-1.,-2.22044604925031E-16));
#3040=DIRECTION('ref_axis',(1.,0.,0.));
#3041=DIRECTION('',(1.,0.,0.));
#3042=DIRECTION('center_axis',(-1.,0.,0.));
#3043=DIRECTION('ref_axis',(0.,2.22044604925031E-16,-1.));
#3044=DIRECTION('',(0.,-1.,-2.22044604925031E-16));
#3045=DIRECTION('',(0.,2.22044604925031E-16,-1.));
#3046=DIRECTION('',(0.,-1.,-2.22044604925031E-16));
#3047=DIRECTION('center_axis',(0.,-2.22044604925031E-16,1.));
#3048=DIRECTION('ref_axis',(-1.,0.,0.));
#3049=DIRECTION('',(0.,-1.,-2.22044604925031E-16));
#3050=DIRECTION('',(-1.,0.,0.));
#3051=DIRECTION('',(1.,0.,0.));
#3052=DIRECTION('center_axis',(1.,0.,0.));
#3053=DIRECTION('ref_axis',(0.,-2.22044604925031E-16,1.));
#3054=DIRECTION('',(0.,-2.22044604925031E-16,1.));
#3055=DIRECTION('',(0.,-1.,-2.22044604925031E-16));
#3056=DIRECTION('center_axis',(0.,2.22044604925031E-16,-1.));
#3057=DIRECTION('ref_axis',(1.,0.,0.));
#3058=DIRECTION('',(1.,0.,0.));
#3059=DIRECTION('',(1.,0.,0.));
#3060=DIRECTION('',(1.,0.,0.));
#3061=DIRECTION('',(1.,0.,0.));
#3062=DIRECTION('',(1.,0.,0.));
#3063=DIRECTION('',(1.,0.,0.));
#3064=DIRECTION('',(1.,0.,0.));
#3065=DIRECTION('',(1.,0.,0.));
#3066=DIRECTION('',(1.,0.,0.));
#3067=DIRECTION('',(1.,0.,0.));
#3068=DIRECTION('',(1.,0.,0.));
#3069=DIRECTION('',(1.,0.,0.));
#3070=DIRECTION('',(1.,0.,0.));
#3071=DIRECTION('',(1.,0.,0.));
#3072=DIRECTION('',(1.,0.,0.));
#3073=DIRECTION('',(1.,0.,0.));
#3074=DIRECTION('center_axis',(0.,-1.,-2.22044604925031E-16));
#3075=DIRECTION('ref_axis',(1.,0.,0.));
#3076=DIRECTION('center_axis',(0.,-1.,-2.22044604925031E-16));
#3077=DIRECTION('ref_axis',(1.,0.,0.));
#3078=CARTESIAN_POINT('',(0.,0.,0.));
#3079=CARTESIAN_POINT('Origin',(367.5,-98.0000015348196,5.00000153481961));
#3080=CARTESIAN_POINT('',(367.5,-98.0000015348196,5.00000153481961));
#3081=CARTESIAN_POINT('',(367.5,-93.000001385808,5.00000153481961));
#3082=CARTESIAN_POINT('',(367.5,-95.5000015348196,5.00000153481961));
#3083=CARTESIAN_POINT('',(367.5,-98.0000015348196,2.50000153481961));
#3084=CARTESIAN_POINT('',(367.5,-98.0000015348196,4.37500153481961));
#3085=CARTESIAN_POINT('',(367.5,-93.000001385808,2.50000153481961));
#3086=CARTESIAN_POINT('',(367.5,-98.0000015348196,2.50000153481961));
#3087=CARTESIAN_POINT('',(367.5,-93.0000015348196,4.37500153481961));
#3088=CARTESIAN_POINT('Origin',(372.,-93.0000015348196,5.00000153481961));
#3089=CARTESIAN_POINT('',(272.499996691942,-93.000001385808,5.00000153481961));
#3090=CARTESIAN_POINT('',(265.,-93.0000015348196,5.00000153481961));
#3091=CARTESIAN_POINT('',(272.499996691942,-98.0000015348196,5.00000153481961));
#3092=CARTESIAN_POINT('',(272.499996691942,-93.0000014603138,5.00000153481961));
#3093=CARTESIAN_POINT('',(265.,-98.0000015348196,5.00000153481961));
#3094=CARTESIAN_POINT('Origin',(272.499996691942,-93.000001385808,5.00000153481961));
#3095=CARTESIAN_POINT('',(272.499996691942,-93.000001385808,2.50000153481961));
#3096=CARTESIAN_POINT('',(272.499996691942,-93.0000015348196,4.37500153481961));
#3097=CARTESIAN_POINT('',(272.499996691942,-98.0000015348196,2.50000153481961));
#3098=CARTESIAN_POINT('',(272.499996691942,-98.0000015348196,2.50000153481961));
#3099=CARTESIAN_POINT('',(272.499996691942,-98.0000015348196,4.37500153481961));
#3100=CARTESIAN_POINT('Origin',(320.,-92.0000015348196,1.25000153481963));
#3101=CARTESIAN_POINT('',(277.833337356647,-92.0000015348196,1.53481963416358E-6));
#3102=CARTESIAN_POINT('',(265.,-92.0000015348196,1.53481963416358E-6));
#3103=CARTESIAN_POINT('',(375.,-92.0000015348196,1.53481963416358E-6));
#3104=CARTESIAN_POINT('',(265.,-92.0000015348196,2.50000153481963));
#3105=CARTESIAN_POINT('',(265.,-92.0000015348196,1.53481963416358E-6));
#3106=CARTESIAN_POINT('',(375.,-92.0000015348196,2.50000153481963));
#3107=CARTESIAN_POINT('',(265.,-92.0000015348196,2.50000153481963));
#3108=CARTESIAN_POINT('',(375.,-92.0000015348196,1.53481963416358E-6));
#3109=CARTESIAN_POINT('',(375.,-92.0000015348196,2.50000153481963));
#3110=CARTESIAN_POINT('',(362.16667068998,-92.0000015348196,1.53481963416358E-6));
#3111=CARTESIAN_POINT('',(375.,-92.0000015348196,1.53481963416358E-6));
#3112=CARTESIAN_POINT('',(362.16667068998,-92.0000015348196,1.50000153481963));
#3113=CARTESIAN_POINT('',(362.16667068998,-92.0000015348196,1.37500153481963));
#3114=CARTESIAN_POINT('',(356.16667068998,-92.0000015348196,1.50000153481963));
#3115=CARTESIAN_POINT('',(338.08333534499,-92.0000015348196,1.50000153481963));
#3116=CARTESIAN_POINT('',(356.16667068998,-92.0000015348196,1.53481963416358E-6));
#3117=CARTESIAN_POINT('',(356.16667068998,-92.0000015348196,0.625001534819634));
#3118=CARTESIAN_POINT('',(354.333337356647,-92.0000015348196,1.53481963416358E-6));
#3119=CARTESIAN_POINT('',(375.,-92.0000015348196,1.53481963416358E-6));
#3120=CARTESIAN_POINT('',(354.333337356647,-92.0000015348196,1.50000153481963));
#3121=CARTESIAN_POINT('',(354.333337356647,-92.0000015348196,1.37500153481963));
#3122=CARTESIAN_POINT('',(348.333337356647,-92.0000015348196,1.50000153481963));
#3123=CARTESIAN_POINT('',(334.166668678324,-92.0000015348196,1.50000153481963));
#3124=CARTESIAN_POINT('',(348.333337356647,-92.0000015348196,1.53481963416358E-6));
#3125=CARTESIAN_POINT('',(348.333337356647,-92.0000015348196,0.625001534819634));
#3126=CARTESIAN_POINT('',(346.500004023314,-92.0000015348196,1.53481963416358E-6));
#3127=CARTESIAN_POINT('',(375.,-92.0000015348196,1.53481963416358E-6));
#3128=CARTESIAN_POINT('',(346.500004023314,-92.0000015348196,1.50000153481963));
#3129=CARTESIAN_POINT('',(346.500004023314,-92.0000015348196,1.37500153481963));
#3130=CARTESIAN_POINT('',(340.500004023314,-92.0000015348196,1.50000153481963));
#3131=CARTESIAN_POINT('',(330.250002011657,-92.0000015348196,1.50000153481963));
#3132=CARTESIAN_POINT('',(340.500004023314,-92.0000015348196,1.53481963416358E-6));
#3133=CARTESIAN_POINT('',(340.500004023314,-92.0000015348196,0.625001534819634));
#3134=CARTESIAN_POINT('',(338.66667068998,-92.0000015348196,1.53481963416358E-6));
#3135=CARTESIAN_POINT('',(375.,-92.0000015348196,1.53481963416358E-6));
#3136=CARTESIAN_POINT('',(338.66667068998,-92.0000015348196,1.50000153481963));
#3137=CARTESIAN_POINT('',(338.66667068998,-92.0000015348196,1.37500153481963));
#3138=CARTESIAN_POINT('',(332.66667068998,-92.0000015348196,1.50000153481963));
#3139=CARTESIAN_POINT('',(326.33333534499,-92.0000015348196,1.50000153481963));
#3140=CARTESIAN_POINT('',(332.66667068998,-92.0000015348196,1.53481963416358E-6));
#3141=CARTESIAN_POINT('',(332.66667068998,-92.0000015348196,0.625001534819634));
#3142=CARTESIAN_POINT('',(330.833337356647,-92.0000015348196,1.53481963416358E-6));
#3143=CARTESIAN_POINT('',(375.,-92.0000015348196,1.53481963416358E-6));
#3144=CARTESIAN_POINT('',(330.833337356647,-92.0000015348196,1.50000153481963));
#3145=CARTESIAN_POINT('',(330.833337356647,-92.0000015348196,1.37500153481963));
#3146=CARTESIAN_POINT('',(324.833337356647,-92.0000015348196,1.50000153481963));
#3147=CARTESIAN_POINT('',(322.416668678323,-92.0000015348196,1.50000153481963));
#3148=CARTESIAN_POINT('',(324.833337356647,-92.0000015348196,1.53481963416358E-6));
#3149=CARTESIAN_POINT('',(324.833337356647,-92.0000015348196,0.625001534819634));
#3150=CARTESIAN_POINT('',(323.000004023314,-92.0000015348196,1.53481963416358E-6));
#3151=CARTESIAN_POINT('',(375.,-92.0000015348196,1.53481963416358E-6));
#3152=CARTESIAN_POINT('',(323.000004023314,-92.0000015348196,1.50000153481963));
#3153=CARTESIAN_POINT('',(323.000004023314,-92.0000015348196,1.37500153481963));
#3154=CARTESIAN_POINT('',(317.000004023314,-92.0000015348196,1.50000153481963));
#3155=CARTESIAN_POINT('',(318.500002011657,-92.0000015348196,1.50000153481963));
#3156=CARTESIAN_POINT('',(317.000004023314,-92.0000015348196,1.53481963416358E-6));
#3157=CARTESIAN_POINT('',(317.000004023314,-92.0000015348196,0.625001534819634));
#3158=CARTESIAN_POINT('',(315.16667068998,-92.0000015348196,1.53481963416358E-6));
#3159=CARTESIAN_POINT('',(375.,-92.0000015348196,1.53481963416358E-6));
#3160=CARTESIAN_POINT('',(315.16667068998,-92.0000015348196,1.50000153481963));
#3161=CARTESIAN_POINT('',(315.16667068998,-92.0000015348196,1.37500153481963));
#3162=CARTESIAN_POINT('',(309.16667068998,-92.0000015348196,1.50000153481963));
#3163=CARTESIAN_POINT('',(314.58333534499,-92.0000015348196,1.50000153481963));
#3164=CARTESIAN_POINT('',(309.16667068998,-92.0000015348196,1.53481963416358E-6));
#3165=CARTESIAN_POINT('',(309.16667068998,-92.0000015348196,0.625001534819634));
#3166=CARTESIAN_POINT('',(307.333337356647,-92.0000015348196,1.53481963416358E-6));
#3167=CARTESIAN_POINT('',(375.,-92.0000015348196,1.53481963416358E-6));
#3168=CARTESIAN_POINT('',(307.333337356647,-92.0000015348196,1.50000153481963));
#3169=CARTESIAN_POINT('',(307.333337356647,-92.0000015348196,1.37500153481963));
#3170=CARTESIAN_POINT('',(301.333337356647,-92.0000015348196,1.50000153481963));
#3171=CARTESIAN_POINT('',(310.666668678323,-92.0000015348196,1.50000153481963));
#3172=CARTESIAN_POINT('',(301.333337356647,-92.0000015348196,1.53481963416358E-6));
#3173=CARTESIAN_POINT('',(301.333337356647,-92.0000015348196,0.625001534819634));
#3174=CARTESIAN_POINT('',(299.500004023314,-92.0000015348196,1.53481963416358E-6));
#3175=CARTESIAN_POINT('',(375.,-92.0000015348196,1.53481963416358E-6));
#3176=CARTESIAN_POINT('',(299.500004023314,-92.0000015348196,1.50000153481963));
#3177=CARTESIAN_POINT('',(299.500004023314,-92.0000015348196,1.37500153481963));
#3178=CARTESIAN_POINT('',(293.500004023314,-92.0000015348196,1.50000153481963));
#3179=CARTESIAN_POINT('',(306.750002011657,-92.0000015348196,1.50000153481963));
#3180=CARTESIAN_POINT('',(293.500004023314,-92.0000015348196,1.53481963416358E-6));
#3181=CARTESIAN_POINT('',(293.500004023314,-92.0000015348196,0.625001534819634));
#3182=CARTESIAN_POINT('',(291.66667068998,-92.0000015348196,1.53481963416358E-6));
#3183=CARTESIAN_POINT('',(375.,-92.0000015348196,1.53481963416358E-6));
#3184=CARTESIAN_POINT('',(291.66667068998,-92.0000015348196,1.50000153481963));
#3185=CARTESIAN_POINT('',(291.66667068998,-92.0000015348196,1.37500153481963));
#3186=CARTESIAN_POINT('',(285.66667068998,-92.0000015348196,1.50000153481963));
#3187=CARTESIAN_POINT('',(302.83333534499,-92.0000015348196,1.50000153481963));
#3188=CARTESIAN_POINT('',(285.66667068998,-92.0000015348196,1.53481963416358E-6));
#3189=CARTESIAN_POINT('',(285.66667068998,-92.0000015348196,0.625001534819634));
#3190=CARTESIAN_POINT('',(283.833337356647,-92.0000015348196,1.53481963416358E-6));
#3191=CARTESIAN_POINT('',(375.,-92.0000015348196,1.53481963416358E-6));
#3192=CARTESIAN_POINT('',(283.833337356647,-92.0000015348196,1.50000153481963));
#3193=CARTESIAN_POINT('',(283.833337356647,-92.0000015348196,1.37500153481963));
#3194=CARTESIAN_POINT('',(277.833337356647,-92.0000015348196,1.50000153481963));
#3195=CARTESIAN_POINT('',(298.916668678323,-92.0000015348196,1.50000153481963));
#3196=CARTESIAN_POINT('',(277.833337356647,-92.0000015348196,0.625001534819634));
#3197=CARTESIAN_POINT('Origin',(307.333337356647,-92.0000015348196,1.50000153481963));
#3198=CARTESIAN_POINT('',(307.333337356647,-83.5000015348196,1.53481963416358E-6));
#3199=CARTESIAN_POINT('',(307.333337356647,-92.0000015348196,1.53481963416358E-6));
#3200=CARTESIAN_POINT('',(307.333337356647,-83.5000015348196,1.50000153481963));
#3201=CARTESIAN_POINT('',(307.333337356647,-83.5000015348196,1.53481963416358E-6));
#3202=CARTESIAN_POINT('',(307.333337356647,-92.0000015348196,1.50000153481963));
#3203=CARTESIAN_POINT('Origin',(301.333337356647,-92.0000015348196,1.50000153481963));
#3204=CARTESIAN_POINT('',(301.333337356647,-83.5000015348196,1.50000153481963));
#3205=CARTESIAN_POINT('',(307.333337356647,-83.5000015348196,1.50000153481963));
#3206=CARTESIAN_POINT('',(301.333337356647,-92.0000015348196,1.50000153481963));
#3207=CARTESIAN_POINT('Origin',(301.333337356647,-92.0000015348196,1.53481963416358E-6));
#3208=CARTESIAN_POINT('',(301.333337356647,-83.5000015348196,1.53481963416358E-6));
#3209=CARTESIAN_POINT('',(301.333337356647,-83.5000015348196,1.50000153481963));
#3210=CARTESIAN_POINT('',(301.333337356647,-92.0000015348196,1.53481963416358E-6));
#3211=CARTESIAN_POINT('Origin',(304.333337356647,-83.5000015348196,0.750001534819634));
#3212=CARTESIAN_POINT('',(375.,-83.5000015348196,1.53481963416358E-6));
#3213=CARTESIAN_POINT('Origin',(338.66667068998,-92.0000015348196,1.50000153481963));
#3214=CARTESIAN_POINT('',(338.66667068998,-83.5000015348196,1.53481963416358E-6));
#3215=CARTESIAN_POINT('',(338.66667068998,-92.0000015348196,1.53481963416358E-6));
#3216=CARTESIAN_POINT('',(338.66667068998,-83.5000015348196,1.50000153481963));
#3217=CARTESIAN_POINT('',(338.66667068998,-83.5000015348196,1.53481963416358E-6));
#3218=CARTESIAN_POINT('',(338.66667068998,-92.0000015348196,1.50000153481963));
#3219=CARTESIAN_POINT('Origin',(332.66667068998,-92.0000015348196,1.50000153481963));
#3220=CARTESIAN_POINT('',(332.66667068998,-83.5000015348196,1.50000153481963));
#3221=CARTESIAN_POINT('',(338.66667068998,-83.5000015348196,1.50000153481963));
#3222=CARTESIAN_POINT('',(332.66667068998,-92.0000015348196,1.50000153481963));
#3223=CARTESIAN_POINT('Origin',(332.66667068998,-92.0000015348196,1.53481963416358E-6));
#3224=CARTESIAN_POINT('',(332.66667068998,-83.5000015348196,1.53481963416358E-6));
#3225=CARTESIAN_POINT('',(332.66667068998,-83.5000015348196,1.50000153481963));
#3226=CARTESIAN_POINT('',(332.66667068998,-92.0000015348196,1.53481963416358E-6));
#3227=CARTESIAN_POINT('Origin',(335.66667068998,-83.5000015348196,0.750001534819634));
#3228=CARTESIAN_POINT('',(375.,-83.5000015348196,1.53481963416358E-6));
#3229=CARTESIAN_POINT('Origin',(346.500004023314,-92.0000015348196,1.50000153481963));
#3230=CARTESIAN_POINT('',(346.500004023314,-83.5000015348196,1.53481963416358E-6));
#3231=CARTESIAN_POINT('',(346.500004023314,-92.0000015348196,1.53481963416358E-6));
#3232=CARTESIAN_POINT('',(346.500004023314,-83.5000015348196,1.50000153481963));
#3233=CARTESIAN_POINT('',(346.500004023314,-83.5000015348196,1.53481963416358E-6));
#3234=CARTESIAN_POINT('',(346.500004023314,-92.0000015348196,1.50000153481963));
#3235=CARTESIAN_POINT('Origin',(340.500004023314,-92.0000015348196,1.50000153481963));
#3236=CARTESIAN_POINT('',(340.500004023314,-83.5000015348196,1.50000153481963));
#3237=CARTESIAN_POINT('',(346.500004023314,-83.5000015348196,1.50000153481963));
#3238=CARTESIAN_POINT('',(340.500004023314,-92.0000015348196,1.50000153481963));
#3239=CARTESIAN_POINT('Origin',(340.500004023314,-92.0000015348196,1.53481963416358E-6));
#3240=CARTESIAN_POINT('',(340.500004023314,-83.5000015348196,1.53481963416358E-6));
#3241=CARTESIAN_POINT('',(340.500004023314,-83.5000015348196,1.50000153481963));
#3242=CARTESIAN_POINT('',(340.500004023314,-92.0000015348196,1.53481963416358E-6));
#3243=CARTESIAN_POINT('Origin',(343.500004023314,-83.5000015348196,0.750001534819634));
#3244=CARTESIAN_POINT('',(375.,-83.5000015348196,1.53481963416358E-6));
#3245=CARTESIAN_POINT('Origin',(315.16667068998,-92.0000015348196,1.50000153481963));
#3246=CARTESIAN_POINT('',(315.16667068998,-83.5000015348196,1.53481963416358E-6));
#3247=CARTESIAN_POINT('',(315.16667068998,-92.0000015348196,1.53481963416358E-6));
#3248=CARTESIAN_POINT('',(315.16667068998,-83.5000015348196,1.50000153481963));
#3249=CARTESIAN_POINT('',(315.16667068998,-83.5000015348196,1.53481963416358E-6));
#3250=CARTESIAN_POINT('',(315.16667068998,-92.0000015348196,1.50000153481963));
#3251=CARTESIAN_POINT('Origin',(309.16667068998,-92.0000015348196,1.50000153481963));
#3252=CARTESIAN_POINT('',(309.16667068998,-83.5000015348196,1.50000153481963));
#3253=CARTESIAN_POINT('',(315.16667068998,-83.5000015348196,1.50000153481963));
#3254=CARTESIAN_POINT('',(309.16667068998,-92.0000015348196,1.50000153481963));
#3255=CARTESIAN_POINT('Origin',(309.16667068998,-92.0000015348196,1.53481963416358E-6));
#3256=CARTESIAN_POINT('',(309.16667068998,-83.5000015348196,1.53481963416358E-6));
#3257=CARTESIAN_POINT('',(309.16667068998,-83.5000015348196,1.50000153481963));
#3258=CARTESIAN_POINT('',(309.16667068998,-92.0000015348196,1.53481963416358E-6));
#3259=CARTESIAN_POINT('Origin',(312.16667068998,-83.5000015348196,0.750001534819634));
#3260=CARTESIAN_POINT('',(375.,-83.5000015348196,1.53481963416358E-6));
#3261=CARTESIAN_POINT('Origin',(283.833337356647,-92.0000015348196,1.50000153481963));
#3262=CARTESIAN_POINT('',(283.833337356647,-83.5000015348196,1.53481963416358E-6));
#3263=CARTESIAN_POINT('',(283.833337356647,-92.0000015348196,1.53481963416358E-6));
#3264=CARTESIAN_POINT('',(283.833337356647,-83.5000015348196,1.50000153481963));
#3265=CARTESIAN_POINT('',(283.833337356647,-83.5000015348196,1.53481963416358E-6));
#3266=CARTESIAN_POINT('',(283.833337356647,-92.0000015348196,1.50000153481963));
#3267=CARTESIAN_POINT('Origin',(277.833337356647,-92.0000015348196,1.50000153481963));
#3268=CARTESIAN_POINT('',(277.833337356647,-83.5000015348196,1.50000153481963));
#3269=CARTESIAN_POINT('',(283.833337356647,-83.5000015348196,1.50000153481963));
#3270=CARTESIAN_POINT('',(277.833337356647,-92.0000015348196,1.50000153481963));
#3271=CARTESIAN_POINT('Origin',(277.833337356647,-92.0000015348196,1.53481963416358E-6));
#3272=CARTESIAN_POINT('',(277.833337356647,-83.5000015348196,1.53481963416358E-6));
#3273=CARTESIAN_POINT('',(277.833337356647,-83.5000015348196,1.50000153481963));
#3274=CARTESIAN_POINT('',(277.833337356647,-92.0000015348196,1.53481963416358E-6));
#3275=CARTESIAN_POINT('Origin',(280.833337356647,-83.5000015348196,0.750001534819634));
#3276=CARTESIAN_POINT('',(375.,-83.5000015348196,1.53481963416358E-6));
#3277=CARTESIAN_POINT('Origin',(299.500004023314,-92.0000015348196,1.50000153481963));
#3278=CARTESIAN_POINT('',(299.500004023314,-83.5000015348196,1.53481963416358E-6));
#3279=CARTESIAN_POINT('',(299.500004023314,-92.0000015348196,1.53481963416358E-6));
#3280=CARTESIAN_POINT('',(299.500004023314,-83.5000015348196,1.50000153481963));
#3281=CARTESIAN_POINT('',(299.500004023314,-83.5000015348196,1.53481963416358E-6));
#3282=CARTESIAN_POINT('',(299.500004023314,-92.0000015348196,1.50000153481963));
#3283=CARTESIAN_POINT('Origin',(293.500004023314,-92.0000015348196,1.50000153481963));
#3284=CARTESIAN_POINT('',(293.500004023314,-83.5000015348196,1.50000153481963));
#3285=CARTESIAN_POINT('',(299.500004023314,-83.5000015348196,1.50000153481963));
#3286=CARTESIAN_POINT('',(293.500004023314,-92.0000015348196,1.50000153481963));
#3287=CARTESIAN_POINT('Origin',(293.500004023314,-92.0000015348196,1.53481963416358E-6));
#3288=CARTESIAN_POINT('',(293.500004023314,-83.5000015348196,1.53481963416358E-6));
#3289=CARTESIAN_POINT('',(293.500004023314,-83.5000015348196,1.50000153481963));
#3290=CARTESIAN_POINT('',(293.500004023314,-92.0000015348196,1.53481963416358E-6));
#3291=CARTESIAN_POINT('Origin',(296.500004023314,-83.5000015348196,0.750001534819634));
#3292=CARTESIAN_POINT('',(375.,-83.5000015348196,1.53481963416358E-6));
#3293=CARTESIAN_POINT('Origin',(330.833337356647,-92.0000015348196,1.50000153481963));
#3294=CARTESIAN_POINT('',(330.833337356647,-83.5000015348196,1.53481963416358E-6));
#3295=CARTESIAN_POINT('',(330.833337356647,-92.0000015348196,1.53481963416358E-6));
#3296=CARTESIAN_POINT('',(330.833337356647,-83.5000015348196,1.50000153481963));
#3297=CARTESIAN_POINT('',(330.833337356647,-83.5000015348196,1.53481963416358E-6));
#3298=CARTESIAN_POINT('',(330.833337356647,-92.0000015348196,1.50000153481963));
#3299=CARTESIAN_POINT('Origin',(324.833337356647,-92.0000015348196,1.50000153481963));
#3300=CARTESIAN_POINT('',(324.833337356647,-83.5000015348196,1.50000153481963));
#3301=CARTESIAN_POINT('',(330.833337356647,-83.5000015348196,1.50000153481963));
#3302=CARTESIAN_POINT('',(324.833337356647,-92.0000015348196,1.50000153481963));
#3303=CARTESIAN_POINT('Origin',(324.833337356647,-92.0000015348196,1.53481963416358E-6));
#3304=CARTESIAN_POINT('',(324.833337356647,-83.5000015348196,1.53481963416358E-6));
#3305=CARTESIAN_POINT('',(324.833337356647,-83.5000015348196,1.50000153481963));
#3306=CARTESIAN_POINT('',(324.833337356647,-92.0000015348196,1.53481963416358E-6));
#3307=CARTESIAN_POINT('Origin',(327.833337356647,-83.5000015348196,0.750001534819634));
#3308=CARTESIAN_POINT('',(375.,-83.5000015348196,1.53481963416358E-6));
#3309=CARTESIAN_POINT('Origin',(362.16667068998,-92.0000015348196,1.50000153481963));
#3310=CARTESIAN_POINT('',(362.16667068998,-83.5000015348196,1.53481963416358E-6));
#3311=CARTESIAN_POINT('',(362.16667068998,-92.0000015348196,1.53481963416358E-6));
#3312=CARTESIAN_POINT('',(362.16667068998,-83.5000015348196,1.50000153481963));
#3313=CARTESIAN_POINT('',(362.16667068998,-83.5000015348196,1.53481963416358E-6));
#3314=CARTESIAN_POINT('',(362.16667068998,-92.0000015348196,1.50000153481963));
#3315=CARTESIAN_POINT('Origin',(356.16667068998,-92.0000015348196,1.50000153481963));
#3316=CARTESIAN_POINT('',(356.16667068998,-83.5000015348196,1.50000153481963));
#3317=CARTESIAN_POINT('',(362.16667068998,-83.5000015348196,1.50000153481963));
#3318=CARTESIAN_POINT('',(356.16667068998,-92.0000015348196,1.50000153481963));
#3319=CARTESIAN_POINT('Origin',(356.16667068998,-92.0000015348196,1.53481963416358E-6));
#3320=CARTESIAN_POINT('',(356.16667068998,-83.5000015348196,1.53481963416358E-6));
#3321=CARTESIAN_POINT('',(356.16667068998,-83.5000015348196,1.50000153481963));
#3322=CARTESIAN_POINT('',(356.16667068998,-92.0000015348196,1.53481963416358E-6));
#3323=CARTESIAN_POINT('Origin',(359.16667068998,-83.5000015348196,0.750001534819634));
#3324=CARTESIAN_POINT('',(375.,-83.5000015348196,1.53481963416358E-6));
#3325=CARTESIAN_POINT('Origin',(354.333337356647,-92.0000015348196,1.50000153481963));
#3326=CARTESIAN_POINT('',(354.333337356647,-83.5000015348196,1.53481963416358E-6));
#3327=CARTESIAN_POINT('',(354.333337356647,-92.0000015348196,1.53481963416358E-6));
#3328=CARTESIAN_POINT('',(354.333337356647,-83.5000015348196,1.50000153481963));
#3329=CARTESIAN_POINT('',(354.333337356647,-83.5000015348196,1.53481963416358E-6));
#3330=CARTESIAN_POINT('',(354.333337356647,-92.0000015348196,1.50000153481963));
#3331=CARTESIAN_POINT('Origin',(348.333337356647,-92.0000015348196,1.50000153481963));
#3332=CARTESIAN_POINT('',(348.333337356647,-83.5000015348196,1.50000153481963));
#3333=CARTESIAN_POINT('',(354.333337356647,-83.5000015348196,1.50000153481963));
#3334=CARTESIAN_POINT('',(348.333337356647,-92.0000015348196,1.50000153481963));
#3335=CARTESIAN_POINT('Origin',(348.333337356647,-92.0000015348196,1.53481963416358E-6));
#3336=CARTESIAN_POINT('',(348.333337356647,-83.5000015348196,1.53481963416358E-6));
#3337=CARTESIAN_POINT('',(348.333337356647,-83.5000015348196,1.50000153481963));
#3338=CARTESIAN_POINT('',(348.333337356647,-92.0000015348196,1.53481963416358E-6));
#3339=CARTESIAN_POINT('Origin',(351.333337356647,-83.5000015348196,0.750001534819634));
#3340=CARTESIAN_POINT('',(375.,-83.5000015348196,1.53481963416358E-6));
#3341=CARTESIAN_POINT('Origin',(323.000004023314,-92.0000015348196,1.50000153481963));
#3342=CARTESIAN_POINT('',(323.000004023314,-83.5000015348196,1.53481963416358E-6));
#3343=CARTESIAN_POINT('',(323.000004023314,-92.0000015348196,1.53481963416358E-6));
#3344=CARTESIAN_POINT('',(323.000004023314,-83.5000015348196,1.50000153481963));
#3345=CARTESIAN_POINT('',(323.000004023314,-83.5000015348196,1.53481963416358E-6));
#3346=CARTESIAN_POINT('',(323.000004023314,-92.0000015348196,1.50000153481963));
#3347=CARTESIAN_POINT('Origin',(317.000004023314,-92.0000015348196,1.50000153481963));
#3348=CARTESIAN_POINT('',(317.000004023314,-83.5000015348196,1.50000153481963));
#3349=CARTESIAN_POINT('',(323.000004023314,-83.5000015348196,1.50000153481963));
#3350=CARTESIAN_POINT('',(317.000004023314,-92.0000015348196,1.50000153481963));
#3351=CARTESIAN_POINT('Origin',(317.000004023314,-92.0000015348196,1.53481963416358E-6));
#3352=CARTESIAN_POINT('',(317.000004023314,-83.5000015348196,1.53481963416358E-6));
#3353=CARTESIAN_POINT('',(317.000004023314,-83.5000015348196,1.50000153481963));
#3354=CARTESIAN_POINT('',(317.000004023314,-92.0000015348196,1.53481963416358E-6));
#3355=CARTESIAN_POINT('Origin',(320.000004023314,-83.5000015348196,0.750001534819634));
#3356=CARTESIAN_POINT('',(375.,-83.5000015348196,1.53481963416358E-6));
#3357=CARTESIAN_POINT('Origin',(291.66667068998,-92.0000015348196,1.50000153481963));
#3358=CARTESIAN_POINT('',(291.66667068998,-83.5000015348196,1.53481963416358E-6));
#3359=CARTESIAN_POINT('',(291.66667068998,-92.0000015348196,1.53481963416358E-6));
#3360=CARTESIAN_POINT('',(291.66667068998,-83.5000015348196,1.50000153481963));
#3361=CARTESIAN_POINT('',(291.66667068998,-83.5000015348196,1.53481963416358E-6));
#3362=CARTESIAN_POINT('',(291.66667068998,-92.0000015348196,1.50000153481963));
#3363=CARTESIAN_POINT('Origin',(285.66667068998,-92.0000015348196,1.50000153481963));
#3364=CARTESIAN_POINT('',(285.66667068998,-83.5000015348196,1.50000153481963));
#3365=CARTESIAN_POINT('',(291.66667068998,-83.5000015348196,1.50000153481963));
#3366=CARTESIAN_POINT('',(285.66667068998,-92.0000015348196,1.50000153481963));
#3367=CARTESIAN_POINT('Origin',(285.66667068998,-92.0000015348196,1.53481963416358E-6));
#3368=CARTESIAN_POINT('',(285.66667068998,-83.5000015348196,1.53481963416358E-6));
#3369=CARTESIAN_POINT('',(285.66667068998,-83.5000015348196,1.50000153481963));
#3370=CARTESIAN_POINT('',(285.66667068998,-92.0000015348196,1.53481963416358E-6));
#3371=CARTESIAN_POINT('Origin',(288.66667068998,-83.5000015348196,0.750001534819634));
#3372=CARTESIAN_POINT('',(375.,-83.5000015348196,1.53481963416358E-6));
#3373=CARTESIAN_POINT('Origin',(320.000000223517,-93.0000015348196,3.75000153481961));
#3374=CARTESIAN_POINT('',(292.500000111759,-93.0000015348196,2.50000153481963));
#3375=CARTESIAN_POINT('Origin',(322.00000372529,-93.0000015348196,1.77635683940025E-14));
#3376=CARTESIAN_POINT('',(322.00000372529,-99.0000015348196,1.50000000000002));
#3377=CARTESIAN_POINT('',(322.00000372529,-99.0000015348196,1.77635683940025E-14));
#3378=CARTESIAN_POINT('',(322.00000372529,-99.0000015348196,1.50000000000002));
#3379=CARTESIAN_POINT('',(322.00000372529,-107.50000153482,1.50000000000002));
#3380=CARTESIAN_POINT('',(322.00000372529,-93.0000015348196,1.50000000000002));
#3381=CARTESIAN_POINT('',(322.00000372529,-107.50000153482,1.77635683940025E-14));
#3382=CARTESIAN_POINT('',(322.00000372529,-107.50000153482,1.50000000000002));
#3383=CARTESIAN_POINT('',(322.00000372529,-93.0000015348196,1.77635683940025E-14));
#3384=CARTESIAN_POINT('Origin',(322.00000372529,-93.0000015348196,1.50000000000002));
#3385=CARTESIAN_POINT('',(318.00000372529,-99.0000015348196,1.50000000000002));
#3386=CARTESIAN_POINT('',(318.00000372529,-99.0000015348196,1.50000000000002));
#3387=CARTESIAN_POINT('',(318.00000372529,-107.50000153482,1.50000000000002));
#3388=CARTESIAN_POINT('',(318.00000372529,-93.0000015348196,1.50000000000002));
#3389=CARTESIAN_POINT('',(318.00000372529,-107.50000153482,1.50000000000002));
#3390=CARTESIAN_POINT('Origin',(318.00000372529,-93.0000015348196,1.50000000000002));
#3391=CARTESIAN_POINT('',(318.00000372529,-99.0000015348196,1.77635683940025E-14));
#3392=CARTESIAN_POINT('',(318.00000372529,-99.0000015348196,1.77635683940025E-14));
#3393=CARTESIAN_POINT('',(318.00000372529,-107.50000153482,1.77635683940025E-14));
#3394=CARTESIAN_POINT('',(318.00000372529,-93.0000015348196,1.77635683940025E-14));
#3395=CARTESIAN_POINT('',(318.00000372529,-107.50000153482,1.77635683940025E-14));
#3396=CARTESIAN_POINT('Origin',(320.00000372529,-107.50000153482,0.750000000000011));
#3397=CARTESIAN_POINT('',(375.,-107.50000153482,1.53481961362445E-6));
#3398=CARTESIAN_POINT('Origin',(340.00000372529,-93.0000015348196,1.77635683940025E-14));
#3399=CARTESIAN_POINT('',(340.00000372529,-99.0000015348196,1.50000000000002));
#3400=CARTESIAN_POINT('',(340.00000372529,-99.0000015348196,1.77635683940025E-14));
#3401=CARTESIAN_POINT('',(340.00000372529,-99.0000015348196,1.50000000000002));
#3402=CARTESIAN_POINT('',(340.00000372529,-107.50000153482,1.50000000000002));
#3403=CARTESIAN_POINT('',(340.00000372529,-93.0000015348196,1.50000000000002));
#3404=CARTESIAN_POINT('',(340.00000372529,-107.50000153482,1.77635683940025E-14));
#3405=CARTESIAN_POINT('',(340.00000372529,-107.50000153482,1.50000000000002));
#3406=CARTESIAN_POINT('',(340.00000372529,-93.0000015348196,1.77635683940025E-14));
#3407=CARTESIAN_POINT('Origin',(340.00000372529,-93.0000015348196,1.50000000000002));
#3408=CARTESIAN_POINT('',(336.00000372529,-99.0000015348196,1.50000000000002));
#3409=CARTESIAN_POINT('',(336.00000372529,-99.0000015348196,1.50000000000002));
#3410=CARTESIAN_POINT('',(336.00000372529,-107.50000153482,1.50000000000002));
#3411=CARTESIAN_POINT('',(336.00000372529,-93.0000015348196,1.50000000000002));
#3412=CARTESIAN_POINT('',(336.00000372529,-107.50000153482,1.50000000000002));
#3413=CARTESIAN_POINT('Origin',(336.00000372529,-93.0000015348196,1.50000000000002));
#3414=CARTESIAN_POINT('',(336.00000372529,-99.0000015348196,1.77635683940025E-14));
#3415=CARTESIAN_POINT('',(336.00000372529,-99.0000015348196,1.77635683940025E-14));
#3416=CARTESIAN_POINT('',(336.00000372529,-107.50000153482,1.77635683940025E-14));
#3417=CARTESIAN_POINT('',(336.00000372529,-93.0000015348196,1.77635683940025E-14));
#3418=CARTESIAN_POINT('',(336.00000372529,-107.50000153482,1.77635683940025E-14));
#3419=CARTESIAN_POINT('Origin',(338.00000372529,-107.50000153482,0.750000000000011));
#3420=CARTESIAN_POINT('',(375.,-107.50000153482,1.53481961362445E-6));
#3421=CARTESIAN_POINT('Origin',(280.00000372529,-93.0000015348196,1.77635683940025E-14));
#3422=CARTESIAN_POINT('',(280.00000372529,-99.0000015348196,1.50000000000002));
#3423=CARTESIAN_POINT('',(280.00000372529,-99.0000015348196,1.77635683940025E-14));
#3424=CARTESIAN_POINT('',(280.00000372529,-99.0000015348196,1.50000000000002));
#3425=CARTESIAN_POINT('',(280.00000372529,-107.50000153482,1.50000000000002));
#3426=CARTESIAN_POINT('',(280.00000372529,-93.0000015348196,1.50000000000002));
#3427=CARTESIAN_POINT('',(280.00000372529,-107.50000153482,1.77635683940025E-14));
#3428=CARTESIAN_POINT('',(280.00000372529,-107.50000153482,1.50000000000002));
#3429=CARTESIAN_POINT('',(280.00000372529,-93.0000015348196,1.77635683940025E-14));
#3430=CARTESIAN_POINT('Origin',(280.00000372529,-93.0000015348196,1.50000000000002));
#3431=CARTESIAN_POINT('',(276.00000372529,-99.0000015348196,1.50000000000002));
#3432=CARTESIAN_POINT('',(276.00000372529,-99.0000015348196,1.50000000000002));
#3433=CARTESIAN_POINT('',(276.00000372529,-107.50000153482,1.50000000000002));
#3434=CARTESIAN_POINT('',(276.00000372529,-93.0000015348196,1.50000000000002));
#3435=CARTESIAN_POINT('',(276.00000372529,-107.50000153482,1.50000000000002));
#3436=CARTESIAN_POINT('Origin',(276.00000372529,-93.0000015348196,1.50000000000002));
#3437=CARTESIAN_POINT('',(276.00000372529,-99.0000015348196,1.77635683940025E-14));
#3438=CARTESIAN_POINT('',(276.00000372529,-99.0000015348196,1.77635683940025E-14));
#3439=CARTESIAN_POINT('',(276.00000372529,-107.50000153482,1.77635683940025E-14));
#3440=CARTESIAN_POINT('',(276.00000372529,-93.0000015348196,1.77635683940025E-14));
#3441=CARTESIAN_POINT('',(276.00000372529,-107.50000153482,1.77635683940025E-14));
#3442=CARTESIAN_POINT('Origin',(278.00000372529,-107.50000153482,0.750000000000011));
#3443=CARTESIAN_POINT('',(375.,-107.50000153482,1.53481961362445E-6));
#3444=CARTESIAN_POINT('Origin',(346.00000372529,-93.0000015348196,1.77635683940025E-14));
#3445=CARTESIAN_POINT('',(346.00000372529,-99.0000015348196,1.50000000000002));
#3446=CARTESIAN_POINT('',(346.00000372529,-99.0000015348196,1.77635683940025E-14));
#3447=CARTESIAN_POINT('',(346.00000372529,-99.0000015348196,1.50000000000002));
#3448=CARTESIAN_POINT('',(346.00000372529,-107.50000153482,1.50000000000002));
#3449=CARTESIAN_POINT('',(346.00000372529,-93.0000015348196,1.50000000000002));
#3450=CARTESIAN_POINT('',(346.00000372529,-107.50000153482,1.77635683940025E-14));
#3451=CARTESIAN_POINT('',(346.00000372529,-107.50000153482,1.50000000000002));
#3452=CARTESIAN_POINT('',(346.00000372529,-93.0000015348196,1.77635683940025E-14));
#3453=CARTESIAN_POINT('Origin',(346.00000372529,-93.0000015348196,1.50000000000002));
#3454=CARTESIAN_POINT('',(342.00000372529,-99.0000015348196,1.50000000000002));
#3455=CARTESIAN_POINT('',(342.00000372529,-99.0000015348196,1.50000000000002));
#3456=CARTESIAN_POINT('',(342.00000372529,-107.50000153482,1.50000000000002));
#3457=CARTESIAN_POINT('',(342.00000372529,-93.0000015348196,1.50000000000002));
#3458=CARTESIAN_POINT('',(342.00000372529,-107.50000153482,1.50000000000002));
#3459=CARTESIAN_POINT('Origin',(342.00000372529,-93.0000015348196,1.50000000000002));
#3460=CARTESIAN_POINT('',(342.00000372529,-99.0000015348196,1.77635683940025E-14));
#3461=CARTESIAN_POINT('',(342.00000372529,-99.0000015348196,1.77635683940025E-14));
#3462=CARTESIAN_POINT('',(342.00000372529,-107.50000153482,1.77635683940025E-14));
#3463=CARTESIAN_POINT('',(342.00000372529,-93.0000015348196,1.77635683940025E-14));
#3464=CARTESIAN_POINT('',(342.00000372529,-107.50000153482,1.77635683940025E-14));
#3465=CARTESIAN_POINT('Origin',(344.00000372529,-107.50000153482,0.750000000000011));
#3466=CARTESIAN_POINT('',(375.,-107.50000153482,1.53481961362445E-6));
#3467=CARTESIAN_POINT('Origin',(352.00000372529,-93.0000015348196,1.77635683940025E-14));
#3468=CARTESIAN_POINT('',(352.00000372529,-99.0000015348196,1.50000000000002));
#3469=CARTESIAN_POINT('',(352.00000372529,-99.0000015348196,1.77635683940025E-14));
#3470=CARTESIAN_POINT('',(352.00000372529,-99.0000015348196,1.50000000000002));
#3471=CARTESIAN_POINT('',(352.00000372529,-107.50000153482,1.50000000000002));
#3472=CARTESIAN_POINT('',(352.00000372529,-93.0000015348196,1.50000000000002));
#3473=CARTESIAN_POINT('',(352.00000372529,-107.50000153482,1.77635683940025E-14));
#3474=CARTESIAN_POINT('',(352.00000372529,-107.50000153482,1.50000000000002));
#3475=CARTESIAN_POINT('',(352.00000372529,-93.0000015348196,1.77635683940025E-14));
#3476=CARTESIAN_POINT('Origin',(352.00000372529,-93.0000015348196,1.50000000000002));
#3477=CARTESIAN_POINT('',(348.00000372529,-99.0000015348196,1.50000000000002));
#3478=CARTESIAN_POINT('',(348.00000372529,-99.0000015348196,1.50000000000002));
#3479=CARTESIAN_POINT('',(348.00000372529,-107.50000153482,1.50000000000002));
#3480=CARTESIAN_POINT('',(348.00000372529,-93.0000015348196,1.50000000000002));
#3481=CARTESIAN_POINT('',(348.00000372529,-107.50000153482,1.50000000000002));
#3482=CARTESIAN_POINT('Origin',(348.00000372529,-93.0000015348196,1.50000000000002));
#3483=CARTESIAN_POINT('',(348.00000372529,-99.0000015348196,1.77635683940025E-14));
#3484=CARTESIAN_POINT('',(348.00000372529,-99.0000015348196,1.77635683940025E-14));
#3485=CARTESIAN_POINT('',(348.00000372529,-107.50000153482,1.77635683940025E-14));
#3486=CARTESIAN_POINT('',(348.00000372529,-93.0000015348196,1.77635683940025E-14));
#3487=CARTESIAN_POINT('',(348.00000372529,-107.50000153482,1.77635683940025E-14));
#3488=CARTESIAN_POINT('Origin',(350.00000372529,-107.50000153482,0.750000000000011));
#3489=CARTESIAN_POINT('',(375.,-107.50000153482,1.53481961362445E-6));
#3490=CARTESIAN_POINT('Origin',(328.00000372529,-93.0000015348196,1.77635683940025E-14));
#3491=CARTESIAN_POINT('',(328.00000372529,-99.0000015348196,1.50000000000002));
#3492=CARTESIAN_POINT('',(328.00000372529,-99.0000015348196,1.77635683940025E-14));
#3493=CARTESIAN_POINT('',(328.00000372529,-99.0000015348196,1.50000000000002));
#3494=CARTESIAN_POINT('',(328.00000372529,-107.50000153482,1.50000000000002));
#3495=CARTESIAN_POINT('',(328.00000372529,-93.0000015348196,1.50000000000002));
#3496=CARTESIAN_POINT('',(328.00000372529,-107.50000153482,1.77635683940025E-14));
#3497=CARTESIAN_POINT('',(328.00000372529,-107.50000153482,1.50000000000002));
#3498=CARTESIAN_POINT('',(328.00000372529,-93.0000015348196,1.77635683940025E-14));
#3499=CARTESIAN_POINT('Origin',(328.00000372529,-93.0000015348196,1.50000000000002));
#3500=CARTESIAN_POINT('',(324.00000372529,-99.0000015348196,1.50000000000002));
#3501=CARTESIAN_POINT('',(324.00000372529,-99.0000015348196,1.50000000000002));
#3502=CARTESIAN_POINT('',(324.00000372529,-107.50000153482,1.50000000000002));
#3503=CARTESIAN_POINT('',(324.00000372529,-93.0000015348196,1.50000000000002));
#3504=CARTESIAN_POINT('',(324.00000372529,-107.50000153482,1.50000000000002));
#3505=CARTESIAN_POINT('Origin',(324.00000372529,-93.0000015348196,1.50000000000002));
#3506=CARTESIAN_POINT('',(324.00000372529,-99.0000015348196,1.77635683940025E-14));
#3507=CARTESIAN_POINT('',(324.00000372529,-99.0000015348196,1.77635683940025E-14));
#3508=CARTESIAN_POINT('',(324.00000372529,-107.50000153482,1.77635683940025E-14));
#3509=CARTESIAN_POINT('',(324.00000372529,-93.0000015348196,1.77635683940025E-14));
#3510=CARTESIAN_POINT('',(324.00000372529,-107.50000153482,1.77635683940025E-14));
#3511=CARTESIAN_POINT('Origin',(326.00000372529,-107.50000153482,0.750000000000011));
#3512=CARTESIAN_POINT('',(375.,-107.50000153482,1.53481961362445E-6));
#3513=CARTESIAN_POINT('Origin',(334.00000372529,-93.0000015348196,1.77635683940025E-14));
#3514=CARTESIAN_POINT('',(334.00000372529,-99.0000015348196,1.50000000000002));
#3515=CARTESIAN_POINT('',(334.00000372529,-99.0000015348196,1.77635683940025E-14));
#3516=CARTESIAN_POINT('',(334.00000372529,-99.0000015348196,1.50000000000002));
#3517=CARTESIAN_POINT('',(334.00000372529,-107.50000153482,1.50000000000002));
#3518=CARTESIAN_POINT('',(334.00000372529,-93.0000015348196,1.50000000000002));
#3519=CARTESIAN_POINT('',(334.00000372529,-107.50000153482,1.77635683940025E-14));
#3520=CARTESIAN_POINT('',(334.00000372529,-107.50000153482,1.50000000000002));
#3521=CARTESIAN_POINT('',(334.00000372529,-93.0000015348196,1.77635683940025E-14));
#3522=CARTESIAN_POINT('Origin',(334.00000372529,-93.0000015348196,1.50000000000002));
#3523=CARTESIAN_POINT('',(330.00000372529,-99.0000015348196,1.50000000000002));
#3524=CARTESIAN_POINT('',(330.00000372529,-99.0000015348196,1.50000000000002));
#3525=CARTESIAN_POINT('',(330.00000372529,-107.50000153482,1.50000000000002));
#3526=CARTESIAN_POINT('',(330.00000372529,-93.0000015348196,1.50000000000002));
#3527=CARTESIAN_POINT('',(330.00000372529,-107.50000153482,1.50000000000002));
#3528=CARTESIAN_POINT('Origin',(330.00000372529,-93.0000015348196,1.50000000000002));
#3529=CARTESIAN_POINT('',(330.00000372529,-99.0000015348196,1.77635683940025E-14));
#3530=CARTESIAN_POINT('',(330.00000372529,-99.0000015348196,1.77635683940025E-14));
#3531=CARTESIAN_POINT('',(330.00000372529,-107.50000153482,1.77635683940025E-14));
#3532=CARTESIAN_POINT('',(330.00000372529,-93.0000015348196,1.77635683940025E-14));
#3533=CARTESIAN_POINT('',(330.00000372529,-107.50000153482,1.77635683940025E-14));
#3534=CARTESIAN_POINT('Origin',(332.00000372529,-107.50000153482,0.750000000000011));
#3535=CARTESIAN_POINT('',(375.,-107.50000153482,1.53481961362445E-6));
#3536=CARTESIAN_POINT('Origin',(286.00000372529,-93.0000015348196,1.77635683940025E-14));
#3537=CARTESIAN_POINT('',(286.00000372529,-99.0000015348196,1.50000000000002));
#3538=CARTESIAN_POINT('',(286.00000372529,-99.0000015348196,1.77635683940025E-14));
#3539=CARTESIAN_POINT('',(286.00000372529,-99.0000015348196,1.50000000000002));
#3540=CARTESIAN_POINT('',(286.00000372529,-107.50000153482,1.50000000000002));
#3541=CARTESIAN_POINT('',(286.00000372529,-93.0000015348196,1.50000000000002));
#3542=CARTESIAN_POINT('',(286.00000372529,-107.50000153482,1.77635683940025E-14));
#3543=CARTESIAN_POINT('',(286.00000372529,-107.50000153482,1.50000000000002));
#3544=CARTESIAN_POINT('',(286.00000372529,-93.0000015348196,1.77635683940025E-14));
#3545=CARTESIAN_POINT('Origin',(286.00000372529,-93.0000015348196,1.50000000000002));
#3546=CARTESIAN_POINT('',(282.00000372529,-99.0000015348196,1.50000000000002));
#3547=CARTESIAN_POINT('',(282.00000372529,-99.0000015348196,1.50000000000002));
#3548=CARTESIAN_POINT('',(282.00000372529,-107.50000153482,1.50000000000002));
#3549=CARTESIAN_POINT('',(282.00000372529,-93.0000015348196,1.50000000000002));
#3550=CARTESIAN_POINT('',(282.00000372529,-107.50000153482,1.50000000000002));
#3551=CARTESIAN_POINT('Origin',(282.00000372529,-93.0000015348196,1.50000000000002));
#3552=CARTESIAN_POINT('',(282.00000372529,-99.0000015348196,1.77635683940025E-14));
#3553=CARTESIAN_POINT('',(282.00000372529,-99.0000015348196,1.77635683940025E-14));
#3554=CARTESIAN_POINT('',(282.00000372529,-107.50000153482,1.77635683940025E-14));
#3555=CARTESIAN_POINT('',(282.00000372529,-93.0000015348196,1.77635683940025E-14));
#3556=CARTESIAN_POINT('',(282.00000372529,-107.50000153482,1.77635683940025E-14));
#3557=CARTESIAN_POINT('Origin',(284.00000372529,-107.50000153482,0.750000000000011));
#3558=CARTESIAN_POINT('',(375.,-107.50000153482,1.53481961362445E-6));
#3559=CARTESIAN_POINT('Origin',(358.00000372529,-93.0000015348196,1.77635683940025E-14));
#3560=CARTESIAN_POINT('',(358.00000372529,-99.0000015348196,1.50000000000002));
#3561=CARTESIAN_POINT('',(358.00000372529,-99.0000015348196,1.77635683940025E-14));
#3562=CARTESIAN_POINT('',(358.00000372529,-99.0000015348196,1.50000000000002));
#3563=CARTESIAN_POINT('',(358.00000372529,-107.50000153482,1.50000000000002));
#3564=CARTESIAN_POINT('',(358.00000372529,-93.0000015348196,1.50000000000002));
#3565=CARTESIAN_POINT('',(358.00000372529,-107.50000153482,1.77635683940025E-14));
#3566=CARTESIAN_POINT('',(358.00000372529,-107.50000153482,1.50000000000002));
#3567=CARTESIAN_POINT('',(358.00000372529,-93.0000015348196,1.77635683940025E-14));
#3568=CARTESIAN_POINT('Origin',(358.00000372529,-93.0000015348196,1.50000000000002));
#3569=CARTESIAN_POINT('',(354.00000372529,-99.0000015348196,1.50000000000002));
#3570=CARTESIAN_POINT('',(354.00000372529,-99.0000015348196,1.50000000000002));
#3571=CARTESIAN_POINT('',(354.00000372529,-107.50000153482,1.50000000000002));
#3572=CARTESIAN_POINT('',(354.00000372529,-93.0000015348196,1.50000000000002));
#3573=CARTESIAN_POINT('',(354.00000372529,-107.50000153482,1.50000000000002));
#3574=CARTESIAN_POINT('Origin',(354.00000372529,-93.0000015348196,1.50000000000002));
#3575=CARTESIAN_POINT('',(354.00000372529,-99.0000015348196,1.77635683940025E-14));
#3576=CARTESIAN_POINT('',(354.00000372529,-99.0000015348196,1.77635683940025E-14));
#3577=CARTESIAN_POINT('',(354.00000372529,-107.50000153482,1.77635683940025E-14));
#3578=CARTESIAN_POINT('',(354.00000372529,-93.0000015348196,1.77635683940025E-14));
#3579=CARTESIAN_POINT('',(354.00000372529,-107.50000153482,1.77635683940025E-14));
#3580=CARTESIAN_POINT('Origin',(356.00000372529,-107.50000153482,0.750000000000011));
#3581=CARTESIAN_POINT('',(375.,-107.50000153482,1.53481961362445E-6));
#3582=CARTESIAN_POINT('Origin',(292.00000372529,-93.0000015348196,1.77635683940025E-14));
#3583=CARTESIAN_POINT('',(292.00000372529,-99.0000015348196,1.50000000000002));
#3584=CARTESIAN_POINT('',(292.00000372529,-99.0000015348196,1.77635683940025E-14));
#3585=CARTESIAN_POINT('',(292.00000372529,-99.0000015348196,1.50000000000002));
#3586=CARTESIAN_POINT('',(292.00000372529,-107.50000153482,1.50000000000002));
#3587=CARTESIAN_POINT('',(292.00000372529,-93.0000015348196,1.50000000000002));
#3588=CARTESIAN_POINT('',(292.00000372529,-107.50000153482,1.77635683940025E-14));
#3589=CARTESIAN_POINT('',(292.00000372529,-107.50000153482,1.50000000000002));
#3590=CARTESIAN_POINT('',(292.00000372529,-93.0000015348196,1.77635683940025E-14));
#3591=CARTESIAN_POINT('Origin',(292.00000372529,-93.0000015348196,1.50000000000002));
#3592=CARTESIAN_POINT('',(288.00000372529,-99.0000015348196,1.50000000000002));
#3593=CARTESIAN_POINT('',(288.00000372529,-99.0000015348196,1.50000000000002));
#3594=CARTESIAN_POINT('',(288.00000372529,-107.50000153482,1.50000000000002));
#3595=CARTESIAN_POINT('',(288.00000372529,-93.0000015348196,1.50000000000002));
#3596=CARTESIAN_POINT('',(288.00000372529,-107.50000153482,1.50000000000002));
#3597=CARTESIAN_POINT('Origin',(288.00000372529,-93.0000015348196,1.50000000000002));
#3598=CARTESIAN_POINT('',(288.00000372529,-99.0000015348196,1.77635683940025E-14));
#3599=CARTESIAN_POINT('',(288.00000372529,-99.0000015348196,1.77635683940025E-14));
#3600=CARTESIAN_POINT('',(288.00000372529,-107.50000153482,1.77635683940025E-14));
#3601=CARTESIAN_POINT('',(288.00000372529,-93.0000015348196,1.77635683940025E-14));
#3602=CARTESIAN_POINT('',(288.00000372529,-107.50000153482,1.77635683940025E-14));
#3603=CARTESIAN_POINT('Origin',(290.00000372529,-107.50000153482,0.750000000000011));
#3604=CARTESIAN_POINT('',(375.,-107.50000153482,1.53481961362445E-6));
#3605=CARTESIAN_POINT('Origin',(310.00000372529,-93.0000015348196,1.77635683940025E-14));
#3606=CARTESIAN_POINT('',(310.00000372529,-99.0000015348196,1.50000000000002));
#3607=CARTESIAN_POINT('',(310.00000372529,-99.0000015348196,1.77635683940025E-14));
#3608=CARTESIAN_POINT('',(310.00000372529,-99.0000015348196,1.50000000000002));
#3609=CARTESIAN_POINT('',(310.00000372529,-107.50000153482,1.50000000000002));
#3610=CARTESIAN_POINT('',(310.00000372529,-93.0000015348196,1.50000000000002));
#3611=CARTESIAN_POINT('',(310.00000372529,-107.50000153482,1.77635683940025E-14));
#3612=CARTESIAN_POINT('',(310.00000372529,-107.50000153482,1.50000000000002));
#3613=CARTESIAN_POINT('',(310.00000372529,-93.0000015348196,1.77635683940025E-14));
#3614=CARTESIAN_POINT('Origin',(310.00000372529,-93.0000015348196,1.50000000000002));
#3615=CARTESIAN_POINT('',(306.00000372529,-99.0000015348196,1.50000000000002));
#3616=CARTESIAN_POINT('',(306.00000372529,-99.0000015348196,1.50000000000002));
#3617=CARTESIAN_POINT('',(306.00000372529,-107.50000153482,1.50000000000002));
#3618=CARTESIAN_POINT('',(306.00000372529,-93.0000015348196,1.50000000000002));
#3619=CARTESIAN_POINT('',(306.00000372529,-107.50000153482,1.50000000000002));
#3620=CARTESIAN_POINT('Origin',(306.00000372529,-93.0000015348196,1.50000000000002));
#3621=CARTESIAN_POINT('',(306.00000372529,-99.0000015348196,1.77635683940025E-14));
#3622=CARTESIAN_POINT('',(306.00000372529,-99.0000015348196,1.77635683940025E-14));
#3623=CARTESIAN_POINT('',(306.00000372529,-107.50000153482,1.77635683940025E-14));
#3624=CARTESIAN_POINT('',(306.00000372529,-93.0000015348196,1.77635683940025E-14));
#3625=CARTESIAN_POINT('',(306.00000372529,-107.50000153482,1.77635683940025E-14));
#3626=CARTESIAN_POINT('Origin',(308.00000372529,-107.50000153482,0.750000000000011));
#3627=CARTESIAN_POINT('',(375.,-107.50000153482,1.53481961362445E-6));
#3628=CARTESIAN_POINT('Origin',(304.00000372529,-93.0000015348196,1.77635683940025E-14));
#3629=CARTESIAN_POINT('',(304.00000372529,-99.0000015348196,1.50000000000002));
#3630=CARTESIAN_POINT('',(304.00000372529,-99.0000015348196,1.77635683940025E-14));
#3631=CARTESIAN_POINT('',(304.00000372529,-99.0000015348196,1.50000000000002));
#3632=CARTESIAN_POINT('',(304.00000372529,-107.50000153482,1.50000000000002));
#3633=CARTESIAN_POINT('',(304.00000372529,-93.0000015348196,1.50000000000002));
#3634=CARTESIAN_POINT('',(304.00000372529,-107.50000153482,1.77635683940025E-14));
#3635=CARTESIAN_POINT('',(304.00000372529,-107.50000153482,1.50000000000002));
#3636=CARTESIAN_POINT('',(304.00000372529,-93.0000015348196,1.77635683940025E-14));
#3637=CARTESIAN_POINT('Origin',(304.00000372529,-93.0000015348196,1.50000000000002));
#3638=CARTESIAN_POINT('',(300.00000372529,-99.0000015348196,1.50000000000002));
#3639=CARTESIAN_POINT('',(300.00000372529,-99.0000015348196,1.50000000000002));
#3640=CARTESIAN_POINT('',(300.00000372529,-107.50000153482,1.50000000000002));
#3641=CARTESIAN_POINT('',(300.00000372529,-93.0000015348196,1.50000000000002));
#3642=CARTESIAN_POINT('',(300.00000372529,-107.50000153482,1.50000000000002));
#3643=CARTESIAN_POINT('Origin',(300.00000372529,-93.0000015348196,1.50000000000002));
#3644=CARTESIAN_POINT('',(300.00000372529,-99.0000015348196,1.77635683940025E-14));
#3645=CARTESIAN_POINT('',(300.00000372529,-99.0000015348196,1.77635683940025E-14));
#3646=CARTESIAN_POINT('',(300.00000372529,-107.50000153482,1.77635683940025E-14));
#3647=CARTESIAN_POINT('',(300.00000372529,-93.0000015348196,1.77635683940025E-14));
#3648=CARTESIAN_POINT('',(300.00000372529,-107.50000153482,1.77635683940025E-14));
#3649=CARTESIAN_POINT('Origin',(302.00000372529,-107.50000153482,0.750000000000011));
#3650=CARTESIAN_POINT('',(375.,-107.50000153482,1.53481961362445E-6));
#3651=CARTESIAN_POINT('Origin',(316.00000372529,-93.0000015348196,1.77635683940025E-14));
#3652=CARTESIAN_POINT('',(316.00000372529,-99.0000015348196,1.50000000000002));
#3653=CARTESIAN_POINT('',(316.00000372529,-99.0000015348196,1.77635683940025E-14));
#3654=CARTESIAN_POINT('',(316.00000372529,-99.0000015348196,1.50000000000002));
#3655=CARTESIAN_POINT('',(316.00000372529,-107.50000153482,1.50000000000002));
#3656=CARTESIAN_POINT('',(316.00000372529,-93.0000015348196,1.50000000000002));
#3657=CARTESIAN_POINT('',(316.00000372529,-107.50000153482,1.77635683940025E-14));
#3658=CARTESIAN_POINT('',(316.00000372529,-107.50000153482,1.50000000000002));
#3659=CARTESIAN_POINT('',(316.00000372529,-93.0000015348196,1.77635683940025E-14));
#3660=CARTESIAN_POINT('Origin',(316.00000372529,-93.0000015348196,1.50000000000002));
#3661=CARTESIAN_POINT('',(312.00000372529,-99.0000015348196,1.50000000000002));
#3662=CARTESIAN_POINT('',(312.00000372529,-99.0000015348196,1.50000000000002));
#3663=CARTESIAN_POINT('',(312.00000372529,-107.50000153482,1.50000000000002));
#3664=CARTESIAN_POINT('',(312.00000372529,-93.0000015348196,1.50000000000002));
#3665=CARTESIAN_POINT('',(312.00000372529,-107.50000153482,1.50000000000002));
#3666=CARTESIAN_POINT('Origin',(312.00000372529,-93.0000015348196,1.50000000000002));
#3667=CARTESIAN_POINT('',(312.00000372529,-99.0000015348196,1.77635683940025E-14));
#3668=CARTESIAN_POINT('',(312.00000372529,-99.0000015348196,1.77635683940025E-14));
#3669=CARTESIAN_POINT('',(312.00000372529,-107.50000153482,1.77635683940025E-14));
#3670=CARTESIAN_POINT('',(312.00000372529,-93.0000015348196,1.77635683940025E-14));
#3671=CARTESIAN_POINT('',(312.00000372529,-107.50000153482,1.77635683940025E-14));
#3672=CARTESIAN_POINT('Origin',(314.00000372529,-107.50000153482,0.750000000000011));
#3673=CARTESIAN_POINT('',(375.,-107.50000153482,1.53481961362445E-6));
#3674=CARTESIAN_POINT('Origin',(364.00000372529,-93.0000015348196,1.77635683940025E-14));
#3675=CARTESIAN_POINT('',(364.00000372529,-99.0000015348196,1.50000000000002));
#3676=CARTESIAN_POINT('',(364.00000372529,-99.0000015348196,1.77635683940025E-14));
#3677=CARTESIAN_POINT('',(364.00000372529,-99.0000015348196,1.50000000000002));
#3678=CARTESIAN_POINT('',(364.00000372529,-107.50000153482,1.50000000000002));
#3679=CARTESIAN_POINT('',(364.00000372529,-93.0000015348196,1.50000000000002));
#3680=CARTESIAN_POINT('',(364.00000372529,-107.50000153482,1.77635683940025E-14));
#3681=CARTESIAN_POINT('',(364.00000372529,-107.50000153482,1.50000000000002));
#3682=CARTESIAN_POINT('',(364.00000372529,-93.0000015348196,1.77635683940025E-14));
#3683=CARTESIAN_POINT('Origin',(364.00000372529,-93.0000015348196,1.50000000000002));
#3684=CARTESIAN_POINT('',(360.00000372529,-99.0000015348196,1.50000000000002));
#3685=CARTESIAN_POINT('',(360.00000372529,-99.0000015348196,1.50000000000002));
#3686=CARTESIAN_POINT('',(360.00000372529,-107.50000153482,1.50000000000002));
#3687=CARTESIAN_POINT('',(360.00000372529,-93.0000015348196,1.50000000000002));
#3688=CARTESIAN_POINT('',(360.00000372529,-107.50000153482,1.50000000000002));
#3689=CARTESIAN_POINT('Origin',(360.00000372529,-93.0000015348196,1.50000000000002));
#3690=CARTESIAN_POINT('',(360.00000372529,-99.0000015348196,1.77635683940025E-14));
#3691=CARTESIAN_POINT('',(360.00000372529,-99.0000015348196,1.77635683940025E-14));
#3692=CARTESIAN_POINT('',(360.00000372529,-107.50000153482,1.77635683940025E-14));
#3693=CARTESIAN_POINT('',(360.00000372529,-93.0000015348196,1.77635683940025E-14));
#3694=CARTESIAN_POINT('',(360.00000372529,-107.50000153482,1.77635683940025E-14));
#3695=CARTESIAN_POINT('Origin',(362.00000372529,-107.50000153482,0.750000000000011));
#3696=CARTESIAN_POINT('',(375.,-107.50000153482,1.53481961362445E-6));
#3697=CARTESIAN_POINT('Origin',(298.00000372529,-93.0000015348196,1.77635683940025E-14));
#3698=CARTESIAN_POINT('',(298.00000372529,-99.0000015348196,1.50000000000002));
#3699=CARTESIAN_POINT('',(298.00000372529,-99.0000015348196,1.77635683940025E-14));
#3700=CARTESIAN_POINT('',(298.00000372529,-99.0000015348196,1.50000000000002));
#3701=CARTESIAN_POINT('',(298.00000372529,-107.50000153482,1.50000000000002));
#3702=CARTESIAN_POINT('',(298.00000372529,-93.0000015348196,1.50000000000002));
#3703=CARTESIAN_POINT('',(298.00000372529,-107.50000153482,1.77635683940025E-14));
#3704=CARTESIAN_POINT('',(298.00000372529,-107.50000153482,1.50000000000002));
#3705=CARTESIAN_POINT('',(298.00000372529,-93.0000015348196,1.77635683940025E-14));
#3706=CARTESIAN_POINT('Origin',(298.00000372529,-93.0000015348196,1.50000000000002));
#3707=CARTESIAN_POINT('',(294.00000372529,-99.0000015348196,1.50000000000002));
#3708=CARTESIAN_POINT('',(294.00000372529,-99.0000015348196,1.50000000000002));
#3709=CARTESIAN_POINT('',(294.00000372529,-107.50000153482,1.50000000000002));
#3710=CARTESIAN_POINT('',(294.00000372529,-93.0000015348196,1.50000000000002));
#3711=CARTESIAN_POINT('',(294.00000372529,-107.50000153482,1.50000000000002));
#3712=CARTESIAN_POINT('Origin',(294.00000372529,-93.0000015348196,1.50000000000002));
#3713=CARTESIAN_POINT('',(294.00000372529,-99.0000015348196,1.77635683940025E-14));
#3714=CARTESIAN_POINT('',(294.00000372529,-99.0000015348196,1.77635683940025E-14));
#3715=CARTESIAN_POINT('',(294.00000372529,-107.50000153482,1.77635683940025E-14));
#3716=CARTESIAN_POINT('',(294.00000372529,-93.0000015348196,1.77635683940025E-14));
#3717=CARTESIAN_POINT('',(294.00000372529,-107.50000153482,1.77635683940025E-14));
#3718=CARTESIAN_POINT('Origin',(296.00000372529,-107.50000153482,0.750000000000011));
#3719=CARTESIAN_POINT('',(375.,-107.50000153482,1.53481961362445E-6));
#3720=CARTESIAN_POINT('Origin',(265.,-93.0000015348196,2.50000153481961));
#3721=CARTESIAN_POINT('',(265.,-99.0000015348196,1.53481961362445E-6));
#3722=CARTESIAN_POINT('',(265.,-93.0000015348196,1.53481961362445E-6));
#3723=CARTESIAN_POINT('',(265.,-99.0000015348196,2.50000153481961));
#3724=CARTESIAN_POINT('',(265.,-99.0000015348196,1.53481961362445E-6));
#3725=CARTESIAN_POINT('',(265.,-93.0000015348196,2.50000153481961));
#3726=CARTESIAN_POINT('Origin',(375.,-93.0000015348196,2.50000153481961));
#3727=CARTESIAN_POINT('',(375.,-99.0000015348196,2.50000153481961));
#3728=CARTESIAN_POINT('',(375.,-93.0000015348196,2.50000153481961));
#3729=CARTESIAN_POINT('',(375.,-99.0000015348196,2.50000153481961));
#3730=CARTESIAN_POINT('',(372.000003755093,-98.0000015348196,2.50000153481961));
#3731=CARTESIAN_POINT('Origin',(375.,-93.0000015348196,1.53481961362445E-6));
#3732=CARTESIAN_POINT('',(375.,-99.0000015348196,1.53481961362445E-6));
#3733=CARTESIAN_POINT('',(375.,-99.0000015348196,5.00000153481961));
#3734=CARTESIAN_POINT('',(375.,-93.0000015348196,1.53481961362445E-6));
#3735=CARTESIAN_POINT('Origin',(370.00000372529,-93.0000015348196,1.53481961362445E-6));
#3736=CARTESIAN_POINT('',(375.,-99.0000015348196,1.53481961362445E-6));
#3737=CARTESIAN_POINT('',(375.,-99.0000015348196,1.53481961362445E-6));
#3738=CARTESIAN_POINT('',(375.,-99.0000015348196,1.53481961362445E-6));
#3739=CARTESIAN_POINT('',(375.,-99.0000015348196,1.53481961362445E-6));
#3740=CARTESIAN_POINT('',(375.,-99.0000015348196,1.53481961362445E-6));
#3741=CARTESIAN_POINT('',(375.,-99.0000015348196,1.53481961362445E-6));
#3742=CARTESIAN_POINT('',(375.,-99.0000015348196,1.53481961362445E-6));
#3743=CARTESIAN_POINT('',(375.,-99.0000015348196,1.53481961362445E-6));
#3744=CARTESIAN_POINT('',(375.,-99.0000015348196,1.53481961362445E-6));
#3745=CARTESIAN_POINT('',(375.,-99.0000015348196,1.53481961362445E-6));
#3746=CARTESIAN_POINT('',(375.,-99.0000015348196,1.53481961362445E-6));
#3747=CARTESIAN_POINT('',(375.,-99.0000015348196,1.53481961362445E-6));
#3748=CARTESIAN_POINT('',(375.,-99.0000015348196,1.53481961362445E-6));
#3749=CARTESIAN_POINT('',(375.,-99.0000015348196,1.53481961362445E-6));
#3750=CARTESIAN_POINT('',(375.,-99.0000015348196,1.53481961362445E-6));
#3751=CARTESIAN_POINT('',(375.,-99.0000015348196,1.53481961362445E-6));
#3752=CARTESIAN_POINT('Origin',(320.,-99.0000015348196,1.25000076740982));
#3753=CARTESIAN_POINT('Origin',(320.000000223517,-98.0000015348196,3.75000153481961));
#3754=UNCERTAINTY_MEASURE_WITH_UNIT(LENGTH_MEASURE(0.01),#3758,
'DISTANCE_ACCURACY_VALUE',
'Maximum model space distance between geometric entities at asserted c
onnectivities');
#3755=UNCERTAINTY_MEASURE_WITH_UNIT(LENGTH_MEASURE(0.01),#3758,
'DISTANCE_ACCURACY_VALUE',
'Maximum model space distance between geometric entities at asserted c
onnectivities');
#3756=(
GEOMETRIC_REPRESENTATION_CONTEXT(3)
GLOBAL_UNCERTAINTY_ASSIGNED_CONTEXT((#3754))
GLOBAL_UNIT_ASSIGNED_CONTEXT((#3758,#3760,#3761))
REPRESENTATION_CONTEXT('','3D')
);
#3757=(
GEOMETRIC_REPRESENTATION_CONTEXT(3)
GLOBAL_UNCERTAINTY_ASSIGNED_CONTEXT((#3755))
GLOBAL_UNIT_ASSIGNED_CONTEXT((#3758,#3760,#3761))
REPRESENTATION_CONTEXT('','3D')
);
#3758=(
LENGTH_UNIT()
NAMED_UNIT(*)
SI_UNIT(.MILLI.,.METRE.)
);
#3759=(
LENGTH_UNIT()
NAMED_UNIT(*)
SI_UNIT($,.METRE.)
);
#3760=(
NAMED_UNIT(*)
PLANE_ANGLE_UNIT()
SI_UNIT($,.RADIAN.)
);
#3761=(
NAMED_UNIT(*)
SI_UNIT($,.STERADIAN.)
SOLID_ANGLE_UNIT()
);
#3762=SHAPE_DEFINITION_REPRESENTATION(#3763,#3764);
#3763=PRODUCT_DEFINITION_SHAPE('',$,#3766);
#3764=SHAPE_REPRESENTATION('',(#2394),#3756);
#3765=PRODUCT_DEFINITION_CONTEXT('part definition',#3770,'design');
#3766=PRODUCT_DEFINITION('2026-01-26-10-20-43-796',
'CombDouble_20260126',#3767,#3765);
#3767=PRODUCT_DEFINITION_FORMATION('',$,#3772);
#3768=PRODUCT_RELATED_PRODUCT_CATEGORY('CombDouble_20260126',
'CombDouble_20260126',(#3772));
#3769=APPLICATION_PROTOCOL_DEFINITION('international standard',
'automotive_design',2009,#3770);
#3770=APPLICATION_CONTEXT(
'Core Data for Automotive Mechanical Design Process');
#3771=PRODUCT_CONTEXT('part definition',#3770,'mechanical');
#3772=PRODUCT('2026-01-26-10-20-43-796','CombDouble_20260126',$,(#3771));
#3773=PRESENTATION_STYLE_ASSIGNMENT((#3774));
#3774=SURFACE_STYLE_USAGE(.BOTH.,#3775);
#3775=SURFACE_SIDE_STYLE('',(#3776));
#3776=SURFACE_STYLE_FILL_AREA(#3777);
#3777=FILL_AREA_STYLE('Steel - Satin',(#3778));
#3778=FILL_AREA_STYLE_COLOUR('Steel - Satin',#3779);
#3779=COLOUR_RGB('Steel - Satin',0.627450980392157,0.627450980392157,0.627450980392157);
ENDSEC;
END-ISO-10303-21;
