ISO-10303-21;
HEADER;
/* Generated by software containing ST-Developer
 * from STEP Tools, Inc. (www.steptools.com) 
 */

FILE_DESCRIPTION(
/* description */ (''),
/* implementation_level */ '2;1');

FILE_NAME(
/* name */ 'Tray_triple_EZ-Phoresis.step',
/* time_stamp */ '2026-09-10T19:22:08+03:00',
/* author */ (''),
/* organization */ (''),
/* preprocessor_version */ 'ST-DEVELOPER v20.2',
/* originating_system */ 'Autodesk Translation Framework v15.15.0.0',
/* authorisation */ '');

FILE_SCHEMA (('AUTOMOTIVE_DESIGN { 1 0 10303 214 3 1 1 }'));
ENDSEC;

DATA;
#10=MECHANICAL_DESIGN_GEOMETRIC_PRESENTATION_REPRESENTATION('',(#13),#3291);
#11=SHAPE_REPRESENTATION_RELATIONSHIP('SRR','None',#3298,#12);
#12=ADVANCED_BREP_SHAPE_REPRESENTATION('',(#14),#3290);
#13=STYLED_ITEM('',(#3307),#14);
#14=MANIFOLD_SOLID_BREP('Tray',#2075);
#15=PLANE('',#2094);
#16=PLANE('',#2095);
#17=PLANE('',#2096);
#18=PLANE('',#2100);
#19=PLANE('',#2101);
#20=PLANE('',#2102);
#21=PLANE('',#2103);
#22=PLANE('',#2104);
#23=PLANE('',#2105);
#24=PLANE('',#2106);
#25=PLANE('',#2107);
#26=PLANE('',#2108);
#27=PLANE('',#2109);
#28=PLANE('',#2110);
#29=PLANE('',#2111);
#30=PLANE('',#2112);
#31=PLANE('',#2113);
#32=PLANE('',#2114);
#33=PLANE('',#2115);
#34=PLANE('',#2116);
#35=PLANE('',#2117);
#36=PLANE('',#2118);
#37=PLANE('',#2119);
#38=PLANE('',#2120);
#39=PLANE('',#2121);
#40=PLANE('',#2122);
#41=PLANE('',#2123);
#42=PLANE('',#2124);
#43=PLANE('',#2125);
#44=PLANE('',#2126);
#45=PLANE('',#2127);
#46=PLANE('',#2128);
#47=PLANE('',#2129);
#48=PLANE('',#2130);
#49=PLANE('',#2131);
#50=PLANE('',#2132);
#51=PLANE('',#2133);
#52=PLANE('',#2134);
#53=PLANE('',#2135);
#54=PLANE('',#2136);
#55=PLANE('',#2137);
#56=PLANE('',#2138);
#57=PLANE('',#2139);
#58=PLANE('',#2140);
#59=PLANE('',#2141);
#60=PLANE('',#2142);
#61=PLANE('',#2143);
#62=PLANE('',#2144);
#63=PLANE('',#2145);
#64=PLANE('',#2146);
#65=PLANE('',#2147);
#66=PLANE('',#2148);
#67=PLANE('',#2149);
#68=PLANE('',#2150);
#69=PLANE('',#2151);
#70=PLANE('',#2152);
#71=PLANE('',#2153);
#72=PLANE('',#2154);
#73=PLANE('',#2155);
#74=PLANE('',#2156);
#75=PLANE('',#2157);
#76=PLANE('',#2158);
#77=PLANE('',#2159);
#78=PLANE('',#2160);
#79=PLANE('',#2161);
#80=PLANE('',#2162);
#81=PLANE('',#2163);
#82=PLANE('',#2164);
#83=PLANE('',#2165);
#84=PLANE('',#2166);
#85=PLANE('',#2167);
#86=PLANE('',#2168);
#87=PLANE('',#2169);
#88=PLANE('',#2170);
#89=PLANE('',#2171);
#90=PLANE('',#2172);
#91=PLANE('',#2173);
#92=PLANE('',#2174);
#93=PLANE('',#2175);
#94=PLANE('',#2176);
#95=PLANE('',#2177);
#96=PLANE('',#2178);
#97=PLANE('',#2179);
#98=PLANE('',#2180);
#99=PLANE('',#2181);
#100=PLANE('',#2182);
#101=PLANE('',#2183);
#102=PLANE('',#2184);
#103=PLANE('',#2185);
#104=PLANE('',#2186);
#105=PLANE('',#2187);
#106=PLANE('',#2188);
#107=PLANE('',#2189);
#108=PLANE('',#2190);
#109=PLANE('',#2191);
#110=PLANE('',#2192);
#111=PLANE('',#2193);
#112=PLANE('',#2194);
#113=FACE_OUTER_BOUND('',#213,.T.);
#114=FACE_OUTER_BOUND('',#214,.T.);
#115=FACE_OUTER_BOUND('',#215,.T.);
#116=FACE_OUTER_BOUND('',#216,.T.);
#117=FACE_OUTER_BOUND('',#217,.T.);
#118=FACE_OUTER_BOUND('',#218,.T.);
#119=FACE_OUTER_BOUND('',#219,.T.);
#120=FACE_OUTER_BOUND('',#220,.T.);
#121=FACE_OUTER_BOUND('',#221,.T.);
#122=FACE_OUTER_BOUND('',#222,.T.);
#123=FACE_OUTER_BOUND('',#223,.T.);
#124=FACE_OUTER_BOUND('',#224,.T.);
#125=FACE_OUTER_BOUND('',#225,.T.);
#126=FACE_OUTER_BOUND('',#226,.T.);
#127=FACE_OUTER_BOUND('',#227,.T.);
#128=FACE_OUTER_BOUND('',#228,.T.);
#129=FACE_OUTER_BOUND('',#229,.T.);
#130=FACE_OUTER_BOUND('',#230,.T.);
#131=FACE_OUTER_BOUND('',#231,.T.);
#132=FACE_OUTER_BOUND('',#232,.T.);
#133=FACE_OUTER_BOUND('',#233,.T.);
#134=FACE_OUTER_BOUND('',#234,.T.);
#135=FACE_OUTER_BOUND('',#235,.T.);
#136=FACE_OUTER_BOUND('',#236,.T.);
#137=FACE_OUTER_BOUND('',#237,.T.);
#138=FACE_OUTER_BOUND('',#238,.T.);
#139=FACE_OUTER_BOUND('',#239,.T.);
#140=FACE_OUTER_BOUND('',#240,.T.);
#141=FACE_OUTER_BOUND('',#241,.T.);
#142=FACE_OUTER_BOUND('',#242,.T.);
#143=FACE_OUTER_BOUND('',#243,.T.);
#144=FACE_OUTER_BOUND('',#244,.T.);
#145=FACE_OUTER_BOUND('',#245,.T.);
#146=FACE_OUTER_BOUND('',#246,.T.);
#147=FACE_OUTER_BOUND('',#247,.T.);
#148=FACE_OUTER_BOUND('',#248,.T.);
#149=FACE_OUTER_BOUND('',#249,.T.);
#150=FACE_OUTER_BOUND('',#250,.T.);
#151=FACE_OUTER_BOUND('',#251,.T.);
#152=FACE_OUTER_BOUND('',#252,.T.);
#153=FACE_OUTER_BOUND('',#253,.T.);
#154=FACE_OUTER_BOUND('',#254,.T.);
#155=FACE_OUTER_BOUND('',#255,.T.);
#156=FACE_OUTER_BOUND('',#256,.T.);
#157=FACE_OUTER_BOUND('',#257,.T.);
#158=FACE_OUTER_BOUND('',#258,.T.);
#159=FACE_OUTER_BOUND('',#259,.T.);
#160=FACE_OUTER_BOUND('',#260,.T.);
#161=FACE_OUTER_BOUND('',#261,.T.);
#162=FACE_OUTER_BOUND('',#262,.T.);
#163=FACE_OUTER_BOUND('',#263,.T.);
#164=FACE_OUTER_BOUND('',#264,.T.);
#165=FACE_OUTER_BOUND('',#265,.T.);
#166=FACE_OUTER_BOUND('',#266,.T.);
#167=FACE_OUTER_BOUND('',#267,.T.);
#168=FACE_OUTER_BOUND('',#268,.T.);
#169=FACE_OUTER_BOUND('',#269,.T.);
#170=FACE_OUTER_BOUND('',#270,.T.);
#171=FACE_OUTER_BOUND('',#271,.T.);
#172=FACE_OUTER_BOUND('',#272,.T.);
#173=FACE_OUTER_BOUND('',#273,.T.);
#174=FACE_OUTER_BOUND('',#274,.T.);
#175=FACE_OUTER_BOUND('',#275,.T.);
#176=FACE_OUTER_BOUND('',#276,.T.);
#177=FACE_OUTER_BOUND('',#277,.T.);
#178=FACE_OUTER_BOUND('',#278,.T.);
#179=FACE_OUTER_BOUND('',#279,.T.);
#180=FACE_OUTER_BOUND('',#280,.T.);
#181=FACE_OUTER_BOUND('',#281,.T.);
#182=FACE_OUTER_BOUND('',#282,.T.);
#183=FACE_OUTER_BOUND('',#283,.T.);
#184=FACE_OUTER_BOUND('',#284,.T.);
#185=FACE_OUTER_BOUND('',#285,.T.);
#186=FACE_OUTER_BOUND('',#286,.T.);
#187=FACE_OUTER_BOUND('',#287,.T.);
#188=FACE_OUTER_BOUND('',#288,.T.);
#189=FACE_OUTER_BOUND('',#289,.T.);
#190=FACE_OUTER_BOUND('',#290,.T.);
#191=FACE_OUTER_BOUND('',#291,.T.);
#192=FACE_OUTER_BOUND('',#292,.T.);
#193=FACE_OUTER_BOUND('',#293,.T.);
#194=FACE_OUTER_BOUND('',#294,.T.);
#195=FACE_OUTER_BOUND('',#295,.T.);
#196=FACE_OUTER_BOUND('',#296,.T.);
#197=FACE_OUTER_BOUND('',#297,.T.);
#198=FACE_OUTER_BOUND('',#298,.T.);
#199=FACE_OUTER_BOUND('',#299,.T.);
#200=FACE_OUTER_BOUND('',#300,.T.);
#201=FACE_OUTER_BOUND('',#301,.T.);
#202=FACE_OUTER_BOUND('',#302,.T.);
#203=FACE_OUTER_BOUND('',#303,.T.);
#204=FACE_OUTER_BOUND('',#304,.T.);
#205=FACE_OUTER_BOUND('',#305,.T.);
#206=FACE_OUTER_BOUND('',#306,.T.);
#207=FACE_OUTER_BOUND('',#307,.T.);
#208=FACE_OUTER_BOUND('',#308,.T.);
#209=FACE_OUTER_BOUND('',#309,.T.);
#210=FACE_OUTER_BOUND('',#310,.T.);
#211=FACE_OUTER_BOUND('',#311,.T.);
#212=FACE_OUTER_BOUND('',#312,.T.);
#213=EDGE_LOOP('',(#1385,#1386,#1387,#1388,#1389,#1390));
#214=EDGE_LOOP('',(#1391,#1392,#1393,#1394));
#215=EDGE_LOOP('',(#1395,#1396,#1397,#1398,#1399,#1400));
#216=EDGE_LOOP('',(#1401,#1402,#1403,#1404,#1405,#1406,#1407,#1408,#1409,
#1410,#1411,#1412,#1413,#1414,#1415,#1416));
#217=EDGE_LOOP('',(#1417,#1418,#1419,#1420));
#218=EDGE_LOOP('',(#1421,#1422,#1423,#1424,#1425,#1426));
#219=EDGE_LOOP('',(#1427,#1428,#1429,#1430,#1431,#1432,#1433,#1434,#1435,
#1436,#1437,#1438,#1439,#1440,#1441,#1442,#1443,#1444,#1445,#1446,#1447,
#1448,#1449,#1450,#1451,#1452,#1453,#1454,#1455,#1456,#1457,#1458,#1459,
#1460,#1461,#1462,#1463,#1464,#1465,#1466,#1467,#1468,#1469,#1470,#1471,
#1472,#1473,#1474,#1475,#1476,#1477,#1478,#1479,#1480,#1481,#1482,#1483,
#1484,#1485,#1486,#1487,#1488,#1489,#1490,#1491,#1492,#1493));
#220=EDGE_LOOP('',(#1494,#1495,#1496,#1497));
#221=EDGE_LOOP('',(#1498,#1499,#1500,#1501));
#222=EDGE_LOOP('',(#1502,#1503,#1504,#1505));
#223=EDGE_LOOP('',(#1506,#1507,#1508,#1509,#1510,#1511,#1512,#1513,#1514,
#1515,#1516,#1517,#1518,#1519,#1520,#1521,#1522,#1523,#1524,#1525,#1526,
#1527,#1528,#1529,#1530,#1531,#1532,#1533,#1534,#1535,#1536,#1537,#1538,
#1539,#1540,#1541,#1542,#1543,#1544,#1545,#1546,#1547,#1548,#1549,#1550,
#1551,#1552,#1553,#1554,#1555,#1556,#1557,#1558,#1559,#1560,#1561,#1562,
#1563,#1564,#1565,#1566,#1567,#1568,#1569,#1570,#1571,#1572));
#224=EDGE_LOOP('',(#1573,#1574,#1575,#1576));
#225=EDGE_LOOP('',(#1577,#1578,#1579,#1580,#1581,#1582));
#226=EDGE_LOOP('',(#1583,#1584,#1585,#1586));
#227=EDGE_LOOP('',(#1587,#1588,#1589,#1590));
#228=EDGE_LOOP('',(#1591,#1592,#1593,#1594));
#229=EDGE_LOOP('',(#1595,#1596,#1597,#1598));
#230=EDGE_LOOP('',(#1599,#1600,#1601,#1602));
#231=EDGE_LOOP('',(#1603,#1604,#1605,#1606));
#232=EDGE_LOOP('',(#1607,#1608,#1609,#1610));
#233=EDGE_LOOP('',(#1611,#1612,#1613,#1614));
#234=EDGE_LOOP('',(#1615,#1616,#1617,#1618));
#235=EDGE_LOOP('',(#1619,#1620,#1621,#1622));
#236=EDGE_LOOP('',(#1623,#1624,#1625,#1626));
#237=EDGE_LOOP('',(#1627,#1628,#1629,#1630));
#238=EDGE_LOOP('',(#1631,#1632,#1633,#1634));
#239=EDGE_LOOP('',(#1635,#1636,#1637,#1638));
#240=EDGE_LOOP('',(#1639,#1640,#1641,#1642));
#241=EDGE_LOOP('',(#1643,#1644,#1645,#1646));
#242=EDGE_LOOP('',(#1647,#1648,#1649,#1650));
#243=EDGE_LOOP('',(#1651,#1652,#1653,#1654));
#244=EDGE_LOOP('',(#1655,#1656,#1657,#1658));
#245=EDGE_LOOP('',(#1659,#1660,#1661,#1662));
#246=EDGE_LOOP('',(#1663,#1664,#1665,#1666));
#247=EDGE_LOOP('',(#1667,#1668,#1669,#1670));
#248=EDGE_LOOP('',(#1671,#1672,#1673,#1674));
#249=EDGE_LOOP('',(#1675,#1676,#1677,#1678));
#250=EDGE_LOOP('',(#1679,#1680,#1681,#1682));
#251=EDGE_LOOP('',(#1683,#1684,#1685,#1686));
#252=EDGE_LOOP('',(#1687,#1688,#1689,#1690));
#253=EDGE_LOOP('',(#1691,#1692,#1693,#1694));
#254=EDGE_LOOP('',(#1695,#1696,#1697,#1698));
#255=EDGE_LOOP('',(#1699,#1700,#1701,#1702));
#256=EDGE_LOOP('',(#1703,#1704,#1705,#1706));
#257=EDGE_LOOP('',(#1707,#1708,#1709,#1710));
#258=EDGE_LOOP('',(#1711,#1712,#1713,#1714));
#259=EDGE_LOOP('',(#1715,#1716,#1717,#1718));
#260=EDGE_LOOP('',(#1719,#1720,#1721,#1722));
#261=EDGE_LOOP('',(#1723,#1724,#1725,#1726));
#262=EDGE_LOOP('',(#1727,#1728,#1729,#1730));
#263=EDGE_LOOP('',(#1731,#1732,#1733,#1734));
#264=EDGE_LOOP('',(#1735,#1736,#1737,#1738));
#265=EDGE_LOOP('',(#1739,#1740,#1741,#1742));
#266=EDGE_LOOP('',(#1743,#1744,#1745,#1746));
#267=EDGE_LOOP('',(#1747,#1748,#1749,#1750));
#268=EDGE_LOOP('',(#1751,#1752,#1753,#1754));
#269=EDGE_LOOP('',(#1755,#1756,#1757,#1758));
#270=EDGE_LOOP('',(#1759,#1760,#1761,#1762));
#271=EDGE_LOOP('',(#1763,#1764,#1765,#1766));
#272=EDGE_LOOP('',(#1767,#1768,#1769,#1770));
#273=EDGE_LOOP('',(#1771,#1772,#1773,#1774));
#274=EDGE_LOOP('',(#1775,#1776,#1777,#1778));
#275=EDGE_LOOP('',(#1779,#1780,#1781,#1782));
#276=EDGE_LOOP('',(#1783,#1784,#1785,#1786));
#277=EDGE_LOOP('',(#1787,#1788,#1789,#1790));
#278=EDGE_LOOP('',(#1791,#1792,#1793,#1794));
#279=EDGE_LOOP('',(#1795,#1796,#1797,#1798));
#280=EDGE_LOOP('',(#1799,#1800,#1801,#1802));
#281=EDGE_LOOP('',(#1803,#1804,#1805,#1806));
#282=EDGE_LOOP('',(#1807,#1808,#1809,#1810));
#283=EDGE_LOOP('',(#1811,#1812,#1813,#1814));
#284=EDGE_LOOP('',(#1815,#1816,#1817,#1818));
#285=EDGE_LOOP('',(#1819,#1820,#1821,#1822));
#286=EDGE_LOOP('',(#1823,#1824,#1825,#1826));
#287=EDGE_LOOP('',(#1827,#1828,#1829,#1830));
#288=EDGE_LOOP('',(#1831,#1832,#1833,#1834));
#289=EDGE_LOOP('',(#1835,#1836,#1837,#1838,#1839));
#290=EDGE_LOOP('',(#1840,#1841,#1842,#1843,#1844));
#291=EDGE_LOOP('',(#1845,#1846,#1847,#1848));
#292=EDGE_LOOP('',(#1849,#1850,#1851,#1852,#1853,#1854,#1855,#1856,#1857,
#1858,#1859,#1860,#1861,#1862,#1863,#1864));
#293=EDGE_LOOP('',(#1865,#1866,#1867,#1868));
#294=EDGE_LOOP('',(#1869,#1870,#1871,#1872));
#295=EDGE_LOOP('',(#1873,#1874,#1875,#1876));
#296=EDGE_LOOP('',(#1877,#1878,#1879,#1880));
#297=EDGE_LOOP('',(#1881,#1882,#1883,#1884));
#298=EDGE_LOOP('',(#1885,#1886,#1887,#1888));
#299=EDGE_LOOP('',(#1889,#1890,#1891,#1892));
#300=EDGE_LOOP('',(#1893,#1894,#1895,#1896));
#301=EDGE_LOOP('',(#1897,#1898,#1899,#1900));
#302=EDGE_LOOP('',(#1901,#1902,#1903,#1904));
#303=EDGE_LOOP('',(#1905,#1906,#1907,#1908,#1909,#1910,#1911,#1912,#1913,
#1914,#1915,#1916,#1917,#1918,#1919,#1920));
#304=EDGE_LOOP('',(#1921,#1922,#1923,#1924));
#305=EDGE_LOOP('',(#1925,#1926,#1927,#1928));
#306=EDGE_LOOP('',(#1929,#1930,#1931,#1932,#1933,#1934,#1935,#1936,#1937,
#1938,#1939,#1940,#1941,#1942,#1943,#1944,#1945,#1946));
#307=EDGE_LOOP('',(#1947,#1948,#1949,#1950));
#308=EDGE_LOOP('',(#1951,#1952,#1953,#1954));
#309=EDGE_LOOP('',(#1955,#1956,#1957,#1958));
#310=EDGE_LOOP('',(#1959,#1960,#1961,#1962));
#311=EDGE_LOOP('',(#1963,#1964,#1965,#1966));
#312=EDGE_LOOP('',(#1967,#1968,#1969,#1970,#1971,#1972));
#313=CIRCLE('',#2090,5.00000000000021);
#314=CIRCLE('',#2091,5.);
#315=CIRCLE('',#2092,5.);
#316=CIRCLE('',#2093,5.00000000000021);
#317=CIRCLE('',#2098,5.);
#318=CIRCLE('',#2099,5.);
#319=LINE('',#2701,#607);
#320=LINE('',#2707,#608);
#321=LINE('',#2713,#609);
#322=LINE('',#2715,#610);
#323=LINE('',#2716,#611);
#324=LINE('',#2719,#612);
#325=LINE('',#2721,#613);
#326=LINE('',#2723,#614);
#327=LINE('',#2725,#615);
#328=LINE('',#2726,#616);
#329=LINE('',#2729,#617);
#330=LINE('',#2731,#618);
#331=LINE('',#2733,#619);
#332=LINE('',#2735,#620);
#333=LINE('',#2737,#621);
#334=LINE('',#2739,#622);
#335=LINE('',#2741,#623);
#336=LINE('',#2743,#624);
#337=LINE('',#2745,#625);
#338=LINE('',#2747,#626);
#339=LINE('',#2749,#627);
#340=LINE('',#2751,#628);
#341=LINE('',#2753,#629);
#342=LINE('',#2754,#630);
#343=LINE('',#2760,#631);
#344=LINE('',#2763,#632);
#345=LINE('',#2766,#633);
#346=LINE('',#2767,#634);
#347=LINE('',#2768,#635);
#348=LINE('',#2771,#636);
#349=LINE('',#2773,#637);
#350=LINE('',#2775,#638);
#351=LINE('',#2777,#639);
#352=LINE('',#2779,#640);
#353=LINE('',#2781,#641);
#354=LINE('',#2783,#642);
#355=LINE('',#2785,#643);
#356=LINE('',#2787,#644);
#357=LINE('',#2789,#645);
#358=LINE('',#2791,#646);
#359=LINE('',#2793,#647);
#360=LINE('',#2795,#648);
#361=LINE('',#2797,#649);
#362=LINE('',#2799,#650);
#363=LINE('',#2801,#651);
#364=LINE('',#2803,#652);
#365=LINE('',#2805,#653);
#366=LINE('',#2807,#654);
#367=LINE('',#2809,#655);
#368=LINE('',#2811,#656);
#369=LINE('',#2813,#657);
#370=LINE('',#2815,#658);
#371=LINE('',#2817,#659);
#372=LINE('',#2819,#660);
#373=LINE('',#2821,#661);
#374=LINE('',#2823,#662);
#375=LINE('',#2825,#663);
#376=LINE('',#2827,#664);
#377=LINE('',#2829,#665);
#378=LINE('',#2831,#666);
#379=LINE('',#2833,#667);
#380=LINE('',#2835,#668);
#381=LINE('',#2837,#669);
#382=LINE('',#2839,#670);
#383=LINE('',#2841,#671);
#384=LINE('',#2843,#672);
#385=LINE('',#2845,#673);
#386=LINE('',#2847,#674);
#387=LINE('',#2849,#675);
#388=LINE('',#2851,#676);
#389=LINE('',#2853,#677);
#390=LINE('',#2855,#678);
#391=LINE('',#2857,#679);
#392=LINE('',#2859,#680);
#393=LINE('',#2861,#681);
#394=LINE('',#2863,#682);
#395=LINE('',#2865,#683);
#396=LINE('',#2867,#684);
#397=LINE('',#2869,#685);
#398=LINE('',#2871,#686);
#399=LINE('',#2873,#687);
#400=LINE('',#2875,#688);
#401=LINE('',#2877,#689);
#402=LINE('',#2879,#690);
#403=LINE('',#2881,#691);
#404=LINE('',#2883,#692);
#405=LINE('',#2885,#693);
#406=LINE('',#2887,#694);
#407=LINE('',#2889,#695);
#408=LINE('',#2891,#696);
#409=LINE('',#2893,#697);
#410=LINE('',#2895,#698);
#411=LINE('',#2896,#699);
#412=LINE('',#2899,#700);
#413=LINE('',#2901,#701);
#414=LINE('',#2902,#702);
#415=LINE('',#2905,#703);
#416=LINE('',#2907,#704);
#417=LINE('',#2908,#705);
#418=LINE('',#2910,#706);
#419=LINE('',#2913,#707);
#420=LINE('',#2915,#708);
#421=LINE('',#2917,#709);
#422=LINE('',#2919,#710);
#423=LINE('',#2921,#711);
#424=LINE('',#2923,#712);
#425=LINE('',#2925,#713);
#426=LINE('',#2927,#714);
#427=LINE('',#2929,#715);
#428=LINE('',#2931,#716);
#429=LINE('',#2933,#717);
#430=LINE('',#2935,#718);
#431=LINE('',#2937,#719);
#432=LINE('',#2939,#720);
#433=LINE('',#2941,#721);
#434=LINE('',#2943,#722);
#435=LINE('',#2945,#723);
#436=LINE('',#2947,#724);
#437=LINE('',#2949,#725);
#438=LINE('',#2951,#726);
#439=LINE('',#2953,#727);
#440=LINE('',#2955,#728);
#441=LINE('',#2957,#729);
#442=LINE('',#2959,#730);
#443=LINE('',#2961,#731);
#444=LINE('',#2963,#732);
#445=LINE('',#2965,#733);
#446=LINE('',#2967,#734);
#447=LINE('',#2969,#735);
#448=LINE('',#2971,#736);
#449=LINE('',#2973,#737);
#450=LINE('',#2975,#738);
#451=LINE('',#2977,#739);
#452=LINE('',#2979,#740);
#453=LINE('',#2981,#741);
#454=LINE('',#2983,#742);
#455=LINE('',#2985,#743);
#456=LINE('',#2987,#744);
#457=LINE('',#2989,#745);
#458=LINE('',#2991,#746);
#459=LINE('',#2993,#747);
#460=LINE('',#2995,#748);
#461=LINE('',#2997,#749);
#462=LINE('',#2999,#750);
#463=LINE('',#3001,#751);
#464=LINE('',#3003,#752);
#465=LINE('',#3005,#753);
#466=LINE('',#3007,#754);
#467=LINE('',#3009,#755);
#468=LINE('',#3011,#756);
#469=LINE('',#3013,#757);
#470=LINE('',#3015,#758);
#471=LINE('',#3017,#759);
#472=LINE('',#3019,#760);
#473=LINE('',#3021,#761);
#474=LINE('',#3023,#762);
#475=LINE('',#3025,#763);
#476=LINE('',#3026,#764);
#477=LINE('',#3028,#765);
#478=LINE('',#3030,#766);
#479=LINE('',#3032,#767);
#480=LINE('',#3033,#768);
#481=LINE('',#3035,#769);
#482=LINE('',#3038,#770);
#483=LINE('',#3040,#771);
#484=LINE('',#3041,#772);
#485=LINE('',#3043,#773);
#486=LINE('',#3044,#774);
#487=LINE('',#3046,#775);
#488=LINE('',#3047,#776);
#489=LINE('',#3050,#777);
#490=LINE('',#3052,#778);
#491=LINE('',#3054,#779);
#492=LINE('',#3055,#780);
#493=LINE('',#3057,#781);
#494=LINE('',#3058,#782);
#495=LINE('',#3061,#783);
#496=LINE('',#3063,#784);
#497=LINE('',#3064,#785);
#498=LINE('',#3066,#786);
#499=LINE('',#3067,#787);
#500=LINE('',#3070,#788);
#501=LINE('',#3072,#789);
#502=LINE('',#3073,#790);
#503=LINE('',#3075,#791);
#504=LINE('',#3076,#792);
#505=LINE('',#3079,#793);
#506=LINE('',#3081,#794);
#507=LINE('',#3083,#795);
#508=LINE('',#3084,#796);
#509=LINE('',#3087,#797);
#510=LINE('',#3089,#798);
#511=LINE('',#3090,#799);
#512=LINE('',#3092,#800);
#513=LINE('',#3095,#801);
#514=LINE('',#3096,#802);
#515=LINE('',#3098,#803);
#516=LINE('',#3101,#804);
#517=LINE('',#3103,#805);
#518=LINE('',#3104,#806);
#519=LINE('',#3107,#807);
#520=LINE('',#3109,#808);
#521=LINE('',#3110,#809);
#522=LINE('',#3112,#810);
#523=LINE('',#3113,#811);
#524=LINE('',#3117,#812);
#525=LINE('',#3118,#813);
#526=LINE('',#3120,#814);
#527=LINE('',#3121,#815);
#528=LINE('',#3125,#816);
#529=LINE('',#3127,#817);
#530=LINE('',#3128,#818);
#531=LINE('',#3132,#819);
#532=LINE('',#3134,#820);
#533=LINE('',#3135,#821);
#534=LINE('',#3139,#822);
#535=LINE('',#3141,#823);
#536=LINE('',#3142,#824);
#537=LINE('',#3146,#825);
#538=LINE('',#3148,#826);
#539=LINE('',#3149,#827);
#540=LINE('',#3154,#828);
#541=LINE('',#3156,#829);
#542=LINE('',#3157,#830);
#543=LINE('',#3160,#831);
#544=LINE('',#3161,#832);
#545=LINE('',#3163,#833);
#546=LINE('',#3166,#834);
#547=LINE('',#3168,#835);
#548=LINE('',#3169,#836);
#549=LINE('',#3172,#837);
#550=LINE('',#3173,#838);
#551=LINE('',#3176,#839);
#552=LINE('',#3178,#840);
#553=LINE('',#3179,#841);
#554=LINE('',#3182,#842);
#555=LINE('',#3183,#843);
#556=LINE('',#3186,#844);
#557=LINE('',#3187,#845);
#558=LINE('',#3189,#846);
#559=LINE('',#3190,#847);
#560=LINE('',#3193,#848);
#561=LINE('',#3194,#849);
#562=LINE('',#3197,#850);
#563=LINE('',#3198,#851);
#564=LINE('',#3200,#852);
#565=LINE('',#3202,#853);
#566=LINE('',#3203,#854);
#567=LINE('',#3204,#855);
#568=LINE('',#3207,#856);
#569=LINE('',#3212,#857);
#570=LINE('',#3214,#858);
#571=LINE('',#3216,#859);
#572=LINE('',#3217,#860);
#573=LINE('',#3220,#861);
#574=LINE('',#3222,#862);
#575=LINE('',#3223,#863);
#576=LINE('',#3225,#864);
#577=LINE('',#3226,#865);
#578=LINE('',#3230,#866);
#579=LINE('',#3232,#867);
#580=LINE('',#3234,#868);
#581=LINE('',#3235,#869);
#582=LINE('',#3238,#870);
#583=LINE('',#3240,#871);
#584=LINE('',#3241,#872);
#585=LINE('',#3244,#873);
#586=LINE('',#3246,#874);
#587=LINE('',#3247,#875);
#588=LINE('',#3249,#876);
#589=LINE('',#3250,#877);
#590=LINE('',#3253,#878);
#591=LINE('',#3255,#879);
#592=LINE('',#3257,#880);
#593=LINE('',#3259,#881);
#594=LINE('',#3261,#882);
#595=LINE('',#3262,#883);
#596=LINE('',#3265,#884);
#597=LINE('',#3267,#885);
#598=LINE('',#3268,#886);
#599=LINE('',#3271,#887);
#600=LINE('',#3272,#888);
#601=LINE('',#3275,#889);
#602=LINE('',#3276,#890);
#603=LINE('',#3278,#891);
#604=LINE('',#3279,#892);
#605=LINE('',#3281,#893);
#606=LINE('',#3284,#894);
#607=VECTOR('',#2199,10.);
#608=VECTOR('',#2204,10.);
#609=VECTOR('',#2211,10.);
#610=VECTOR('',#2212,10.);
#611=VECTOR('',#2213,10.);
#612=VECTOR('',#2216,10.);
#613=VECTOR('',#2217,10.);
#614=VECTOR('',#2218,10.);
#615=VECTOR('',#2219,10.);
#616=VECTOR('',#2220,10.);
#617=VECTOR('',#2223,10.);
#618=VECTOR('',#2224,10.);
#619=VECTOR('',#2225,10.);
#620=VECTOR('',#2226,10.);
#621=VECTOR('',#2227,10.);
#622=VECTOR('',#2228,10.);
#623=VECTOR('',#2229,10.);
#624=VECTOR('',#2230,10.);
#625=VECTOR('',#2231,10.);
#626=VECTOR('',#2232,10.);
#627=VECTOR('',#2233,10.);
#628=VECTOR('',#2234,10.);
#629=VECTOR('',#2235,10.);
#630=VECTOR('',#2236,10.);
#631=VECTOR('',#2241,10.);
#632=VECTOR('',#2244,10.);
#633=VECTOR('',#2247,10.);
#634=VECTOR('',#2248,10.);
#635=VECTOR('',#2249,10.);
#636=VECTOR('',#2252,10.);
#637=VECTOR('',#2253,10.);
#638=VECTOR('',#2254,10.);
#639=VECTOR('',#2255,10.);
#640=VECTOR('',#2256,10.);
#641=VECTOR('',#2257,10.);
#642=VECTOR('',#2258,10.);
#643=VECTOR('',#2259,10.);
#644=VECTOR('',#2260,10.);
#645=VECTOR('',#2261,10.);
#646=VECTOR('',#2262,10.);
#647=VECTOR('',#2263,10.);
#648=VECTOR('',#2264,10.);
#649=VECTOR('',#2265,10.);
#650=VECTOR('',#2266,10.);
#651=VECTOR('',#2267,10.);
#652=VECTOR('',#2268,10.);
#653=VECTOR('',#2269,10.);
#654=VECTOR('',#2270,10.);
#655=VECTOR('',#2271,10.);
#656=VECTOR('',#2272,10.);
#657=VECTOR('',#2273,10.);
#658=VECTOR('',#2274,10.);
#659=VECTOR('',#2275,10.);
#660=VECTOR('',#2276,10.);
#661=VECTOR('',#2277,10.);
#662=VECTOR('',#2278,10.);
#663=VECTOR('',#2279,10.);
#664=VECTOR('',#2280,10.);
#665=VECTOR('',#2281,10.);
#666=VECTOR('',#2282,10.);
#667=VECTOR('',#2283,10.);
#668=VECTOR('',#2284,10.);
#669=VECTOR('',#2285,10.);
#670=VECTOR('',#2286,10.);
#671=VECTOR('',#2287,10.);
#672=VECTOR('',#2288,10.);
#673=VECTOR('',#2289,10.);
#674=VECTOR('',#2290,10.);
#675=VECTOR('',#2291,10.);
#676=VECTOR('',#2292,10.);
#677=VECTOR('',#2293,10.);
#678=VECTOR('',#2294,10.);
#679=VECTOR('',#2295,10.);
#680=VECTOR('',#2296,10.);
#681=VECTOR('',#2297,10.);
#682=VECTOR('',#2298,10.);
#683=VECTOR('',#2299,10.);
#684=VECTOR('',#2300,10.);
#685=VECTOR('',#2301,10.);
#686=VECTOR('',#2302,10.);
#687=VECTOR('',#2303,10.);
#688=VECTOR('',#2304,10.);
#689=VECTOR('',#2305,10.);
#690=VECTOR('',#2306,10.);
#691=VECTOR('',#2307,10.);
#692=VECTOR('',#2308,10.);
#693=VECTOR('',#2309,10.);
#694=VECTOR('',#2310,10.);
#695=VECTOR('',#2311,10.);
#696=VECTOR('',#2312,10.);
#697=VECTOR('',#2313,10.);
#698=VECTOR('',#2314,10.);
#699=VECTOR('',#2315,10.);
#700=VECTOR('',#2318,10.);
#701=VECTOR('',#2319,10.);
#702=VECTOR('',#2320,10.);
#703=VECTOR('',#2323,10.);
#704=VECTOR('',#2324,10.);
#705=VECTOR('',#2325,10.);
#706=VECTOR('',#2328,10.);
#707=VECTOR('',#2331,10.);
#708=VECTOR('',#2332,10.);
#709=VECTOR('',#2333,10.);
#710=VECTOR('',#2334,10.);
#711=VECTOR('',#2335,10.);
#712=VECTOR('',#2336,10.);
#713=VECTOR('',#2337,10.);
#714=VECTOR('',#2338,10.);
#715=VECTOR('',#2339,10.);
#716=VECTOR('',#2340,10.);
#717=VECTOR('',#2341,10.);
#718=VECTOR('',#2342,10.);
#719=VECTOR('',#2343,10.);
#720=VECTOR('',#2344,10.);
#721=VECTOR('',#2345,10.);
#722=VECTOR('',#2346,10.);
#723=VECTOR('',#2347,10.);
#724=VECTOR('',#2348,10.);
#725=VECTOR('',#2349,10.);
#726=VECTOR('',#2350,10.);
#727=VECTOR('',#2351,10.);
#728=VECTOR('',#2352,10.);
#729=VECTOR('',#2353,10.);
#730=VECTOR('',#2354,10.);
#731=VECTOR('',#2355,10.);
#732=VECTOR('',#2356,10.);
#733=VECTOR('',#2357,10.);
#734=VECTOR('',#2358,10.);
#735=VECTOR('',#2359,10.);
#736=VECTOR('',#2360,10.);
#737=VECTOR('',#2361,10.);
#738=VECTOR('',#2362,10.);
#739=VECTOR('',#2363,10.);
#740=VECTOR('',#2364,10.);
#741=VECTOR('',#2365,10.);
#742=VECTOR('',#2366,10.);
#743=VECTOR('',#2367,10.);
#744=VECTOR('',#2368,10.);
#745=VECTOR('',#2369,10.);
#746=VECTOR('',#2370,10.);
#747=VECTOR('',#2371,10.);
#748=VECTOR('',#2372,10.);
#749=VECTOR('',#2373,10.);
#750=VECTOR('',#2374,10.);
#751=VECTOR('',#2375,10.);
#752=VECTOR('',#2376,10.);
#753=VECTOR('',#2377,10.);
#754=VECTOR('',#2378,10.);
#755=VECTOR('',#2379,10.);
#756=VECTOR('',#2380,10.);
#757=VECTOR('',#2381,10.);
#758=VECTOR('',#2382,10.);
#759=VECTOR('',#2383,10.);
#760=VECTOR('',#2384,10.);
#761=VECTOR('',#2385,10.);
#762=VECTOR('',#2386,10.);
#763=VECTOR('',#2387,10.);
#764=VECTOR('',#2388,10.);
#765=VECTOR('',#2389,10.);
#766=VECTOR('',#2390,10.);
#767=VECTOR('',#2391,10.);
#768=VECTOR('',#2392,10.);
#769=VECTOR('',#2395,10.);
#770=VECTOR('',#2398,10.);
#771=VECTOR('',#2399,10.);
#772=VECTOR('',#2400,10.);
#773=VECTOR('',#2403,10.);
#774=VECTOR('',#2404,10.);
#775=VECTOR('',#2407,10.);
#776=VECTOR('',#2408,10.);
#777=VECTOR('',#2413,10.);
#778=VECTOR('',#2416,10.);
#779=VECTOR('',#2419,10.);
#780=VECTOR('',#2420,10.);
#781=VECTOR('',#2423,10.);
#782=VECTOR('',#2424,10.);
#783=VECTOR('',#2429,10.);
#784=VECTOR('',#2432,10.);
#785=VECTOR('',#2433,10.);
#786=VECTOR('',#2436,10.);
#787=VECTOR('',#2437,10.);
#788=VECTOR('',#2442,10.);
#789=VECTOR('',#2445,10.);
#790=VECTOR('',#2446,10.);
#791=VECTOR('',#2449,10.);
#792=VECTOR('',#2450,10.);
#793=VECTOR('',#2455,10.);
#794=VECTOR('',#2458,10.);
#795=VECTOR('',#2461,10.);
#796=VECTOR('',#2462,10.);
#797=VECTOR('',#2467,10.);
#798=VECTOR('',#2470,10.);
#799=VECTOR('',#2471,10.);
#800=VECTOR('',#2474,10.);
#801=VECTOR('',#2479,10.);
#802=VECTOR('',#2480,10.);
#803=VECTOR('',#2483,10.);
#804=VECTOR('',#2488,10.);
#805=VECTOR('',#2491,10.);
#806=VECTOR('',#2492,10.);
#807=VECTOR('',#2497,10.);
#808=VECTOR('',#2500,10.);
#809=VECTOR('',#2501,10.);
#810=VECTOR('',#2504,10.);
#811=VECTOR('',#2505,10.);
#812=VECTOR('',#2512,10.);
#813=VECTOR('',#2513,10.);
#814=VECTOR('',#2516,10.);
#815=VECTOR('',#2517,10.);
#816=VECTOR('',#2524,10.);
#817=VECTOR('',#2527,10.);
#818=VECTOR('',#2528,10.);
#819=VECTOR('',#2535,10.);
#820=VECTOR('',#2538,10.);
#821=VECTOR('',#2539,10.);
#822=VECTOR('',#2546,10.);
#823=VECTOR('',#2549,10.);
#824=VECTOR('',#2550,10.);
#825=VECTOR('',#2557,10.);
#826=VECTOR('',#2560,10.);
#827=VECTOR('',#2561,10.);
#828=VECTOR('',#2568,10.);
#829=VECTOR('',#2569,10.);
#830=VECTOR('',#2570,10.);
#831=VECTOR('',#2573,10.);
#832=VECTOR('',#2574,10.);
#833=VECTOR('',#2577,10.);
#834=VECTOR('',#2580,10.);
#835=VECTOR('',#2581,10.);
#836=VECTOR('',#2582,10.);
#837=VECTOR('',#2585,10.);
#838=VECTOR('',#2586,10.);
#839=VECTOR('',#2589,10.);
#840=VECTOR('',#2590,10.);
#841=VECTOR('',#2591,10.);
#842=VECTOR('',#2594,10.);
#843=VECTOR('',#2595,10.);
#844=VECTOR('',#2598,10.);
#845=VECTOR('',#2599,10.);
#846=VECTOR('',#2602,10.);
#847=VECTOR('',#2603,10.);
#848=VECTOR('',#2606,10.);
#849=VECTOR('',#2607,10.);
#850=VECTOR('',#2610,10.);
#851=VECTOR('',#2611,10.);
#852=VECTOR('',#2614,10.);
#853=VECTOR('',#2615,10.);
#854=VECTOR('',#2616,10.);
#855=VECTOR('',#2617,10.);
#856=VECTOR('',#2622,10.);
#857=VECTOR('',#2627,10.);
#858=VECTOR('',#2628,10.);
#859=VECTOR('',#2629,10.);
#860=VECTOR('',#2630,10.);
#861=VECTOR('',#2633,10.);
#862=VECTOR('',#2634,10.);
#863=VECTOR('',#2635,10.);
#864=VECTOR('',#2638,10.);
#865=VECTOR('',#2639,10.);
#866=VECTOR('',#2642,10.);
#867=VECTOR('',#2643,10.);
#868=VECTOR('',#2644,10.);
#869=VECTOR('',#2645,10.);
#870=VECTOR('',#2648,10.);
#871=VECTOR('',#2649,10.);
#872=VECTOR('',#2650,10.);
#873=VECTOR('',#2653,10.);
#874=VECTOR('',#2654,10.);
#875=VECTOR('',#2655,10.);
#876=VECTOR('',#2658,10.);
#877=VECTOR('',#2659,10.);
#878=VECTOR('',#2662,10.);
#879=VECTOR('',#2663,10.);
#880=VECTOR('',#2664,10.);
#881=VECTOR('',#2665,10.);
#882=VECTOR('',#2666,10.);
#883=VECTOR('',#2667,10.);
#884=VECTOR('',#2670,10.);
#885=VECTOR('',#2671,10.);
#886=VECTOR('',#2672,10.);
#887=VECTOR('',#2675,10.);
#888=VECTOR('',#2676,10.);
#889=VECTOR('',#2679,10.);
#890=VECTOR('',#2680,10.);
#891=VECTOR('',#2681,10.);
#892=VECTOR('',#2682,10.);
#893=VECTOR('',#2685,10.);
#894=VECTOR('',#2690,10.);
#895=VERTEX_POINT('',#2699);
#896=VERTEX_POINT('',#2700);
#897=VERTEX_POINT('',#2702);
#898=VERTEX_POINT('',#2704);
#899=VERTEX_POINT('',#2706);
#900=VERTEX_POINT('',#2708);
#901=VERTEX_POINT('',#2712);
#902=VERTEX_POINT('',#2714);
#903=VERTEX_POINT('',#2718);
#904=VERTEX_POINT('',#2720);
#905=VERTEX_POINT('',#2722);
#906=VERTEX_POINT('',#2724);
#907=VERTEX_POINT('',#2728);
#908=VERTEX_POINT('',#2730);
#909=VERTEX_POINT('',#2732);
#910=VERTEX_POINT('',#2734);
#911=VERTEX_POINT('',#2736);
#912=VERTEX_POINT('',#2738);
#913=VERTEX_POINT('',#2740);
#914=VERTEX_POINT('',#2742);
#915=VERTEX_POINT('',#2744);
#916=VERTEX_POINT('',#2746);
#917=VERTEX_POINT('',#2748);
#918=VERTEX_POINT('',#2750);
#919=VERTEX_POINT('',#2752);
#920=VERTEX_POINT('',#2756);
#921=VERTEX_POINT('',#2757);
#922=VERTEX_POINT('',#2759);
#923=VERTEX_POINT('',#2761);
#924=VERTEX_POINT('',#2765);
#925=VERTEX_POINT('',#2770);
#926=VERTEX_POINT('',#2772);
#927=VERTEX_POINT('',#2774);
#928=VERTEX_POINT('',#2776);
#929=VERTEX_POINT('',#2778);
#930=VERTEX_POINT('',#2780);
#931=VERTEX_POINT('',#2782);
#932=VERTEX_POINT('',#2784);
#933=VERTEX_POINT('',#2786);
#934=VERTEX_POINT('',#2788);
#935=VERTEX_POINT('',#2790);
#936=VERTEX_POINT('',#2792);
#937=VERTEX_POINT('',#2794);
#938=VERTEX_POINT('',#2796);
#939=VERTEX_POINT('',#2798);
#940=VERTEX_POINT('',#2800);
#941=VERTEX_POINT('',#2802);
#942=VERTEX_POINT('',#2804);
#943=VERTEX_POINT('',#2806);
#944=VERTEX_POINT('',#2808);
#945=VERTEX_POINT('',#2810);
#946=VERTEX_POINT('',#2812);
#947=VERTEX_POINT('',#2814);
#948=VERTEX_POINT('',#2816);
#949=VERTEX_POINT('',#2818);
#950=VERTEX_POINT('',#2820);
#951=VERTEX_POINT('',#2822);
#952=VERTEX_POINT('',#2824);
#953=VERTEX_POINT('',#2826);
#954=VERTEX_POINT('',#2828);
#955=VERTEX_POINT('',#2830);
#956=VERTEX_POINT('',#2832);
#957=VERTEX_POINT('',#2834);
#958=VERTEX_POINT('',#2836);
#959=VERTEX_POINT('',#2838);
#960=VERTEX_POINT('',#2840);
#961=VERTEX_POINT('',#2842);
#962=VERTEX_POINT('',#2844);
#963=VERTEX_POINT('',#2846);
#964=VERTEX_POINT('',#2848);
#965=VERTEX_POINT('',#2850);
#966=VERTEX_POINT('',#2852);
#967=VERTEX_POINT('',#2854);
#968=VERTEX_POINT('',#2856);
#969=VERTEX_POINT('',#2858);
#970=VERTEX_POINT('',#2860);
#971=VERTEX_POINT('',#2862);
#972=VERTEX_POINT('',#2864);
#973=VERTEX_POINT('',#2866);
#974=VERTEX_POINT('',#2868);
#975=VERTEX_POINT('',#2870);
#976=VERTEX_POINT('',#2872);
#977=VERTEX_POINT('',#2874);
#978=VERTEX_POINT('',#2876);
#979=VERTEX_POINT('',#2878);
#980=VERTEX_POINT('',#2880);
#981=VERTEX_POINT('',#2882);
#982=VERTEX_POINT('',#2884);
#983=VERTEX_POINT('',#2886);
#984=VERTEX_POINT('',#2888);
#985=VERTEX_POINT('',#2890);
#986=VERTEX_POINT('',#2892);
#987=VERTEX_POINT('',#2894);
#988=VERTEX_POINT('',#2898);
#989=VERTEX_POINT('',#2900);
#990=VERTEX_POINT('',#2904);
#991=VERTEX_POINT('',#2906);
#992=VERTEX_POINT('',#2912);
#993=VERTEX_POINT('',#2914);
#994=VERTEX_POINT('',#2916);
#995=VERTEX_POINT('',#2918);
#996=VERTEX_POINT('',#2920);
#997=VERTEX_POINT('',#2922);
#998=VERTEX_POINT('',#2924);
#999=VERTEX_POINT('',#2926);
#1000=VERTEX_POINT('',#2928);
#1001=VERTEX_POINT('',#2930);
#1002=VERTEX_POINT('',#2932);
#1003=VERTEX_POINT('',#2934);
#1004=VERTEX_POINT('',#2936);
#1005=VERTEX_POINT('',#2938);
#1006=VERTEX_POINT('',#2940);
#1007=VERTEX_POINT('',#2942);
#1008=VERTEX_POINT('',#2944);
#1009=VERTEX_POINT('',#2946);
#1010=VERTEX_POINT('',#2948);
#1011=VERTEX_POINT('',#2950);
#1012=VERTEX_POINT('',#2952);
#1013=VERTEX_POINT('',#2954);
#1014=VERTEX_POINT('',#2956);
#1015=VERTEX_POINT('',#2958);
#1016=VERTEX_POINT('',#2960);
#1017=VERTEX_POINT('',#2962);
#1018=VERTEX_POINT('',#2964);
#1019=VERTEX_POINT('',#2966);
#1020=VERTEX_POINT('',#2968);
#1021=VERTEX_POINT('',#2970);
#1022=VERTEX_POINT('',#2972);
#1023=VERTEX_POINT('',#2974);
#1024=VERTEX_POINT('',#2976);
#1025=VERTEX_POINT('',#2978);
#1026=VERTEX_POINT('',#2980);
#1027=VERTEX_POINT('',#2982);
#1028=VERTEX_POINT('',#2984);
#1029=VERTEX_POINT('',#2986);
#1030=VERTEX_POINT('',#2988);
#1031=VERTEX_POINT('',#2990);
#1032=VERTEX_POINT('',#2992);
#1033=VERTEX_POINT('',#2994);
#1034=VERTEX_POINT('',#2996);
#1035=VERTEX_POINT('',#2998);
#1036=VERTEX_POINT('',#3000);
#1037=VERTEX_POINT('',#3002);
#1038=VERTEX_POINT('',#3004);
#1039=VERTEX_POINT('',#3006);
#1040=VERTEX_POINT('',#3008);
#1041=VERTEX_POINT('',#3010);
#1042=VERTEX_POINT('',#3012);
#1043=VERTEX_POINT('',#3014);
#1044=VERTEX_POINT('',#3016);
#1045=VERTEX_POINT('',#3018);
#1046=VERTEX_POINT('',#3020);
#1047=VERTEX_POINT('',#3022);
#1048=VERTEX_POINT('',#3024);
#1049=VERTEX_POINT('',#3027);
#1050=VERTEX_POINT('',#3029);
#1051=VERTEX_POINT('',#3031);
#1052=VERTEX_POINT('',#3037);
#1053=VERTEX_POINT('',#3039);
#1054=VERTEX_POINT('',#3153);
#1055=VERTEX_POINT('',#3155);
#1056=VERTEX_POINT('',#3159);
#1057=VERTEX_POINT('',#3165);
#1058=VERTEX_POINT('',#3167);
#1059=VERTEX_POINT('',#3171);
#1060=VERTEX_POINT('',#3175);
#1061=VERTEX_POINT('',#3177);
#1062=VERTEX_POINT('',#3181);
#1063=VERTEX_POINT('',#3185);
#1064=VERTEX_POINT('',#3192);
#1065=VERTEX_POINT('',#3196);
#1066=VERTEX_POINT('',#3201);
#1067=VERTEX_POINT('',#3210);
#1068=VERTEX_POINT('',#3211);
#1069=VERTEX_POINT('',#3213);
#1070=VERTEX_POINT('',#3215);
#1071=VERTEX_POINT('',#3219);
#1072=VERTEX_POINT('',#3221);
#1073=VERTEX_POINT('',#3228);
#1074=VERTEX_POINT('',#3229);
#1075=VERTEX_POINT('',#3231);
#1076=VERTEX_POINT('',#3233);
#1077=VERTEX_POINT('',#3237);
#1078=VERTEX_POINT('',#3239);
#1079=VERTEX_POINT('',#3243);
#1080=VERTEX_POINT('',#3245);
#1081=VERTEX_POINT('',#3252);
#1082=VERTEX_POINT('',#3254);
#1083=VERTEX_POINT('',#3256);
#1084=VERTEX_POINT('',#3258);
#1085=VERTEX_POINT('',#3260);
#1086=VERTEX_POINT('',#3264);
#1087=VERTEX_POINT('',#3266);
#1088=VERTEX_POINT('',#3270);
#1089=VERTEX_POINT('',#3274);
#1090=VERTEX_POINT('',#3277);
#1091=EDGE_CURVE('',#895,#896,#319,.T.);
#1092=EDGE_CURVE('',#897,#895,#313,.T.);
#1093=EDGE_CURVE('',#898,#897,#314,.T.);
#1094=EDGE_CURVE('',#899,#898,#320,.T.);
#1095=EDGE_CURVE('',#900,#899,#315,.T.);
#1096=EDGE_CURVE('',#896,#900,#316,.T.);
#1097=EDGE_CURVE('',#899,#901,#321,.T.);
#1098=EDGE_CURVE('',#902,#901,#322,.T.);
#1099=EDGE_CURVE('',#900,#902,#323,.T.);
#1100=EDGE_CURVE('',#895,#903,#324,.T.);
#1101=EDGE_CURVE('',#903,#904,#325,.T.);
#1102=EDGE_CURVE('',#904,#905,#326,.T.);
#1103=EDGE_CURVE('',#906,#905,#327,.T.);
#1104=EDGE_CURVE('',#897,#906,#328,.T.);
#1105=EDGE_CURVE('',#898,#907,#329,.T.);
#1106=EDGE_CURVE('',#908,#907,#330,.T.);
#1107=EDGE_CURVE('',#909,#908,#331,.T.);
#1108=EDGE_CURVE('',#910,#909,#332,.T.);
#1109=EDGE_CURVE('',#910,#911,#333,.T.);
#1110=EDGE_CURVE('',#912,#911,#334,.T.);
#1111=EDGE_CURVE('',#913,#912,#335,.T.);
#1112=EDGE_CURVE('',#914,#913,#336,.T.);
#1113=EDGE_CURVE('',#914,#915,#337,.T.);
#1114=EDGE_CURVE('',#916,#915,#338,.T.);
#1115=EDGE_CURVE('',#917,#916,#339,.T.);
#1116=EDGE_CURVE('',#918,#917,#340,.T.);
#1117=EDGE_CURVE('',#918,#919,#341,.T.);
#1118=EDGE_CURVE('',#901,#919,#342,.T.);
#1119=EDGE_CURVE('',#920,#921,#317,.T.);
#1120=EDGE_CURVE('',#922,#920,#343,.T.);
#1121=EDGE_CURVE('',#923,#922,#318,.T.);
#1122=EDGE_CURVE('',#921,#923,#344,.T.);
#1123=EDGE_CURVE('',#924,#896,#345,.T.);
#1124=EDGE_CURVE('',#921,#924,#346,.T.);
#1125=EDGE_CURVE('',#923,#903,#347,.T.);
#1126=EDGE_CURVE('',#922,#925,#348,.T.);
#1127=EDGE_CURVE('',#926,#925,#349,.T.);
#1128=EDGE_CURVE('',#927,#926,#350,.T.);
#1129=EDGE_CURVE('',#928,#927,#351,.T.);
#1130=EDGE_CURVE('',#928,#929,#352,.T.);
#1131=EDGE_CURVE('',#930,#929,#353,.T.);
#1132=EDGE_CURVE('',#931,#930,#354,.T.);
#1133=EDGE_CURVE('',#932,#931,#355,.T.);
#1134=EDGE_CURVE('',#932,#933,#356,.T.);
#1135=EDGE_CURVE('',#934,#933,#357,.T.);
#1136=EDGE_CURVE('',#935,#934,#358,.T.);
#1137=EDGE_CURVE('',#936,#935,#359,.T.);
#1138=EDGE_CURVE('',#936,#937,#360,.T.);
#1139=EDGE_CURVE('',#938,#937,#361,.T.);
#1140=EDGE_CURVE('',#939,#938,#362,.T.);
#1141=EDGE_CURVE('',#940,#939,#363,.T.);
#1142=EDGE_CURVE('',#940,#941,#364,.T.);
#1143=EDGE_CURVE('',#942,#941,#365,.T.);
#1144=EDGE_CURVE('',#943,#942,#366,.T.);
#1145=EDGE_CURVE('',#944,#943,#367,.T.);
#1146=EDGE_CURVE('',#944,#945,#368,.T.);
#1147=EDGE_CURVE('',#946,#945,#369,.T.);
#1148=EDGE_CURVE('',#947,#946,#370,.T.);
#1149=EDGE_CURVE('',#948,#947,#371,.T.);
#1150=EDGE_CURVE('',#948,#949,#372,.T.);
#1151=EDGE_CURVE('',#950,#949,#373,.T.);
#1152=EDGE_CURVE('',#951,#950,#374,.T.);
#1153=EDGE_CURVE('',#952,#951,#375,.T.);
#1154=EDGE_CURVE('',#952,#953,#376,.T.);
#1155=EDGE_CURVE('',#954,#953,#377,.T.);
#1156=EDGE_CURVE('',#955,#954,#378,.T.);
#1157=EDGE_CURVE('',#956,#955,#379,.T.);
#1158=EDGE_CURVE('',#956,#957,#380,.T.);
#1159=EDGE_CURVE('',#958,#957,#381,.T.);
#1160=EDGE_CURVE('',#959,#958,#382,.T.);
#1161=EDGE_CURVE('',#960,#959,#383,.T.);
#1162=EDGE_CURVE('',#960,#961,#384,.T.);
#1163=EDGE_CURVE('',#962,#961,#385,.T.);
#1164=EDGE_CURVE('',#963,#962,#386,.T.);
#1165=EDGE_CURVE('',#964,#963,#387,.T.);
#1166=EDGE_CURVE('',#964,#965,#388,.T.);
#1167=EDGE_CURVE('',#966,#965,#389,.T.);
#1168=EDGE_CURVE('',#967,#966,#390,.T.);
#1169=EDGE_CURVE('',#968,#967,#391,.T.);
#1170=EDGE_CURVE('',#968,#969,#392,.T.);
#1171=EDGE_CURVE('',#970,#969,#393,.T.);
#1172=EDGE_CURVE('',#971,#970,#394,.T.);
#1173=EDGE_CURVE('',#972,#971,#395,.T.);
#1174=EDGE_CURVE('',#972,#973,#396,.T.);
#1175=EDGE_CURVE('',#974,#973,#397,.T.);
#1176=EDGE_CURVE('',#975,#974,#398,.T.);
#1177=EDGE_CURVE('',#976,#975,#399,.T.);
#1178=EDGE_CURVE('',#976,#977,#400,.T.);
#1179=EDGE_CURVE('',#978,#977,#401,.T.);
#1180=EDGE_CURVE('',#979,#978,#402,.T.);
#1181=EDGE_CURVE('',#980,#979,#403,.T.);
#1182=EDGE_CURVE('',#980,#981,#404,.T.);
#1183=EDGE_CURVE('',#982,#981,#405,.T.);
#1184=EDGE_CURVE('',#983,#982,#406,.T.);
#1185=EDGE_CURVE('',#984,#983,#407,.T.);
#1186=EDGE_CURVE('',#984,#985,#408,.T.);
#1187=EDGE_CURVE('',#986,#985,#409,.T.);
#1188=EDGE_CURVE('',#987,#986,#410,.T.);
#1189=EDGE_CURVE('',#904,#987,#411,.T.);
#1190=EDGE_CURVE('',#931,#988,#412,.T.);
#1191=EDGE_CURVE('',#989,#930,#413,.T.);
#1192=EDGE_CURVE('',#988,#989,#414,.T.);
#1193=EDGE_CURVE('',#990,#928,#415,.T.);
#1194=EDGE_CURVE('',#990,#991,#416,.T.);
#1195=EDGE_CURVE('',#929,#991,#417,.T.);
#1196=EDGE_CURVE('',#991,#989,#418,.T.);
#1197=EDGE_CURVE('',#924,#992,#419,.T.);
#1198=EDGE_CURVE('',#993,#992,#420,.T.);
#1199=EDGE_CURVE('',#993,#994,#421,.T.);
#1200=EDGE_CURVE('',#995,#994,#422,.T.);
#1201=EDGE_CURVE('',#996,#995,#423,.T.);
#1202=EDGE_CURVE('',#997,#996,#424,.T.);
#1203=EDGE_CURVE('',#997,#998,#425,.T.);
#1204=EDGE_CURVE('',#999,#998,#426,.T.);
#1205=EDGE_CURVE('',#1000,#999,#427,.T.);
#1206=EDGE_CURVE('',#1001,#1000,#428,.T.);
#1207=EDGE_CURVE('',#1001,#1002,#429,.T.);
#1208=EDGE_CURVE('',#1003,#1002,#430,.T.);
#1209=EDGE_CURVE('',#1004,#1003,#431,.T.);
#1210=EDGE_CURVE('',#1005,#1004,#432,.T.);
#1211=EDGE_CURVE('',#1005,#1006,#433,.T.);
#1212=EDGE_CURVE('',#1007,#1006,#434,.T.);
#1213=EDGE_CURVE('',#1008,#1007,#435,.T.);
#1214=EDGE_CURVE('',#1009,#1008,#436,.T.);
#1215=EDGE_CURVE('',#1009,#1010,#437,.T.);
#1216=EDGE_CURVE('',#1011,#1010,#438,.T.);
#1217=EDGE_CURVE('',#1012,#1011,#439,.T.);
#1218=EDGE_CURVE('',#1013,#1012,#440,.T.);
#1219=EDGE_CURVE('',#1013,#1014,#441,.T.);
#1220=EDGE_CURVE('',#1015,#1014,#442,.T.);
#1221=EDGE_CURVE('',#1016,#1015,#443,.T.);
#1222=EDGE_CURVE('',#1017,#1016,#444,.T.);
#1223=EDGE_CURVE('',#1017,#1018,#445,.T.);
#1224=EDGE_CURVE('',#1019,#1018,#446,.T.);
#1225=EDGE_CURVE('',#1020,#1019,#447,.T.);
#1226=EDGE_CURVE('',#1021,#1020,#448,.T.);
#1227=EDGE_CURVE('',#1021,#1022,#449,.T.);
#1228=EDGE_CURVE('',#1023,#1022,#450,.T.);
#1229=EDGE_CURVE('',#1024,#1023,#451,.T.);
#1230=EDGE_CURVE('',#1025,#1024,#452,.T.);
#1231=EDGE_CURVE('',#1025,#1026,#453,.T.);
#1232=EDGE_CURVE('',#1027,#1026,#454,.T.);
#1233=EDGE_CURVE('',#1028,#1027,#455,.T.);
#1234=EDGE_CURVE('',#1029,#1028,#456,.T.);
#1235=EDGE_CURVE('',#1029,#1030,#457,.T.);
#1236=EDGE_CURVE('',#1031,#1030,#458,.T.);
#1237=EDGE_CURVE('',#1032,#1031,#459,.T.);
#1238=EDGE_CURVE('',#1033,#1032,#460,.T.);
#1239=EDGE_CURVE('',#1033,#1034,#461,.T.);
#1240=EDGE_CURVE('',#1035,#1034,#462,.T.);
#1241=EDGE_CURVE('',#1036,#1035,#463,.T.);
#1242=EDGE_CURVE('',#1037,#1036,#464,.T.);
#1243=EDGE_CURVE('',#1037,#1038,#465,.T.);
#1244=EDGE_CURVE('',#1039,#1038,#466,.T.);
#1245=EDGE_CURVE('',#1040,#1039,#467,.T.);
#1246=EDGE_CURVE('',#1041,#1040,#468,.T.);
#1247=EDGE_CURVE('',#1041,#1042,#469,.T.);
#1248=EDGE_CURVE('',#1043,#1042,#470,.T.);
#1249=EDGE_CURVE('',#1044,#1043,#471,.T.);
#1250=EDGE_CURVE('',#1045,#1044,#472,.T.);
#1251=EDGE_CURVE('',#1045,#1046,#473,.T.);
#1252=EDGE_CURVE('',#1047,#1046,#474,.T.);
#1253=EDGE_CURVE('',#1048,#1047,#475,.T.);
#1254=EDGE_CURVE('',#988,#1048,#476,.T.);
#1255=EDGE_CURVE('',#1049,#990,#477,.T.);
#1256=EDGE_CURVE('',#1049,#1050,#478,.T.);
#1257=EDGE_CURVE('',#1051,#1050,#479,.T.);
#1258=EDGE_CURVE('',#920,#1051,#480,.T.);
#1259=EDGE_CURVE('',#1048,#932,#481,.T.);
#1260=EDGE_CURVE('',#927,#1052,#482,.T.);
#1261=EDGE_CURVE('',#1052,#1053,#483,.T.);
#1262=EDGE_CURVE('',#1053,#1049,#484,.T.);
#1263=EDGE_CURVE('',#947,#1033,#485,.T.);
#1264=EDGE_CURVE('',#1034,#946,#486,.T.);
#1265=EDGE_CURVE('',#1036,#944,#487,.T.);
#1266=EDGE_CURVE('',#945,#1035,#488,.T.);
#1267=EDGE_CURVE('',#1032,#948,#489,.T.);
#1268=EDGE_CURVE('',#943,#1037,#490,.T.);
#1269=EDGE_CURVE('',#959,#1021,#491,.T.);
#1270=EDGE_CURVE('',#1022,#958,#492,.T.);
#1271=EDGE_CURVE('',#1024,#956,#493,.T.);
#1272=EDGE_CURVE('',#957,#1023,#494,.T.);
#1273=EDGE_CURVE('',#955,#1025,#495,.T.);
#1274=EDGE_CURVE('',#975,#1005,#496,.T.);
#1275=EDGE_CURVE('',#1006,#974,#497,.T.);
#1276=EDGE_CURVE('',#1008,#972,#498,.T.);
#1277=EDGE_CURVE('',#973,#1007,#499,.T.);
#1278=EDGE_CURVE('',#971,#1009,#500,.T.);
#1279=EDGE_CURVE('',#987,#993,#501,.T.);
#1280=EDGE_CURVE('',#994,#986,#502,.T.);
#1281=EDGE_CURVE('',#996,#984,#503,.T.);
#1282=EDGE_CURVE('',#985,#995,#504,.T.);
#1283=EDGE_CURVE('',#983,#997,#505,.T.);
#1284=EDGE_CURVE('',#1010,#970,#506,.T.);
#1285=EDGE_CURVE('',#1012,#968,#507,.T.);
#1286=EDGE_CURVE('',#969,#1011,#508,.T.);
#1287=EDGE_CURVE('',#967,#1013,#509,.T.);
#1288=EDGE_CURVE('',#951,#1029,#510,.T.);
#1289=EDGE_CURVE('',#1030,#950,#511,.T.);
#1290=EDGE_CURVE('',#949,#1031,#512,.T.);
#1291=EDGE_CURVE('',#935,#1045,#513,.T.);
#1292=EDGE_CURVE('',#1046,#934,#514,.T.);
#1293=EDGE_CURVE('',#933,#1047,#515,.T.);
#1294=EDGE_CURVE('',#1038,#942,#516,.T.);
#1295=EDGE_CURVE('',#1040,#940,#517,.T.);
#1296=EDGE_CURVE('',#941,#1039,#518,.T.);
#1297=EDGE_CURVE('',#939,#1041,#519,.T.);
#1298=EDGE_CURVE('',#963,#1017,#520,.T.);
#1299=EDGE_CURVE('',#1018,#962,#521,.T.);
#1300=EDGE_CURVE('',#1020,#960,#522,.T.);
#1301=EDGE_CURVE('',#961,#1019,#523,.T.);
#1302=EDGE_CURVE('',#979,#1001,#524,.T.);
#1303=EDGE_CURVE('',#1002,#978,#525,.T.);
#1304=EDGE_CURVE('',#1004,#976,#526,.T.);
#1305=EDGE_CURVE('',#977,#1003,#527,.T.);
#1306=EDGE_CURVE('',#998,#982,#528,.T.);
#1307=EDGE_CURVE('',#1000,#980,#529,.T.);
#1308=EDGE_CURVE('',#981,#999,#530,.T.);
#1309=EDGE_CURVE('',#1014,#966,#531,.T.);
#1310=EDGE_CURVE('',#1016,#964,#532,.T.);
#1311=EDGE_CURVE('',#965,#1015,#533,.T.);
#1312=EDGE_CURVE('',#1026,#954,#534,.T.);
#1313=EDGE_CURVE('',#1028,#952,#535,.T.);
#1314=EDGE_CURVE('',#953,#1027,#536,.T.);
#1315=EDGE_CURVE('',#1042,#938,#537,.T.);
#1316=EDGE_CURVE('',#1044,#936,#538,.T.);
#1317=EDGE_CURVE('',#937,#1043,#539,.T.);
#1318=EDGE_CURVE('',#1054,#909,#540,.T.);
#1319=EDGE_CURVE('',#1054,#1055,#541,.T.);
#1320=EDGE_CURVE('',#910,#1055,#542,.T.);
#1321=EDGE_CURVE('',#1055,#1056,#543,.T.);
#1322=EDGE_CURVE('',#911,#1056,#544,.T.);
#1323=EDGE_CURVE('',#992,#904,#545,.T.);
#1324=EDGE_CURVE('',#914,#1057,#546,.T.);
#1325=EDGE_CURVE('',#1058,#913,#547,.T.);
#1326=EDGE_CURVE('',#1058,#1057,#548,.T.);
#1327=EDGE_CURVE('',#1057,#1059,#549,.T.);
#1328=EDGE_CURVE('',#915,#1059,#550,.T.);
#1329=EDGE_CURVE('',#1060,#917,#551,.T.);
#1330=EDGE_CURVE('',#1060,#1061,#552,.T.);
#1331=EDGE_CURVE('',#918,#1061,#553,.T.);
#1332=EDGE_CURVE('',#1061,#1062,#554,.T.);
#1333=EDGE_CURVE('',#919,#1062,#555,.T.);
#1334=EDGE_CURVE('',#1063,#908,#556,.T.);
#1335=EDGE_CURVE('',#1054,#1063,#557,.T.);
#1336=EDGE_CURVE('',#907,#906,#558,.T.);
#1337=EDGE_CURVE('',#905,#1063,#559,.T.);
#1338=EDGE_CURVE('',#1062,#1064,#560,.T.);
#1339=EDGE_CURVE('',#1064,#902,#561,.T.);
#1340=EDGE_CURVE('',#1065,#912,#562,.T.);
#1341=EDGE_CURVE('',#1058,#1065,#563,.T.);
#1342=EDGE_CURVE('',#992,#1064,#564,.T.);
#1343=EDGE_CURVE('',#1060,#1066,#565,.T.);
#1344=EDGE_CURVE('',#1059,#1066,#566,.T.);
#1345=EDGE_CURVE('',#1056,#1065,#567,.T.);
#1346=EDGE_CURVE('',#1066,#916,#568,.T.);
#1347=EDGE_CURVE('',#1067,#1068,#569,.T.);
#1348=EDGE_CURVE('',#1067,#1069,#570,.T.);
#1349=EDGE_CURVE('',#1070,#1069,#571,.T.);
#1350=EDGE_CURVE('',#1070,#1068,#572,.T.);
#1351=EDGE_CURVE('',#1069,#1071,#573,.T.);
#1352=EDGE_CURVE('',#1072,#1071,#574,.T.);
#1353=EDGE_CURVE('',#1070,#1072,#575,.T.);
#1354=EDGE_CURVE('',#1071,#926,#576,.T.);
#1355=EDGE_CURVE('',#925,#1072,#577,.T.);
#1356=EDGE_CURVE('',#1073,#1074,#578,.T.);
#1357=EDGE_CURVE('',#1073,#1075,#579,.T.);
#1358=EDGE_CURVE('',#1076,#1075,#580,.T.);
#1359=EDGE_CURVE('',#1076,#1074,#581,.T.);
#1360=EDGE_CURVE('',#1075,#1077,#582,.T.);
#1361=EDGE_CURVE('',#1078,#1077,#583,.T.);
#1362=EDGE_CURVE('',#1076,#1078,#584,.T.);
#1363=EDGE_CURVE('',#1068,#1079,#585,.T.);
#1364=EDGE_CURVE('',#1080,#1079,#586,.T.);
#1365=EDGE_CURVE('',#1067,#1080,#587,.T.);
#1366=EDGE_CURVE('',#1077,#1080,#588,.T.);
#1367=EDGE_CURVE('',#1079,#1078,#589,.T.);
#1368=EDGE_CURVE('',#1081,#1051,#590,.T.);
#1369=EDGE_CURVE('',#1082,#1081,#591,.T.);
#1370=EDGE_CURVE('',#1083,#1082,#592,.T.);
#1371=EDGE_CURVE('',#1083,#1084,#593,.T.);
#1372=EDGE_CURVE('',#1085,#1084,#594,.T.);
#1373=EDGE_CURVE('',#1074,#1085,#595,.T.);
#1374=EDGE_CURVE('',#1086,#1082,#596,.T.);
#1375=EDGE_CURVE('',#1086,#1087,#597,.T.);
#1376=EDGE_CURVE('',#1083,#1087,#598,.T.);
#1377=EDGE_CURVE('',#1087,#1088,#599,.T.);
#1378=EDGE_CURVE('',#1084,#1088,#600,.T.);
#1379=EDGE_CURVE('',#1073,#1089,#601,.T.);
#1380=EDGE_CURVE('',#1088,#1089,#602,.T.);
#1381=EDGE_CURVE('',#1086,#1090,#603,.T.);
#1382=EDGE_CURVE('',#1050,#1090,#604,.T.);
#1383=EDGE_CURVE('',#1089,#1085,#605,.T.);
#1384=EDGE_CURVE('',#1090,#1081,#606,.T.);
#1385=ORIENTED_EDGE('',*,*,#1091,.F.);
#1386=ORIENTED_EDGE('',*,*,#1092,.F.);
#1387=ORIENTED_EDGE('',*,*,#1093,.F.);
#1388=ORIENTED_EDGE('',*,*,#1094,.F.);
#1389=ORIENTED_EDGE('',*,*,#1095,.F.);
#1390=ORIENTED_EDGE('',*,*,#1096,.F.);
#1391=ORIENTED_EDGE('',*,*,#1095,.T.);
#1392=ORIENTED_EDGE('',*,*,#1097,.T.);
#1393=ORIENTED_EDGE('',*,*,#1098,.F.);
#1394=ORIENTED_EDGE('',*,*,#1099,.F.);
#1395=ORIENTED_EDGE('',*,*,#1092,.T.);
#1396=ORIENTED_EDGE('',*,*,#1100,.T.);
#1397=ORIENTED_EDGE('',*,*,#1101,.T.);
#1398=ORIENTED_EDGE('',*,*,#1102,.T.);
#1399=ORIENTED_EDGE('',*,*,#1103,.F.);
#1400=ORIENTED_EDGE('',*,*,#1104,.F.);
#1401=ORIENTED_EDGE('',*,*,#1094,.T.);
#1402=ORIENTED_EDGE('',*,*,#1105,.T.);
#1403=ORIENTED_EDGE('',*,*,#1106,.F.);
#1404=ORIENTED_EDGE('',*,*,#1107,.F.);
#1405=ORIENTED_EDGE('',*,*,#1108,.F.);
#1406=ORIENTED_EDGE('',*,*,#1109,.T.);
#1407=ORIENTED_EDGE('',*,*,#1110,.F.);
#1408=ORIENTED_EDGE('',*,*,#1111,.F.);
#1409=ORIENTED_EDGE('',*,*,#1112,.F.);
#1410=ORIENTED_EDGE('',*,*,#1113,.T.);
#1411=ORIENTED_EDGE('',*,*,#1114,.F.);
#1412=ORIENTED_EDGE('',*,*,#1115,.F.);
#1413=ORIENTED_EDGE('',*,*,#1116,.F.);
#1414=ORIENTED_EDGE('',*,*,#1117,.T.);
#1415=ORIENTED_EDGE('',*,*,#1118,.F.);
#1416=ORIENTED_EDGE('',*,*,#1097,.F.);
#1417=ORIENTED_EDGE('',*,*,#1119,.F.);
#1418=ORIENTED_EDGE('',*,*,#1120,.F.);
#1419=ORIENTED_EDGE('',*,*,#1121,.F.);
#1420=ORIENTED_EDGE('',*,*,#1122,.F.);
#1421=ORIENTED_EDGE('',*,*,#1091,.T.);
#1422=ORIENTED_EDGE('',*,*,#1123,.F.);
#1423=ORIENTED_EDGE('',*,*,#1124,.F.);
#1424=ORIENTED_EDGE('',*,*,#1122,.T.);
#1425=ORIENTED_EDGE('',*,*,#1125,.T.);
#1426=ORIENTED_EDGE('',*,*,#1100,.F.);
#1427=ORIENTED_EDGE('',*,*,#1121,.T.);
#1428=ORIENTED_EDGE('',*,*,#1126,.T.);
#1429=ORIENTED_EDGE('',*,*,#1127,.F.);
#1430=ORIENTED_EDGE('',*,*,#1128,.F.);
#1431=ORIENTED_EDGE('',*,*,#1129,.F.);
#1432=ORIENTED_EDGE('',*,*,#1130,.T.);
#1433=ORIENTED_EDGE('',*,*,#1131,.F.);
#1434=ORIENTED_EDGE('',*,*,#1132,.F.);
#1435=ORIENTED_EDGE('',*,*,#1133,.F.);
#1436=ORIENTED_EDGE('',*,*,#1134,.T.);
#1437=ORIENTED_EDGE('',*,*,#1135,.F.);
#1438=ORIENTED_EDGE('',*,*,#1136,.F.);
#1439=ORIENTED_EDGE('',*,*,#1137,.F.);
#1440=ORIENTED_EDGE('',*,*,#1138,.T.);
#1441=ORIENTED_EDGE('',*,*,#1139,.F.);
#1442=ORIENTED_EDGE('',*,*,#1140,.F.);
#1443=ORIENTED_EDGE('',*,*,#1141,.F.);
#1444=ORIENTED_EDGE('',*,*,#1142,.T.);
#1445=ORIENTED_EDGE('',*,*,#1143,.F.);
#1446=ORIENTED_EDGE('',*,*,#1144,.F.);
#1447=ORIENTED_EDGE('',*,*,#1145,.F.);
#1448=ORIENTED_EDGE('',*,*,#1146,.T.);
#1449=ORIENTED_EDGE('',*,*,#1147,.F.);
#1450=ORIENTED_EDGE('',*,*,#1148,.F.);
#1451=ORIENTED_EDGE('',*,*,#1149,.F.);
#1452=ORIENTED_EDGE('',*,*,#1150,.T.);
#1453=ORIENTED_EDGE('',*,*,#1151,.F.);
#1454=ORIENTED_EDGE('',*,*,#1152,.F.);
#1455=ORIENTED_EDGE('',*,*,#1153,.F.);
#1456=ORIENTED_EDGE('',*,*,#1154,.T.);
#1457=ORIENTED_EDGE('',*,*,#1155,.F.);
#1458=ORIENTED_EDGE('',*,*,#1156,.F.);
#1459=ORIENTED_EDGE('',*,*,#1157,.F.);
#1460=ORIENTED_EDGE('',*,*,#1158,.T.);
#1461=ORIENTED_EDGE('',*,*,#1159,.F.);
#1462=ORIENTED_EDGE('',*,*,#1160,.F.);
#1463=ORIENTED_EDGE('',*,*,#1161,.F.);
#1464=ORIENTED_EDGE('',*,*,#1162,.T.);
#1465=ORIENTED_EDGE('',*,*,#1163,.F.);
#1466=ORIENTED_EDGE('',*,*,#1164,.F.);
#1467=ORIENTED_EDGE('',*,*,#1165,.F.);
#1468=ORIENTED_EDGE('',*,*,#1166,.T.);
#1469=ORIENTED_EDGE('',*,*,#1167,.F.);
#1470=ORIENTED_EDGE('',*,*,#1168,.F.);
#1471=ORIENTED_EDGE('',*,*,#1169,.F.);
#1472=ORIENTED_EDGE('',*,*,#1170,.T.);
#1473=ORIENTED_EDGE('',*,*,#1171,.F.);
#1474=ORIENTED_EDGE('',*,*,#1172,.F.);
#1475=ORIENTED_EDGE('',*,*,#1173,.F.);
#1476=ORIENTED_EDGE('',*,*,#1174,.T.);
#1477=ORIENTED_EDGE('',*,*,#1175,.F.);
#1478=ORIENTED_EDGE('',*,*,#1176,.F.);
#1479=ORIENTED_EDGE('',*,*,#1177,.F.);
#1480=ORIENTED_EDGE('',*,*,#1178,.T.);
#1481=ORIENTED_EDGE('',*,*,#1179,.F.);
#1482=ORIENTED_EDGE('',*,*,#1180,.F.);
#1483=ORIENTED_EDGE('',*,*,#1181,.F.);
#1484=ORIENTED_EDGE('',*,*,#1182,.T.);
#1485=ORIENTED_EDGE('',*,*,#1183,.F.);
#1486=ORIENTED_EDGE('',*,*,#1184,.F.);
#1487=ORIENTED_EDGE('',*,*,#1185,.F.);
#1488=ORIENTED_EDGE('',*,*,#1186,.T.);
#1489=ORIENTED_EDGE('',*,*,#1187,.F.);
#1490=ORIENTED_EDGE('',*,*,#1188,.F.);
#1491=ORIENTED_EDGE('',*,*,#1189,.F.);
#1492=ORIENTED_EDGE('',*,*,#1101,.F.);
#1493=ORIENTED_EDGE('',*,*,#1125,.F.);
#1494=ORIENTED_EDGE('',*,*,#1190,.F.);
#1495=ORIENTED_EDGE('',*,*,#1132,.T.);
#1496=ORIENTED_EDGE('',*,*,#1191,.F.);
#1497=ORIENTED_EDGE('',*,*,#1192,.F.);
#1498=ORIENTED_EDGE('',*,*,#1193,.F.);
#1499=ORIENTED_EDGE('',*,*,#1194,.T.);
#1500=ORIENTED_EDGE('',*,*,#1195,.F.);
#1501=ORIENTED_EDGE('',*,*,#1130,.F.);
#1502=ORIENTED_EDGE('',*,*,#1195,.T.);
#1503=ORIENTED_EDGE('',*,*,#1196,.T.);
#1504=ORIENTED_EDGE('',*,*,#1191,.T.);
#1505=ORIENTED_EDGE('',*,*,#1131,.T.);
#1506=ORIENTED_EDGE('',*,*,#1119,.T.);
#1507=ORIENTED_EDGE('',*,*,#1124,.T.);
#1508=ORIENTED_EDGE('',*,*,#1197,.T.);
#1509=ORIENTED_EDGE('',*,*,#1198,.F.);
#1510=ORIENTED_EDGE('',*,*,#1199,.T.);
#1511=ORIENTED_EDGE('',*,*,#1200,.F.);
#1512=ORIENTED_EDGE('',*,*,#1201,.F.);
#1513=ORIENTED_EDGE('',*,*,#1202,.F.);
#1514=ORIENTED_EDGE('',*,*,#1203,.T.);
#1515=ORIENTED_EDGE('',*,*,#1204,.F.);
#1516=ORIENTED_EDGE('',*,*,#1205,.F.);
#1517=ORIENTED_EDGE('',*,*,#1206,.F.);
#1518=ORIENTED_EDGE('',*,*,#1207,.T.);
#1519=ORIENTED_EDGE('',*,*,#1208,.F.);
#1520=ORIENTED_EDGE('',*,*,#1209,.F.);
#1521=ORIENTED_EDGE('',*,*,#1210,.F.);
#1522=ORIENTED_EDGE('',*,*,#1211,.T.);
#1523=ORIENTED_EDGE('',*,*,#1212,.F.);
#1524=ORIENTED_EDGE('',*,*,#1213,.F.);
#1525=ORIENTED_EDGE('',*,*,#1214,.F.);
#1526=ORIENTED_EDGE('',*,*,#1215,.T.);
#1527=ORIENTED_EDGE('',*,*,#1216,.F.);
#1528=ORIENTED_EDGE('',*,*,#1217,.F.);
#1529=ORIENTED_EDGE('',*,*,#1218,.F.);
#1530=ORIENTED_EDGE('',*,*,#1219,.T.);
#1531=ORIENTED_EDGE('',*,*,#1220,.F.);
#1532=ORIENTED_EDGE('',*,*,#1221,.F.);
#1533=ORIENTED_EDGE('',*,*,#1222,.F.);
#1534=ORIENTED_EDGE('',*,*,#1223,.T.);
#1535=ORIENTED_EDGE('',*,*,#1224,.F.);
#1536=ORIENTED_EDGE('',*,*,#1225,.F.);
#1537=ORIENTED_EDGE('',*,*,#1226,.F.);
#1538=ORIENTED_EDGE('',*,*,#1227,.T.);
#1539=ORIENTED_EDGE('',*,*,#1228,.F.);
#1540=ORIENTED_EDGE('',*,*,#1229,.F.);
#1541=ORIENTED_EDGE('',*,*,#1230,.F.);
#1542=ORIENTED_EDGE('',*,*,#1231,.T.);
#1543=ORIENTED_EDGE('',*,*,#1232,.F.);
#1544=ORIENTED_EDGE('',*,*,#1233,.F.);
#1545=ORIENTED_EDGE('',*,*,#1234,.F.);
#1546=ORIENTED_EDGE('',*,*,#1235,.T.);
#1547=ORIENTED_EDGE('',*,*,#1236,.F.);
#1548=ORIENTED_EDGE('',*,*,#1237,.F.);
#1549=ORIENTED_EDGE('',*,*,#1238,.F.);
#1550=ORIENTED_EDGE('',*,*,#1239,.T.);
#1551=ORIENTED_EDGE('',*,*,#1240,.F.);
#1552=ORIENTED_EDGE('',*,*,#1241,.F.);
#1553=ORIENTED_EDGE('',*,*,#1242,.F.);
#1554=ORIENTED_EDGE('',*,*,#1243,.T.);
#1555=ORIENTED_EDGE('',*,*,#1244,.F.);
#1556=ORIENTED_EDGE('',*,*,#1245,.F.);
#1557=ORIENTED_EDGE('',*,*,#1246,.F.);
#1558=ORIENTED_EDGE('',*,*,#1247,.T.);
#1559=ORIENTED_EDGE('',*,*,#1248,.F.);
#1560=ORIENTED_EDGE('',*,*,#1249,.F.);
#1561=ORIENTED_EDGE('',*,*,#1250,.F.);
#1562=ORIENTED_EDGE('',*,*,#1251,.T.);
#1563=ORIENTED_EDGE('',*,*,#1252,.F.);
#1564=ORIENTED_EDGE('',*,*,#1253,.F.);
#1565=ORIENTED_EDGE('',*,*,#1254,.F.);
#1566=ORIENTED_EDGE('',*,*,#1192,.T.);
#1567=ORIENTED_EDGE('',*,*,#1196,.F.);
#1568=ORIENTED_EDGE('',*,*,#1194,.F.);
#1569=ORIENTED_EDGE('',*,*,#1255,.F.);
#1570=ORIENTED_EDGE('',*,*,#1256,.T.);
#1571=ORIENTED_EDGE('',*,*,#1257,.F.);
#1572=ORIENTED_EDGE('',*,*,#1258,.F.);
#1573=ORIENTED_EDGE('',*,*,#1190,.T.);
#1574=ORIENTED_EDGE('',*,*,#1254,.T.);
#1575=ORIENTED_EDGE('',*,*,#1259,.T.);
#1576=ORIENTED_EDGE('',*,*,#1133,.T.);
#1577=ORIENTED_EDGE('',*,*,#1193,.T.);
#1578=ORIENTED_EDGE('',*,*,#1129,.T.);
#1579=ORIENTED_EDGE('',*,*,#1260,.T.);
#1580=ORIENTED_EDGE('',*,*,#1261,.T.);
#1581=ORIENTED_EDGE('',*,*,#1262,.T.);
#1582=ORIENTED_EDGE('',*,*,#1255,.T.);
#1583=ORIENTED_EDGE('',*,*,#1263,.F.);
#1584=ORIENTED_EDGE('',*,*,#1148,.T.);
#1585=ORIENTED_EDGE('',*,*,#1264,.F.);
#1586=ORIENTED_EDGE('',*,*,#1239,.F.);
#1587=ORIENTED_EDGE('',*,*,#1265,.F.);
#1588=ORIENTED_EDGE('',*,*,#1241,.T.);
#1589=ORIENTED_EDGE('',*,*,#1266,.F.);
#1590=ORIENTED_EDGE('',*,*,#1146,.F.);
#1591=ORIENTED_EDGE('',*,*,#1266,.T.);
#1592=ORIENTED_EDGE('',*,*,#1240,.T.);
#1593=ORIENTED_EDGE('',*,*,#1264,.T.);
#1594=ORIENTED_EDGE('',*,*,#1147,.T.);
#1595=ORIENTED_EDGE('',*,*,#1263,.T.);
#1596=ORIENTED_EDGE('',*,*,#1238,.T.);
#1597=ORIENTED_EDGE('',*,*,#1267,.T.);
#1598=ORIENTED_EDGE('',*,*,#1149,.T.);
#1599=ORIENTED_EDGE('',*,*,#1265,.T.);
#1600=ORIENTED_EDGE('',*,*,#1145,.T.);
#1601=ORIENTED_EDGE('',*,*,#1268,.T.);
#1602=ORIENTED_EDGE('',*,*,#1242,.T.);
#1603=ORIENTED_EDGE('',*,*,#1269,.F.);
#1604=ORIENTED_EDGE('',*,*,#1160,.T.);
#1605=ORIENTED_EDGE('',*,*,#1270,.F.);
#1606=ORIENTED_EDGE('',*,*,#1227,.F.);
#1607=ORIENTED_EDGE('',*,*,#1271,.F.);
#1608=ORIENTED_EDGE('',*,*,#1229,.T.);
#1609=ORIENTED_EDGE('',*,*,#1272,.F.);
#1610=ORIENTED_EDGE('',*,*,#1158,.F.);
#1611=ORIENTED_EDGE('',*,*,#1228,.T.);
#1612=ORIENTED_EDGE('',*,*,#1270,.T.);
#1613=ORIENTED_EDGE('',*,*,#1159,.T.);
#1614=ORIENTED_EDGE('',*,*,#1272,.T.);
#1615=ORIENTED_EDGE('',*,*,#1271,.T.);
#1616=ORIENTED_EDGE('',*,*,#1157,.T.);
#1617=ORIENTED_EDGE('',*,*,#1273,.T.);
#1618=ORIENTED_EDGE('',*,*,#1230,.T.);
#1619=ORIENTED_EDGE('',*,*,#1274,.F.);
#1620=ORIENTED_EDGE('',*,*,#1176,.T.);
#1621=ORIENTED_EDGE('',*,*,#1275,.F.);
#1622=ORIENTED_EDGE('',*,*,#1211,.F.);
#1623=ORIENTED_EDGE('',*,*,#1276,.F.);
#1624=ORIENTED_EDGE('',*,*,#1213,.T.);
#1625=ORIENTED_EDGE('',*,*,#1277,.F.);
#1626=ORIENTED_EDGE('',*,*,#1174,.F.);
#1627=ORIENTED_EDGE('',*,*,#1277,.T.);
#1628=ORIENTED_EDGE('',*,*,#1212,.T.);
#1629=ORIENTED_EDGE('',*,*,#1275,.T.);
#1630=ORIENTED_EDGE('',*,*,#1175,.T.);
#1631=ORIENTED_EDGE('',*,*,#1276,.T.);
#1632=ORIENTED_EDGE('',*,*,#1173,.T.);
#1633=ORIENTED_EDGE('',*,*,#1278,.T.);
#1634=ORIENTED_EDGE('',*,*,#1214,.T.);
#1635=ORIENTED_EDGE('',*,*,#1279,.F.);
#1636=ORIENTED_EDGE('',*,*,#1188,.T.);
#1637=ORIENTED_EDGE('',*,*,#1280,.F.);
#1638=ORIENTED_EDGE('',*,*,#1199,.F.);
#1639=ORIENTED_EDGE('',*,*,#1281,.F.);
#1640=ORIENTED_EDGE('',*,*,#1201,.T.);
#1641=ORIENTED_EDGE('',*,*,#1282,.F.);
#1642=ORIENTED_EDGE('',*,*,#1186,.F.);
#1643=ORIENTED_EDGE('',*,*,#1282,.T.);
#1644=ORIENTED_EDGE('',*,*,#1200,.T.);
#1645=ORIENTED_EDGE('',*,*,#1280,.T.);
#1646=ORIENTED_EDGE('',*,*,#1187,.T.);
#1647=ORIENTED_EDGE('',*,*,#1281,.T.);
#1648=ORIENTED_EDGE('',*,*,#1185,.T.);
#1649=ORIENTED_EDGE('',*,*,#1283,.T.);
#1650=ORIENTED_EDGE('',*,*,#1202,.T.);
#1651=ORIENTED_EDGE('',*,*,#1278,.F.);
#1652=ORIENTED_EDGE('',*,*,#1172,.T.);
#1653=ORIENTED_EDGE('',*,*,#1284,.F.);
#1654=ORIENTED_EDGE('',*,*,#1215,.F.);
#1655=ORIENTED_EDGE('',*,*,#1285,.F.);
#1656=ORIENTED_EDGE('',*,*,#1217,.T.);
#1657=ORIENTED_EDGE('',*,*,#1286,.F.);
#1658=ORIENTED_EDGE('',*,*,#1170,.F.);
#1659=ORIENTED_EDGE('',*,*,#1286,.T.);
#1660=ORIENTED_EDGE('',*,*,#1216,.T.);
#1661=ORIENTED_EDGE('',*,*,#1284,.T.);
#1662=ORIENTED_EDGE('',*,*,#1171,.T.);
#1663=ORIENTED_EDGE('',*,*,#1285,.T.);
#1664=ORIENTED_EDGE('',*,*,#1169,.T.);
#1665=ORIENTED_EDGE('',*,*,#1287,.T.);
#1666=ORIENTED_EDGE('',*,*,#1218,.T.);
#1667=ORIENTED_EDGE('',*,*,#1288,.F.);
#1668=ORIENTED_EDGE('',*,*,#1152,.T.);
#1669=ORIENTED_EDGE('',*,*,#1289,.F.);
#1670=ORIENTED_EDGE('',*,*,#1235,.F.);
#1671=ORIENTED_EDGE('',*,*,#1267,.F.);
#1672=ORIENTED_EDGE('',*,*,#1237,.T.);
#1673=ORIENTED_EDGE('',*,*,#1290,.F.);
#1674=ORIENTED_EDGE('',*,*,#1150,.F.);
#1675=ORIENTED_EDGE('',*,*,#1290,.T.);
#1676=ORIENTED_EDGE('',*,*,#1236,.T.);
#1677=ORIENTED_EDGE('',*,*,#1289,.T.);
#1678=ORIENTED_EDGE('',*,*,#1151,.T.);
#1679=ORIENTED_EDGE('',*,*,#1291,.F.);
#1680=ORIENTED_EDGE('',*,*,#1136,.T.);
#1681=ORIENTED_EDGE('',*,*,#1292,.F.);
#1682=ORIENTED_EDGE('',*,*,#1251,.F.);
#1683=ORIENTED_EDGE('',*,*,#1259,.F.);
#1684=ORIENTED_EDGE('',*,*,#1253,.T.);
#1685=ORIENTED_EDGE('',*,*,#1293,.F.);
#1686=ORIENTED_EDGE('',*,*,#1134,.F.);
#1687=ORIENTED_EDGE('',*,*,#1293,.T.);
#1688=ORIENTED_EDGE('',*,*,#1252,.T.);
#1689=ORIENTED_EDGE('',*,*,#1292,.T.);
#1690=ORIENTED_EDGE('',*,*,#1135,.T.);
#1691=ORIENTED_EDGE('',*,*,#1268,.F.);
#1692=ORIENTED_EDGE('',*,*,#1144,.T.);
#1693=ORIENTED_EDGE('',*,*,#1294,.F.);
#1694=ORIENTED_EDGE('',*,*,#1243,.F.);
#1695=ORIENTED_EDGE('',*,*,#1295,.F.);
#1696=ORIENTED_EDGE('',*,*,#1245,.T.);
#1697=ORIENTED_EDGE('',*,*,#1296,.F.);
#1698=ORIENTED_EDGE('',*,*,#1142,.F.);
#1699=ORIENTED_EDGE('',*,*,#1296,.T.);
#1700=ORIENTED_EDGE('',*,*,#1244,.T.);
#1701=ORIENTED_EDGE('',*,*,#1294,.T.);
#1702=ORIENTED_EDGE('',*,*,#1143,.T.);
#1703=ORIENTED_EDGE('',*,*,#1295,.T.);
#1704=ORIENTED_EDGE('',*,*,#1141,.T.);
#1705=ORIENTED_EDGE('',*,*,#1297,.T.);
#1706=ORIENTED_EDGE('',*,*,#1246,.T.);
#1707=ORIENTED_EDGE('',*,*,#1298,.F.);
#1708=ORIENTED_EDGE('',*,*,#1164,.T.);
#1709=ORIENTED_EDGE('',*,*,#1299,.F.);
#1710=ORIENTED_EDGE('',*,*,#1223,.F.);
#1711=ORIENTED_EDGE('',*,*,#1300,.F.);
#1712=ORIENTED_EDGE('',*,*,#1225,.T.);
#1713=ORIENTED_EDGE('',*,*,#1301,.F.);
#1714=ORIENTED_EDGE('',*,*,#1162,.F.);
#1715=ORIENTED_EDGE('',*,*,#1301,.T.);
#1716=ORIENTED_EDGE('',*,*,#1224,.T.);
#1717=ORIENTED_EDGE('',*,*,#1299,.T.);
#1718=ORIENTED_EDGE('',*,*,#1163,.T.);
#1719=ORIENTED_EDGE('',*,*,#1269,.T.);
#1720=ORIENTED_EDGE('',*,*,#1226,.T.);
#1721=ORIENTED_EDGE('',*,*,#1300,.T.);
#1722=ORIENTED_EDGE('',*,*,#1161,.T.);
#1723=ORIENTED_EDGE('',*,*,#1302,.F.);
#1724=ORIENTED_EDGE('',*,*,#1180,.T.);
#1725=ORIENTED_EDGE('',*,*,#1303,.F.);
#1726=ORIENTED_EDGE('',*,*,#1207,.F.);
#1727=ORIENTED_EDGE('',*,*,#1304,.F.);
#1728=ORIENTED_EDGE('',*,*,#1209,.T.);
#1729=ORIENTED_EDGE('',*,*,#1305,.F.);
#1730=ORIENTED_EDGE('',*,*,#1178,.F.);
#1731=ORIENTED_EDGE('',*,*,#1305,.T.);
#1732=ORIENTED_EDGE('',*,*,#1208,.T.);
#1733=ORIENTED_EDGE('',*,*,#1303,.T.);
#1734=ORIENTED_EDGE('',*,*,#1179,.T.);
#1735=ORIENTED_EDGE('',*,*,#1274,.T.);
#1736=ORIENTED_EDGE('',*,*,#1210,.T.);
#1737=ORIENTED_EDGE('',*,*,#1304,.T.);
#1738=ORIENTED_EDGE('',*,*,#1177,.T.);
#1739=ORIENTED_EDGE('',*,*,#1283,.F.);
#1740=ORIENTED_EDGE('',*,*,#1184,.T.);
#1741=ORIENTED_EDGE('',*,*,#1306,.F.);
#1742=ORIENTED_EDGE('',*,*,#1203,.F.);
#1743=ORIENTED_EDGE('',*,*,#1307,.F.);
#1744=ORIENTED_EDGE('',*,*,#1205,.T.);
#1745=ORIENTED_EDGE('',*,*,#1308,.F.);
#1746=ORIENTED_EDGE('',*,*,#1182,.F.);
#1747=ORIENTED_EDGE('',*,*,#1308,.T.);
#1748=ORIENTED_EDGE('',*,*,#1204,.T.);
#1749=ORIENTED_EDGE('',*,*,#1306,.T.);
#1750=ORIENTED_EDGE('',*,*,#1183,.T.);
#1751=ORIENTED_EDGE('',*,*,#1302,.T.);
#1752=ORIENTED_EDGE('',*,*,#1206,.T.);
#1753=ORIENTED_EDGE('',*,*,#1307,.T.);
#1754=ORIENTED_EDGE('',*,*,#1181,.T.);
#1755=ORIENTED_EDGE('',*,*,#1287,.F.);
#1756=ORIENTED_EDGE('',*,*,#1168,.T.);
#1757=ORIENTED_EDGE('',*,*,#1309,.F.);
#1758=ORIENTED_EDGE('',*,*,#1219,.F.);
#1759=ORIENTED_EDGE('',*,*,#1310,.F.);
#1760=ORIENTED_EDGE('',*,*,#1221,.T.);
#1761=ORIENTED_EDGE('',*,*,#1311,.F.);
#1762=ORIENTED_EDGE('',*,*,#1166,.F.);
#1763=ORIENTED_EDGE('',*,*,#1311,.T.);
#1764=ORIENTED_EDGE('',*,*,#1220,.T.);
#1765=ORIENTED_EDGE('',*,*,#1309,.T.);
#1766=ORIENTED_EDGE('',*,*,#1167,.T.);
#1767=ORIENTED_EDGE('',*,*,#1298,.T.);
#1768=ORIENTED_EDGE('',*,*,#1222,.T.);
#1769=ORIENTED_EDGE('',*,*,#1310,.T.);
#1770=ORIENTED_EDGE('',*,*,#1165,.T.);
#1771=ORIENTED_EDGE('',*,*,#1273,.F.);
#1772=ORIENTED_EDGE('',*,*,#1156,.T.);
#1773=ORIENTED_EDGE('',*,*,#1312,.F.);
#1774=ORIENTED_EDGE('',*,*,#1231,.F.);
#1775=ORIENTED_EDGE('',*,*,#1313,.F.);
#1776=ORIENTED_EDGE('',*,*,#1233,.T.);
#1777=ORIENTED_EDGE('',*,*,#1314,.F.);
#1778=ORIENTED_EDGE('',*,*,#1154,.F.);
#1779=ORIENTED_EDGE('',*,*,#1314,.T.);
#1780=ORIENTED_EDGE('',*,*,#1232,.T.);
#1781=ORIENTED_EDGE('',*,*,#1312,.T.);
#1782=ORIENTED_EDGE('',*,*,#1155,.T.);
#1783=ORIENTED_EDGE('',*,*,#1288,.T.);
#1784=ORIENTED_EDGE('',*,*,#1234,.T.);
#1785=ORIENTED_EDGE('',*,*,#1313,.T.);
#1786=ORIENTED_EDGE('',*,*,#1153,.T.);
#1787=ORIENTED_EDGE('',*,*,#1297,.F.);
#1788=ORIENTED_EDGE('',*,*,#1140,.T.);
#1789=ORIENTED_EDGE('',*,*,#1315,.F.);
#1790=ORIENTED_EDGE('',*,*,#1247,.F.);
#1791=ORIENTED_EDGE('',*,*,#1316,.F.);
#1792=ORIENTED_EDGE('',*,*,#1249,.T.);
#1793=ORIENTED_EDGE('',*,*,#1317,.F.);
#1794=ORIENTED_EDGE('',*,*,#1138,.F.);
#1795=ORIENTED_EDGE('',*,*,#1317,.T.);
#1796=ORIENTED_EDGE('',*,*,#1248,.T.);
#1797=ORIENTED_EDGE('',*,*,#1315,.T.);
#1798=ORIENTED_EDGE('',*,*,#1139,.T.);
#1799=ORIENTED_EDGE('',*,*,#1291,.T.);
#1800=ORIENTED_EDGE('',*,*,#1250,.T.);
#1801=ORIENTED_EDGE('',*,*,#1316,.T.);
#1802=ORIENTED_EDGE('',*,*,#1137,.T.);
#1803=ORIENTED_EDGE('',*,*,#1108,.T.);
#1804=ORIENTED_EDGE('',*,*,#1318,.F.);
#1805=ORIENTED_EDGE('',*,*,#1319,.T.);
#1806=ORIENTED_EDGE('',*,*,#1320,.F.);
#1807=ORIENTED_EDGE('',*,*,#1320,.T.);
#1808=ORIENTED_EDGE('',*,*,#1321,.T.);
#1809=ORIENTED_EDGE('',*,*,#1322,.F.);
#1810=ORIENTED_EDGE('',*,*,#1109,.F.);
#1811=ORIENTED_EDGE('',*,*,#1279,.T.);
#1812=ORIENTED_EDGE('',*,*,#1198,.T.);
#1813=ORIENTED_EDGE('',*,*,#1323,.T.);
#1814=ORIENTED_EDGE('',*,*,#1189,.T.);
#1815=ORIENTED_EDGE('',*,*,#1324,.F.);
#1816=ORIENTED_EDGE('',*,*,#1112,.T.);
#1817=ORIENTED_EDGE('',*,*,#1325,.F.);
#1818=ORIENTED_EDGE('',*,*,#1326,.T.);
#1819=ORIENTED_EDGE('',*,*,#1324,.T.);
#1820=ORIENTED_EDGE('',*,*,#1327,.T.);
#1821=ORIENTED_EDGE('',*,*,#1328,.F.);
#1822=ORIENTED_EDGE('',*,*,#1113,.F.);
#1823=ORIENTED_EDGE('',*,*,#1116,.T.);
#1824=ORIENTED_EDGE('',*,*,#1329,.F.);
#1825=ORIENTED_EDGE('',*,*,#1330,.T.);
#1826=ORIENTED_EDGE('',*,*,#1331,.F.);
#1827=ORIENTED_EDGE('',*,*,#1331,.T.);
#1828=ORIENTED_EDGE('',*,*,#1332,.T.);
#1829=ORIENTED_EDGE('',*,*,#1333,.F.);
#1830=ORIENTED_EDGE('',*,*,#1117,.F.);
#1831=ORIENTED_EDGE('',*,*,#1318,.T.);
#1832=ORIENTED_EDGE('',*,*,#1107,.T.);
#1833=ORIENTED_EDGE('',*,*,#1334,.F.);
#1834=ORIENTED_EDGE('',*,*,#1335,.F.);
#1835=ORIENTED_EDGE('',*,*,#1336,.T.);
#1836=ORIENTED_EDGE('',*,*,#1103,.T.);
#1837=ORIENTED_EDGE('',*,*,#1337,.T.);
#1838=ORIENTED_EDGE('',*,*,#1334,.T.);
#1839=ORIENTED_EDGE('',*,*,#1106,.T.);
#1840=ORIENTED_EDGE('',*,*,#1333,.T.);
#1841=ORIENTED_EDGE('',*,*,#1338,.T.);
#1842=ORIENTED_EDGE('',*,*,#1339,.T.);
#1843=ORIENTED_EDGE('',*,*,#1098,.T.);
#1844=ORIENTED_EDGE('',*,*,#1118,.T.);
#1845=ORIENTED_EDGE('',*,*,#1325,.T.);
#1846=ORIENTED_EDGE('',*,*,#1111,.T.);
#1847=ORIENTED_EDGE('',*,*,#1340,.F.);
#1848=ORIENTED_EDGE('',*,*,#1341,.F.);
#1849=ORIENTED_EDGE('',*,*,#1323,.F.);
#1850=ORIENTED_EDGE('',*,*,#1342,.T.);
#1851=ORIENTED_EDGE('',*,*,#1338,.F.);
#1852=ORIENTED_EDGE('',*,*,#1332,.F.);
#1853=ORIENTED_EDGE('',*,*,#1330,.F.);
#1854=ORIENTED_EDGE('',*,*,#1343,.T.);
#1855=ORIENTED_EDGE('',*,*,#1344,.F.);
#1856=ORIENTED_EDGE('',*,*,#1327,.F.);
#1857=ORIENTED_EDGE('',*,*,#1326,.F.);
#1858=ORIENTED_EDGE('',*,*,#1341,.T.);
#1859=ORIENTED_EDGE('',*,*,#1345,.F.);
#1860=ORIENTED_EDGE('',*,*,#1321,.F.);
#1861=ORIENTED_EDGE('',*,*,#1319,.F.);
#1862=ORIENTED_EDGE('',*,*,#1335,.T.);
#1863=ORIENTED_EDGE('',*,*,#1337,.F.);
#1864=ORIENTED_EDGE('',*,*,#1102,.F.);
#1865=ORIENTED_EDGE('',*,*,#1322,.T.);
#1866=ORIENTED_EDGE('',*,*,#1345,.T.);
#1867=ORIENTED_EDGE('',*,*,#1340,.T.);
#1868=ORIENTED_EDGE('',*,*,#1110,.T.);
#1869=ORIENTED_EDGE('',*,*,#1329,.T.);
#1870=ORIENTED_EDGE('',*,*,#1115,.T.);
#1871=ORIENTED_EDGE('',*,*,#1346,.F.);
#1872=ORIENTED_EDGE('',*,*,#1343,.F.);
#1873=ORIENTED_EDGE('',*,*,#1114,.T.);
#1874=ORIENTED_EDGE('',*,*,#1328,.T.);
#1875=ORIENTED_EDGE('',*,*,#1344,.T.);
#1876=ORIENTED_EDGE('',*,*,#1346,.T.);
#1877=ORIENTED_EDGE('',*,*,#1347,.F.);
#1878=ORIENTED_EDGE('',*,*,#1348,.T.);
#1879=ORIENTED_EDGE('',*,*,#1349,.F.);
#1880=ORIENTED_EDGE('',*,*,#1350,.T.);
#1881=ORIENTED_EDGE('',*,*,#1349,.T.);
#1882=ORIENTED_EDGE('',*,*,#1351,.T.);
#1883=ORIENTED_EDGE('',*,*,#1352,.F.);
#1884=ORIENTED_EDGE('',*,*,#1353,.F.);
#1885=ORIENTED_EDGE('',*,*,#1352,.T.);
#1886=ORIENTED_EDGE('',*,*,#1354,.T.);
#1887=ORIENTED_EDGE('',*,*,#1127,.T.);
#1888=ORIENTED_EDGE('',*,*,#1355,.T.);
#1889=ORIENTED_EDGE('',*,*,#1356,.F.);
#1890=ORIENTED_EDGE('',*,*,#1357,.T.);
#1891=ORIENTED_EDGE('',*,*,#1358,.F.);
#1892=ORIENTED_EDGE('',*,*,#1359,.T.);
#1893=ORIENTED_EDGE('',*,*,#1358,.T.);
#1894=ORIENTED_EDGE('',*,*,#1360,.T.);
#1895=ORIENTED_EDGE('',*,*,#1361,.F.);
#1896=ORIENTED_EDGE('',*,*,#1362,.F.);
#1897=ORIENTED_EDGE('',*,*,#1347,.T.);
#1898=ORIENTED_EDGE('',*,*,#1363,.T.);
#1899=ORIENTED_EDGE('',*,*,#1364,.F.);
#1900=ORIENTED_EDGE('',*,*,#1365,.F.);
#1901=ORIENTED_EDGE('',*,*,#1361,.T.);
#1902=ORIENTED_EDGE('',*,*,#1366,.T.);
#1903=ORIENTED_EDGE('',*,*,#1364,.T.);
#1904=ORIENTED_EDGE('',*,*,#1367,.T.);
#1905=ORIENTED_EDGE('',*,*,#1120,.T.);
#1906=ORIENTED_EDGE('',*,*,#1258,.T.);
#1907=ORIENTED_EDGE('',*,*,#1368,.F.);
#1908=ORIENTED_EDGE('',*,*,#1369,.F.);
#1909=ORIENTED_EDGE('',*,*,#1370,.F.);
#1910=ORIENTED_EDGE('',*,*,#1371,.T.);
#1911=ORIENTED_EDGE('',*,*,#1372,.F.);
#1912=ORIENTED_EDGE('',*,*,#1373,.F.);
#1913=ORIENTED_EDGE('',*,*,#1359,.F.);
#1914=ORIENTED_EDGE('',*,*,#1362,.T.);
#1915=ORIENTED_EDGE('',*,*,#1367,.F.);
#1916=ORIENTED_EDGE('',*,*,#1363,.F.);
#1917=ORIENTED_EDGE('',*,*,#1350,.F.);
#1918=ORIENTED_EDGE('',*,*,#1353,.T.);
#1919=ORIENTED_EDGE('',*,*,#1355,.F.);
#1920=ORIENTED_EDGE('',*,*,#1126,.F.);
#1921=ORIENTED_EDGE('',*,*,#1374,.F.);
#1922=ORIENTED_EDGE('',*,*,#1375,.T.);
#1923=ORIENTED_EDGE('',*,*,#1376,.F.);
#1924=ORIENTED_EDGE('',*,*,#1370,.T.);
#1925=ORIENTED_EDGE('',*,*,#1376,.T.);
#1926=ORIENTED_EDGE('',*,*,#1377,.T.);
#1927=ORIENTED_EDGE('',*,*,#1378,.F.);
#1928=ORIENTED_EDGE('',*,*,#1371,.F.);
#1929=ORIENTED_EDGE('',*,*,#1260,.F.);
#1930=ORIENTED_EDGE('',*,*,#1128,.T.);
#1931=ORIENTED_EDGE('',*,*,#1354,.F.);
#1932=ORIENTED_EDGE('',*,*,#1351,.F.);
#1933=ORIENTED_EDGE('',*,*,#1348,.F.);
#1934=ORIENTED_EDGE('',*,*,#1365,.T.);
#1935=ORIENTED_EDGE('',*,*,#1366,.F.);
#1936=ORIENTED_EDGE('',*,*,#1360,.F.);
#1937=ORIENTED_EDGE('',*,*,#1357,.F.);
#1938=ORIENTED_EDGE('',*,*,#1379,.T.);
#1939=ORIENTED_EDGE('',*,*,#1380,.F.);
#1940=ORIENTED_EDGE('',*,*,#1377,.F.);
#1941=ORIENTED_EDGE('',*,*,#1375,.F.);
#1942=ORIENTED_EDGE('',*,*,#1381,.T.);
#1943=ORIENTED_EDGE('',*,*,#1382,.F.);
#1944=ORIENTED_EDGE('',*,*,#1256,.F.);
#1945=ORIENTED_EDGE('',*,*,#1262,.F.);
#1946=ORIENTED_EDGE('',*,*,#1261,.F.);
#1947=ORIENTED_EDGE('',*,*,#1356,.T.);
#1948=ORIENTED_EDGE('',*,*,#1373,.T.);
#1949=ORIENTED_EDGE('',*,*,#1383,.F.);
#1950=ORIENTED_EDGE('',*,*,#1379,.F.);
#1951=ORIENTED_EDGE('',*,*,#1378,.T.);
#1952=ORIENTED_EDGE('',*,*,#1380,.T.);
#1953=ORIENTED_EDGE('',*,*,#1383,.T.);
#1954=ORIENTED_EDGE('',*,*,#1372,.T.);
#1955=ORIENTED_EDGE('',*,*,#1374,.T.);
#1956=ORIENTED_EDGE('',*,*,#1369,.T.);
#1957=ORIENTED_EDGE('',*,*,#1384,.F.);
#1958=ORIENTED_EDGE('',*,*,#1381,.F.);
#1959=ORIENTED_EDGE('',*,*,#1257,.T.);
#1960=ORIENTED_EDGE('',*,*,#1382,.T.);
#1961=ORIENTED_EDGE('',*,*,#1384,.T.);
#1962=ORIENTED_EDGE('',*,*,#1368,.T.);
#1963=ORIENTED_EDGE('',*,*,#1093,.T.);
#1964=ORIENTED_EDGE('',*,*,#1104,.T.);
#1965=ORIENTED_EDGE('',*,*,#1336,.F.);
#1966=ORIENTED_EDGE('',*,*,#1105,.F.);
#1967=ORIENTED_EDGE('',*,*,#1096,.T.);
#1968=ORIENTED_EDGE('',*,*,#1099,.T.);
#1969=ORIENTED_EDGE('',*,*,#1339,.F.);
#1970=ORIENTED_EDGE('',*,*,#1342,.F.);
#1971=ORIENTED_EDGE('',*,*,#1197,.F.);
#1972=ORIENTED_EDGE('',*,*,#1123,.T.);
#1973=CYLINDRICAL_SURFACE('',#2089,5.);
#1974=CYLINDRICAL_SURFACE('',#2097,5.);
#1975=ADVANCED_FACE('',(#113),#1973,.F.);
#1976=ADVANCED_FACE('',(#114),#15,.T.);
#1977=ADVANCED_FACE('',(#115),#16,.T.);
#1978=ADVANCED_FACE('',(#116),#17,.T.);
#1979=ADVANCED_FACE('',(#117),#1974,.F.);
#1980=ADVANCED_FACE('',(#118),#18,.F.);
#1981=ADVANCED_FACE('',(#119),#19,.T.);
#1982=ADVANCED_FACE('',(#120),#20,.T.);
#1983=ADVANCED_FACE('',(#121),#21,.T.);
#1984=ADVANCED_FACE('',(#122),#22,.T.);
#1985=ADVANCED_FACE('',(#123),#23,.T.);
#1986=ADVANCED_FACE('',(#124),#24,.T.);
#1987=ADVANCED_FACE('',(#125),#25,.T.);
#1988=ADVANCED_FACE('',(#126),#26,.T.);
#1989=ADVANCED_FACE('',(#127),#27,.T.);
#1990=ADVANCED_FACE('',(#128),#28,.T.);
#1991=ADVANCED_FACE('',(#129),#29,.T.);
#1992=ADVANCED_FACE('',(#130),#30,.T.);
#1993=ADVANCED_FACE('',(#131),#31,.T.);
#1994=ADVANCED_FACE('',(#132),#32,.T.);
#1995=ADVANCED_FACE('',(#133),#33,.T.);
#1996=ADVANCED_FACE('',(#134),#34,.T.);
#1997=ADVANCED_FACE('',(#135),#35,.T.);
#1998=ADVANCED_FACE('',(#136),#36,.T.);
#1999=ADVANCED_FACE('',(#137),#37,.T.);
#2000=ADVANCED_FACE('',(#138),#38,.T.);
#2001=ADVANCED_FACE('',(#139),#39,.T.);
#2002=ADVANCED_FACE('',(#140),#40,.T.);
#2003=ADVANCED_FACE('',(#141),#41,.T.);
#2004=ADVANCED_FACE('',(#142),#42,.T.);
#2005=ADVANCED_FACE('',(#143),#43,.T.);
#2006=ADVANCED_FACE('',(#144),#44,.T.);
#2007=ADVANCED_FACE('',(#145),#45,.T.);
#2008=ADVANCED_FACE('',(#146),#46,.T.);
#2009=ADVANCED_FACE('',(#147),#47,.T.);
#2010=ADVANCED_FACE('',(#148),#48,.T.);
#2011=ADVANCED_FACE('',(#149),#49,.T.);
#2012=ADVANCED_FACE('',(#150),#50,.T.);
#2013=ADVANCED_FACE('',(#151),#51,.T.);
#2014=ADVANCED_FACE('',(#152),#52,.T.);
#2015=ADVANCED_FACE('',(#153),#53,.T.);
#2016=ADVANCED_FACE('',(#154),#54,.T.);
#2017=ADVANCED_FACE('',(#155),#55,.T.);
#2018=ADVANCED_FACE('',(#156),#56,.T.);
#2019=ADVANCED_FACE('',(#157),#57,.T.);
#2020=ADVANCED_FACE('',(#158),#58,.T.);
#2021=ADVANCED_FACE('',(#159),#59,.T.);
#2022=ADVANCED_FACE('',(#160),#60,.T.);
#2023=ADVANCED_FACE('',(#161),#61,.T.);
#2024=ADVANCED_FACE('',(#162),#62,.T.);
#2025=ADVANCED_FACE('',(#163),#63,.T.);
#2026=ADVANCED_FACE('',(#164),#64,.T.);
#2027=ADVANCED_FACE('',(#165),#65,.T.);
#2028=ADVANCED_FACE('',(#166),#66,.T.);
#2029=ADVANCED_FACE('',(#167),#67,.T.);
#2030=ADVANCED_FACE('',(#168),#68,.T.);
#2031=ADVANCED_FACE('',(#169),#69,.T.);
#2032=ADVANCED_FACE('',(#170),#70,.T.);
#2033=ADVANCED_FACE('',(#171),#71,.T.);
#2034=ADVANCED_FACE('',(#172),#72,.T.);
#2035=ADVANCED_FACE('',(#173),#73,.T.);
#2036=ADVANCED_FACE('',(#174),#74,.T.);
#2037=ADVANCED_FACE('',(#175),#75,.T.);
#2038=ADVANCED_FACE('',(#176),#76,.T.);
#2039=ADVANCED_FACE('',(#177),#77,.T.);
#2040=ADVANCED_FACE('',(#178),#78,.T.);
#2041=ADVANCED_FACE('',(#179),#79,.T.);
#2042=ADVANCED_FACE('',(#180),#80,.T.);
#2043=ADVANCED_FACE('',(#181),#81,.T.);
#2044=ADVANCED_FACE('',(#182),#82,.T.);
#2045=ADVANCED_FACE('',(#183),#83,.T.);
#2046=ADVANCED_FACE('',(#184),#84,.T.);
#2047=ADVANCED_FACE('',(#185),#85,.T.);
#2048=ADVANCED_FACE('',(#186),#86,.T.);
#2049=ADVANCED_FACE('',(#187),#87,.T.);
#2050=ADVANCED_FACE('',(#188),#88,.T.);
#2051=ADVANCED_FACE('',(#189),#89,.T.);
#2052=ADVANCED_FACE('',(#190),#90,.T.);
#2053=ADVANCED_FACE('',(#191),#91,.T.);
#2054=ADVANCED_FACE('',(#192),#92,.T.);
#2055=ADVANCED_FACE('',(#193),#93,.T.);
#2056=ADVANCED_FACE('',(#194),#94,.T.);
#2057=ADVANCED_FACE('',(#195),#95,.T.);
#2058=ADVANCED_FACE('',(#196),#96,.T.);
#2059=ADVANCED_FACE('',(#197),#97,.T.);
#2060=ADVANCED_FACE('',(#198),#98,.T.);
#2061=ADVANCED_FACE('',(#199),#99,.T.);
#2062=ADVANCED_FACE('',(#200),#100,.T.);
#2063=ADVANCED_FACE('',(#201),#101,.T.);
#2064=ADVANCED_FACE('',(#202),#102,.T.);
#2065=ADVANCED_FACE('',(#203),#103,.T.);
#2066=ADVANCED_FACE('',(#204),#104,.T.);
#2067=ADVANCED_FACE('',(#205),#105,.T.);
#2068=ADVANCED_FACE('',(#206),#106,.T.);
#2069=ADVANCED_FACE('',(#207),#107,.T.);
#2070=ADVANCED_FACE('',(#208),#108,.T.);
#2071=ADVANCED_FACE('',(#209),#109,.T.);
#2072=ADVANCED_FACE('',(#210),#110,.T.);
#2073=ADVANCED_FACE('',(#211),#111,.T.);
#2074=ADVANCED_FACE('',(#212),#112,.T.);
#2075=CLOSED_SHELL('',(#1975,#1976,#1977,#1978,#1979,#1980,#1981,#1982,
#1983,#1984,#1985,#1986,#1987,#1988,#1989,#1990,#1991,#1992,#1993,#1994,
#1995,#1996,#1997,#1998,#1999,#2000,#2001,#2002,#2003,#2004,#2005,#2006,
#2007,#2008,#2009,#2010,#2011,#2012,#2013,#2014,#2015,#2016,#2017,#2018,
#2019,#2020,#2021,#2022,#2023,#2024,#2025,#2026,#2027,#2028,#2029,#2030,
#2031,#2032,#2033,#2034,#2035,#2036,#2037,#2038,#2039,#2040,#2041,#2042,
#2043,#2044,#2045,#2046,#2047,#2048,#2049,#2050,#2051,#2052,#2053,#2054,
#2055,#2056,#2057,#2058,#2059,#2060,#2061,#2062,#2063,#2064,#2065,#2066,
#2067,#2068,#2069,#2070,#2071,#2072,#2073,#2074));
#2076=DERIVED_UNIT_ELEMENT(#2078,1.);
#2077=DERIVED_UNIT_ELEMENT(#3293,-3.);
#2078=(
MASS_UNIT()
NAMED_UNIT(*)
SI_UNIT(.KILO.,.GRAM.)
);
#2079=DERIVED_UNIT((#2076,#2077));
#2080=MEASURE_REPRESENTATION_ITEM('density measure',
POSITIVE_RATIO_MEASURE(7850.),#2079);
#2081=PROPERTY_DEFINITION_REPRESENTATION(#2086,#2083);
#2082=PROPERTY_DEFINITION_REPRESENTATION(#2087,#2084);
#2083=REPRESENTATION('material name',(#2085),#3290);
#2084=REPRESENTATION('density',(#2080),#3290);
#2085=DESCRIPTIVE_REPRESENTATION_ITEM('Steel','Steel');
#2086=PROPERTY_DEFINITION('material property','material name',#3300);
#2087=PROPERTY_DEFINITION('material property','density of part',#3300);
#2088=AXIS2_PLACEMENT_3D('',#2697,#2195,#2196);
#2089=AXIS2_PLACEMENT_3D('',#2698,#2197,#2198);
#2090=AXIS2_PLACEMENT_3D('',#2703,#2200,#2201);
#2091=AXIS2_PLACEMENT_3D('',#2705,#2202,#2203);
#2092=AXIS2_PLACEMENT_3D('',#2709,#2205,#2206);
#2093=AXIS2_PLACEMENT_3D('',#2710,#2207,#2208);
#2094=AXIS2_PLACEMENT_3D('',#2711,#2209,#2210);
#2095=AXIS2_PLACEMENT_3D('',#2717,#2214,#2215);
#2096=AXIS2_PLACEMENT_3D('',#2727,#2221,#2222);
#2097=AXIS2_PLACEMENT_3D('',#2755,#2237,#2238);
#2098=AXIS2_PLACEMENT_3D('',#2758,#2239,#2240);
#2099=AXIS2_PLACEMENT_3D('',#2762,#2242,#2243);
#2100=AXIS2_PLACEMENT_3D('',#2764,#2245,#2246);
#2101=AXIS2_PLACEMENT_3D('',#2769,#2250,#2251);
#2102=AXIS2_PLACEMENT_3D('',#2897,#2316,#2317);
#2103=AXIS2_PLACEMENT_3D('',#2903,#2321,#2322);
#2104=AXIS2_PLACEMENT_3D('',#2909,#2326,#2327);
#2105=AXIS2_PLACEMENT_3D('',#2911,#2329,#2330);
#2106=AXIS2_PLACEMENT_3D('',#3034,#2393,#2394);
#2107=AXIS2_PLACEMENT_3D('',#3036,#2396,#2397);
#2108=AXIS2_PLACEMENT_3D('',#3042,#2401,#2402);
#2109=AXIS2_PLACEMENT_3D('',#3045,#2405,#2406);
#2110=AXIS2_PLACEMENT_3D('',#3048,#2409,#2410);
#2111=AXIS2_PLACEMENT_3D('',#3049,#2411,#2412);
#2112=AXIS2_PLACEMENT_3D('',#3051,#2414,#2415);
#2113=AXIS2_PLACEMENT_3D('',#3053,#2417,#2418);
#2114=AXIS2_PLACEMENT_3D('',#3056,#2421,#2422);
#2115=AXIS2_PLACEMENT_3D('',#3059,#2425,#2426);
#2116=AXIS2_PLACEMENT_3D('',#3060,#2427,#2428);
#2117=AXIS2_PLACEMENT_3D('',#3062,#2430,#2431);
#2118=AXIS2_PLACEMENT_3D('',#3065,#2434,#2435);
#2119=AXIS2_PLACEMENT_3D('',#3068,#2438,#2439);
#2120=AXIS2_PLACEMENT_3D('',#3069,#2440,#2441);
#2121=AXIS2_PLACEMENT_3D('',#3071,#2443,#2444);
#2122=AXIS2_PLACEMENT_3D('',#3074,#2447,#2448);
#2123=AXIS2_PLACEMENT_3D('',#3077,#2451,#2452);
#2124=AXIS2_PLACEMENT_3D('',#3078,#2453,#2454);
#2125=AXIS2_PLACEMENT_3D('',#3080,#2456,#2457);
#2126=AXIS2_PLACEMENT_3D('',#3082,#2459,#2460);
#2127=AXIS2_PLACEMENT_3D('',#3085,#2463,#2464);
#2128=AXIS2_PLACEMENT_3D('',#3086,#2465,#2466);
#2129=AXIS2_PLACEMENT_3D('',#3088,#2468,#2469);
#2130=AXIS2_PLACEMENT_3D('',#3091,#2472,#2473);
#2131=AXIS2_PLACEMENT_3D('',#3093,#2475,#2476);
#2132=AXIS2_PLACEMENT_3D('',#3094,#2477,#2478);
#2133=AXIS2_PLACEMENT_3D('',#3097,#2481,#2482);
#2134=AXIS2_PLACEMENT_3D('',#3099,#2484,#2485);
#2135=AXIS2_PLACEMENT_3D('',#3100,#2486,#2487);
#2136=AXIS2_PLACEMENT_3D('',#3102,#2489,#2490);
#2137=AXIS2_PLACEMENT_3D('',#3105,#2493,#2494);
#2138=AXIS2_PLACEMENT_3D('',#3106,#2495,#2496);
#2139=AXIS2_PLACEMENT_3D('',#3108,#2498,#2499);
#2140=AXIS2_PLACEMENT_3D('',#3111,#2502,#2503);
#2141=AXIS2_PLACEMENT_3D('',#3114,#2506,#2507);
#2142=AXIS2_PLACEMENT_3D('',#3115,#2508,#2509);
#2143=AXIS2_PLACEMENT_3D('',#3116,#2510,#2511);
#2144=AXIS2_PLACEMENT_3D('',#3119,#2514,#2515);
#2145=AXIS2_PLACEMENT_3D('',#3122,#2518,#2519);
#2146=AXIS2_PLACEMENT_3D('',#3123,#2520,#2521);
#2147=AXIS2_PLACEMENT_3D('',#3124,#2522,#2523);
#2148=AXIS2_PLACEMENT_3D('',#3126,#2525,#2526);
#2149=AXIS2_PLACEMENT_3D('',#3129,#2529,#2530);
#2150=AXIS2_PLACEMENT_3D('',#3130,#2531,#2532);
#2151=AXIS2_PLACEMENT_3D('',#3131,#2533,#2534);
#2152=AXIS2_PLACEMENT_3D('',#3133,#2536,#2537);
#2153=AXIS2_PLACEMENT_3D('',#3136,#2540,#2541);
#2154=AXIS2_PLACEMENT_3D('',#3137,#2542,#2543);
#2155=AXIS2_PLACEMENT_3D('',#3138,#2544,#2545);
#2156=AXIS2_PLACEMENT_3D('',#3140,#2547,#2548);
#2157=AXIS2_PLACEMENT_3D('',#3143,#2551,#2552);
#2158=AXIS2_PLACEMENT_3D('',#3144,#2553,#2554);
#2159=AXIS2_PLACEMENT_3D('',#3145,#2555,#2556);
#2160=AXIS2_PLACEMENT_3D('',#3147,#2558,#2559);
#2161=AXIS2_PLACEMENT_3D('',#3150,#2562,#2563);
#2162=AXIS2_PLACEMENT_3D('',#3151,#2564,#2565);
#2163=AXIS2_PLACEMENT_3D('',#3152,#2566,#2567);
#2164=AXIS2_PLACEMENT_3D('',#3158,#2571,#2572);
#2165=AXIS2_PLACEMENT_3D('',#3162,#2575,#2576);
#2166=AXIS2_PLACEMENT_3D('',#3164,#2578,#2579);
#2167=AXIS2_PLACEMENT_3D('',#3170,#2583,#2584);
#2168=AXIS2_PLACEMENT_3D('',#3174,#2587,#2588);
#2169=AXIS2_PLACEMENT_3D('',#3180,#2592,#2593);
#2170=AXIS2_PLACEMENT_3D('',#3184,#2596,#2597);
#2171=AXIS2_PLACEMENT_3D('',#3188,#2600,#2601);
#2172=AXIS2_PLACEMENT_3D('',#3191,#2604,#2605);
#2173=AXIS2_PLACEMENT_3D('',#3195,#2608,#2609);
#2174=AXIS2_PLACEMENT_3D('',#3199,#2612,#2613);
#2175=AXIS2_PLACEMENT_3D('',#3205,#2618,#2619);
#2176=AXIS2_PLACEMENT_3D('',#3206,#2620,#2621);
#2177=AXIS2_PLACEMENT_3D('',#3208,#2623,#2624);
#2178=AXIS2_PLACEMENT_3D('',#3209,#2625,#2626);
#2179=AXIS2_PLACEMENT_3D('',#3218,#2631,#2632);
#2180=AXIS2_PLACEMENT_3D('',#3224,#2636,#2637);
#2181=AXIS2_PLACEMENT_3D('',#3227,#2640,#2641);
#2182=AXIS2_PLACEMENT_3D('',#3236,#2646,#2647);
#2183=AXIS2_PLACEMENT_3D('',#3242,#2651,#2652);
#2184=AXIS2_PLACEMENT_3D('',#3248,#2656,#2657);
#2185=AXIS2_PLACEMENT_3D('',#3251,#2660,#2661);
#2186=AXIS2_PLACEMENT_3D('',#3263,#2668,#2669);
#2187=AXIS2_PLACEMENT_3D('',#3269,#2673,#2674);
#2188=AXIS2_PLACEMENT_3D('',#3273,#2677,#2678);
#2189=AXIS2_PLACEMENT_3D('',#3280,#2683,#2684);
#2190=AXIS2_PLACEMENT_3D('',#3282,#2686,#2687);
#2191=AXIS2_PLACEMENT_3D('',#3283,#2688,#2689);
#2192=AXIS2_PLACEMENT_3D('',#3285,#2691,#2692);
#2193=AXIS2_PLACEMENT_3D('',#3286,#2693,#2694);
#2194=AXIS2_PLACEMENT_3D('',#3287,#2695,#2696);
#2195=DIRECTION('axis',(0.,0.,1.));
#2196=DIRECTION('refdir',(1.,0.,0.));
#2197=DIRECTION('center_axis',(0.,1.,0.));
#2198=DIRECTION('ref_axis',(1.,0.,0.));
#2199=DIRECTION('',(0.,-1.,0.));
#2200=DIRECTION('center_axis',(2.89258368400609E-7,-0.999999999999958,0.));
#2201=DIRECTION('ref_axis',(0.999999999999958,2.89258368400609E-7,0.));
#2202=DIRECTION('center_axis',(0.,-1.,0.));
#2203=DIRECTION('ref_axis',(1.,0.,0.));
#2204=DIRECTION('',(0.,1.,0.));
#2205=DIRECTION('center_axis',(0.,1.,0.));
#2206=DIRECTION('ref_axis',(1.,0.,0.));
#2207=DIRECTION('center_axis',(-2.89258368400609E-7,0.999999999999958,0.));
#2208=DIRECTION('ref_axis',(0.999999999999958,2.89258368400609E-7,0.));
#2209=DIRECTION('center_axis',(0.,-1.,0.));
#2210=DIRECTION('ref_axis',(1.,0.,0.));
#2211=DIRECTION('',(0.,0.,1.));
#2212=DIRECTION('',(1.,0.,0.));
#2213=DIRECTION('',(0.,0.,1.));
#2214=DIRECTION('center_axis',(-2.89258368400609E-7,0.999999999999958,0.));
#2215=DIRECTION('ref_axis',(-0.999999999999958,-2.89258368400609E-7,0.));
#2216=DIRECTION('',(-0.999999999999958,-2.89258368400608E-7,0.));
#2217=DIRECTION('',(0.,0.,1.));
#2218=DIRECTION('',(0.,0.,1.));
#2219=DIRECTION('',(-0.999999999999958,-2.89258368400608E-7,0.));
#2220=DIRECTION('',(0.,0.,1.));
#2221=DIRECTION('center_axis',(1.,0.,0.));
#2222=DIRECTION('ref_axis',(0.,1.,0.));
#2223=DIRECTION('',(0.,0.,1.));
#2224=DIRECTION('',(0.,1.,0.));
#2225=DIRECTION('',(0.,0.,1.));
#2226=DIRECTION('',(0.,1.,0.));
#2227=DIRECTION('',(0.,0.,1.));
#2228=DIRECTION('',(0.,1.,0.));
#2229=DIRECTION('',(0.,0.,1.));
#2230=DIRECTION('',(0.,1.,0.));
#2231=DIRECTION('',(0.,0.,1.));
#2232=DIRECTION('',(0.,1.,0.));
#2233=DIRECTION('',(0.,0.,1.));
#2234=DIRECTION('',(0.,1.,0.));
#2235=DIRECTION('',(0.,0.,1.));
#2236=DIRECTION('',(0.,1.,0.));
#2237=DIRECTION('center_axis',(0.,1.,0.));
#2238=DIRECTION('ref_axis',(1.,0.,0.));
#2239=DIRECTION('center_axis',(0.,1.,0.));
#2240=DIRECTION('ref_axis',(1.,0.,0.));
#2241=DIRECTION('',(0.,-1.,0.));
#2242=DIRECTION('center_axis',(0.,-1.,0.));
#2243=DIRECTION('ref_axis',(1.,0.,0.));
#2244=DIRECTION('',(0.,1.,0.));
#2245=DIRECTION('center_axis',(0.,0.,1.));
#2246=DIRECTION('ref_axis',(1.,0.,0.));
#2247=DIRECTION('',(0.999999999999958,2.89258368400608E-7,0.));
#2248=DIRECTION('',(1.,0.,0.));
#2249=DIRECTION('',(1.,0.,0.));
#2250=DIRECTION('center_axis',(0.,1.,0.));
#2251=DIRECTION('ref_axis',(-1.,0.,0.));
#2252=DIRECTION('',(0.,0.,1.));
#2253=DIRECTION('',(-1.,0.,0.));
#2254=DIRECTION('',(0.,0.,1.));
#2255=DIRECTION('',(-1.,0.,0.));
#2256=DIRECTION('',(0.,0.,1.));
#2257=DIRECTION('',(-1.,0.,0.));
#2258=DIRECTION('',(0.,0.,1.));
#2259=DIRECTION('',(-1.,0.,0.));
#2260=DIRECTION('',(0.,0.,1.));
#2261=DIRECTION('',(-1.,0.,0.));
#2262=DIRECTION('',(0.,0.,1.));
#2263=DIRECTION('',(-1.,0.,0.));
#2264=DIRECTION('',(0.,0.,1.));
#2265=DIRECTION('',(-1.,0.,0.));
#2266=DIRECTION('',(0.,0.,1.));
#2267=DIRECTION('',(-1.,0.,0.));
#2268=DIRECTION('',(0.,0.,1.));
#2269=DIRECTION('',(-1.,0.,0.));
#2270=DIRECTION('',(0.,0.,1.));
#2271=DIRECTION('',(-1.,0.,0.));
#2272=DIRECTION('',(0.,0.,1.));
#2273=DIRECTION('',(-1.,0.,0.));
#2274=DIRECTION('',(0.,0.,1.));
#2275=DIRECTION('',(-1.,0.,0.));
#2276=DIRECTION('',(0.,0.,1.));
#2277=DIRECTION('',(-1.,0.,0.));
#2278=DIRECTION('',(0.,0.,1.));
#2279=DIRECTION('',(-1.,0.,0.));
#2280=DIRECTION('',(0.,0.,1.));
#2281=DIRECTION('',(-1.,0.,0.));
#2282=DIRECTION('',(0.,0.,1.));
#2283=DIRECTION('',(-1.,0.,0.));
#2284=DIRECTION('',(0.,0.,1.));
#2285=DIRECTION('',(-1.,0.,0.));
#2286=DIRECTION('',(0.,0.,1.));
#2287=DIRECTION('',(-1.,0.,0.));
#2288=DIRECTION('',(0.,0.,1.));
#2289=DIRECTION('',(-1.,0.,0.));
#2290=DIRECTION('',(0.,0.,1.));
#2291=DIRECTION('',(-1.,0.,0.));
#2292=DIRECTION('',(0.,0.,1.));
#2293=DIRECTION('',(-1.,0.,0.));
#2294=DIRECTION('',(0.,0.,1.));
#2295=DIRECTION('',(-1.,0.,0.));
#2296=DIRECTION('',(0.,0.,1.));
#2297=DIRECTION('',(-1.,0.,0.));
#2298=DIRECTION('',(0.,0.,1.));
#2299=DIRECTION('',(-1.,0.,0.));
#2300=DIRECTION('',(0.,0.,1.));
#2301=DIRECTION('',(-1.,0.,0.));
#2302=DIRECTION('',(0.,0.,1.));
#2303=DIRECTION('',(-1.,0.,0.));
#2304=DIRECTION('',(0.,0.,1.));
#2305=DIRECTION('',(-1.,0.,0.));
#2306=DIRECTION('',(0.,0.,1.));
#2307=DIRECTION('',(-1.,0.,0.));
#2308=DIRECTION('',(0.,0.,1.));
#2309=DIRECTION('',(-1.,0.,0.));
#2310=DIRECTION('',(0.,0.,1.));
#2311=DIRECTION('',(-1.,0.,0.));
#2312=DIRECTION('',(0.,0.,1.));
#2313=DIRECTION('',(-1.,0.,0.));
#2314=DIRECTION('',(0.,0.,1.));
#2315=DIRECTION('',(-1.,0.,0.));
#2316=DIRECTION('center_axis',(1.,0.,0.));
#2317=DIRECTION('ref_axis',(0.,1.,0.));
#2318=DIRECTION('',(0.,-1.,0.));
#2319=DIRECTION('',(0.,1.,0.));
#2320=DIRECTION('',(0.,0.,1.));
#2321=DIRECTION('center_axis',(-1.,0.,0.));
#2322=DIRECTION('ref_axis',(0.,-1.,0.));
#2323=DIRECTION('',(0.,1.,0.));
#2324=DIRECTION('',(0.,0.,1.));
#2325=DIRECTION('',(0.,-1.,0.));
#2326=DIRECTION('center_axis',(0.,0.,1.));
#2327=DIRECTION('ref_axis',(1.,0.,0.));
#2328=DIRECTION('',(1.,0.,0.));
#2329=DIRECTION('center_axis',(0.,-1.,0.));
#2330=DIRECTION('ref_axis',(1.,0.,0.));
#2331=DIRECTION('',(0.,0.,1.));
#2332=DIRECTION('',(1.,0.,0.));
#2333=DIRECTION('',(0.,0.,1.));
#2334=DIRECTION('',(1.,0.,0.));
#2335=DIRECTION('',(0.,0.,1.));
#2336=DIRECTION('',(1.,0.,0.));
#2337=DIRECTION('',(0.,0.,1.));
#2338=DIRECTION('',(1.,0.,0.));
#2339=DIRECTION('',(0.,0.,1.));
#2340=DIRECTION('',(1.,0.,0.));
#2341=DIRECTION('',(0.,0.,1.));
#2342=DIRECTION('',(1.,0.,0.));
#2343=DIRECTION('',(0.,0.,1.));
#2344=DIRECTION('',(1.,0.,0.));
#2345=DIRECTION('',(0.,0.,1.));
#2346=DIRECTION('',(1.,0.,0.));
#2347=DIRECTION('',(0.,0.,1.));
#2348=DIRECTION('',(1.,0.,0.));
#2349=DIRECTION('',(0.,0.,1.));
#2350=DIRECTION('',(1.,0.,0.));
#2351=DIRECTION('',(0.,0.,1.));
#2352=DIRECTION('',(1.,0.,0.));
#2353=DIRECTION('',(0.,0.,1.));
#2354=DIRECTION('',(1.,0.,0.));
#2355=DIRECTION('',(0.,0.,1.));
#2356=DIRECTION('',(1.,0.,0.));
#2357=DIRECTION('',(0.,0.,1.));
#2358=DIRECTION('',(1.,0.,0.));
#2359=DIRECTION('',(0.,0.,1.));
#2360=DIRECTION('',(1.,0.,0.));
#2361=DIRECTION('',(0.,0.,1.));
#2362=DIRECTION('',(1.,0.,0.));
#2363=DIRECTION('',(0.,0.,1.));
#2364=DIRECTION('',(1.,0.,0.));
#2365=DIRECTION('',(0.,0.,1.));
#2366=DIRECTION('',(1.,0.,0.));
#2367=DIRECTION('',(0.,0.,1.));
#2368=DIRECTION('',(1.,0.,0.));
#2369=DIRECTION('',(0.,0.,1.));
#2370=DIRECTION('',(1.,0.,0.));
#2371=DIRECTION('',(0.,0.,1.));
#2372=DIRECTION('',(1.,0.,0.));
#2373=DIRECTION('',(0.,0.,1.));
#2374=DIRECTION('',(1.,0.,0.));
#2375=DIRECTION('',(0.,0.,1.));
#2376=DIRECTION('',(1.,0.,0.));
#2377=DIRECTION('',(0.,0.,1.));
#2378=DIRECTION('',(1.,0.,0.));
#2379=DIRECTION('',(0.,0.,1.));
#2380=DIRECTION('',(1.,0.,0.));
#2381=DIRECTION('',(0.,0.,1.));
#2382=DIRECTION('',(1.,0.,0.));
#2383=DIRECTION('',(0.,0.,1.));
#2384=DIRECTION('',(1.,0.,0.));
#2385=DIRECTION('',(0.,0.,1.));
#2386=DIRECTION('',(1.,0.,0.));
#2387=DIRECTION('',(0.,0.,1.));
#2388=DIRECTION('',(1.,0.,0.));
#2389=DIRECTION('',(1.,0.,0.));
#2390=DIRECTION('',(0.,0.,1.));
#2391=DIRECTION('',(1.,0.,0.));
#2392=DIRECTION('',(0.,0.,1.));
#2393=DIRECTION('center_axis',(0.,0.,1.));
#2394=DIRECTION('ref_axis',(1.,0.,0.));
#2395=DIRECTION('',(0.,1.,0.));
#2396=DIRECTION('center_axis',(0.,0.,1.));
#2397=DIRECTION('ref_axis',(1.,0.,0.));
#2398=DIRECTION('',(0.,-1.,0.));
#2399=DIRECTION('',(0.,-1.,0.));
#2400=DIRECTION('',(0.,-1.,0.));
#2401=DIRECTION('center_axis',(1.,0.,0.));
#2402=DIRECTION('ref_axis',(0.,1.,0.));
#2403=DIRECTION('',(0.,-1.,0.));
#2404=DIRECTION('',(0.,1.,0.));
#2405=DIRECTION('center_axis',(-1.,0.,0.));
#2406=DIRECTION('ref_axis',(0.,-1.,0.));
#2407=DIRECTION('',(0.,1.,0.));
#2408=DIRECTION('',(0.,-1.,0.));
#2409=DIRECTION('center_axis',(0.,0.,1.));
#2410=DIRECTION('ref_axis',(1.,0.,0.));
#2411=DIRECTION('center_axis',(0.,0.,1.));
#2412=DIRECTION('ref_axis',(1.,0.,0.));
#2413=DIRECTION('',(0.,1.,0.));
#2414=DIRECTION('center_axis',(0.,0.,1.));
#2415=DIRECTION('ref_axis',(1.,0.,0.));
#2416=DIRECTION('',(0.,-1.,0.));
#2417=DIRECTION('center_axis',(1.,0.,0.));
#2418=DIRECTION('ref_axis',(0.,1.,0.));
#2419=DIRECTION('',(0.,-1.,0.));
#2420=DIRECTION('',(0.,1.,0.));
#2421=DIRECTION('center_axis',(-1.,0.,0.));
#2422=DIRECTION('ref_axis',(0.,-1.,0.));
#2423=DIRECTION('',(0.,1.,0.));
#2424=DIRECTION('',(0.,-1.,0.));
#2425=DIRECTION('center_axis',(0.,0.,1.));
#2426=DIRECTION('ref_axis',(1.,0.,0.));
#2427=DIRECTION('center_axis',(0.,0.,1.));
#2428=DIRECTION('ref_axis',(1.,0.,0.));
#2429=DIRECTION('',(0.,-1.,0.));
#2430=DIRECTION('center_axis',(1.,0.,0.));
#2431=DIRECTION('ref_axis',(0.,1.,0.));
#2432=DIRECTION('',(0.,-1.,0.));
#2433=DIRECTION('',(0.,1.,0.));
#2434=DIRECTION('center_axis',(-1.,0.,0.));
#2435=DIRECTION('ref_axis',(0.,-1.,0.));
#2436=DIRECTION('',(0.,1.,0.));
#2437=DIRECTION('',(0.,-1.,0.));
#2438=DIRECTION('center_axis',(0.,0.,1.));
#2439=DIRECTION('ref_axis',(1.,0.,0.));
#2440=DIRECTION('center_axis',(0.,0.,1.));
#2441=DIRECTION('ref_axis',(1.,0.,0.));
#2442=DIRECTION('',(0.,-1.,0.));
#2443=DIRECTION('center_axis',(1.,0.,0.));
#2444=DIRECTION('ref_axis',(0.,1.,0.));
#2445=DIRECTION('',(0.,-1.,0.));
#2446=DIRECTION('',(0.,1.,0.));
#2447=DIRECTION('center_axis',(-1.,0.,0.));
#2448=DIRECTION('ref_axis',(0.,-1.,0.));
#2449=DIRECTION('',(0.,1.,0.));
#2450=DIRECTION('',(0.,-1.,0.));
#2451=DIRECTION('center_axis',(0.,0.,1.));
#2452=DIRECTION('ref_axis',(1.,0.,0.));
#2453=DIRECTION('center_axis',(0.,0.,1.));
#2454=DIRECTION('ref_axis',(1.,0.,0.));
#2455=DIRECTION('',(0.,-1.,0.));
#2456=DIRECTION('center_axis',(1.,0.,0.));
#2457=DIRECTION('ref_axis',(0.,1.,0.));
#2458=DIRECTION('',(0.,1.,0.));
#2459=DIRECTION('center_axis',(-1.,0.,0.));
#2460=DIRECTION('ref_axis',(0.,-1.,0.));
#2461=DIRECTION('',(0.,1.,0.));
#2462=DIRECTION('',(0.,-1.,0.));
#2463=DIRECTION('center_axis',(0.,0.,1.));
#2464=DIRECTION('ref_axis',(1.,0.,0.));
#2465=DIRECTION('center_axis',(0.,0.,1.));
#2466=DIRECTION('ref_axis',(1.,0.,0.));
#2467=DIRECTION('',(0.,-1.,0.));
#2468=DIRECTION('center_axis',(1.,0.,0.));
#2469=DIRECTION('ref_axis',(0.,1.,0.));
#2470=DIRECTION('',(0.,-1.,0.));
#2471=DIRECTION('',(0.,1.,0.));
#2472=DIRECTION('center_axis',(-1.,0.,0.));
#2473=DIRECTION('ref_axis',(0.,-1.,0.));
#2474=DIRECTION('',(0.,-1.,0.));
#2475=DIRECTION('center_axis',(0.,0.,1.));
#2476=DIRECTION('ref_axis',(1.,0.,0.));
#2477=DIRECTION('center_axis',(1.,0.,0.));
#2478=DIRECTION('ref_axis',(0.,1.,0.));
#2479=DIRECTION('',(0.,-1.,0.));
#2480=DIRECTION('',(0.,1.,0.));
#2481=DIRECTION('center_axis',(-1.,0.,0.));
#2482=DIRECTION('ref_axis',(0.,-1.,0.));
#2483=DIRECTION('',(0.,-1.,0.));
#2484=DIRECTION('center_axis',(0.,0.,1.));
#2485=DIRECTION('ref_axis',(1.,0.,0.));
#2486=DIRECTION('center_axis',(1.,0.,0.));
#2487=DIRECTION('ref_axis',(0.,1.,0.));
#2488=DIRECTION('',(0.,1.,0.));
#2489=DIRECTION('center_axis',(-1.,0.,0.));
#2490=DIRECTION('ref_axis',(0.,-1.,0.));
#2491=DIRECTION('',(0.,1.,0.));
#2492=DIRECTION('',(0.,-1.,0.));
#2493=DIRECTION('center_axis',(0.,0.,1.));
#2494=DIRECTION('ref_axis',(1.,0.,0.));
#2495=DIRECTION('center_axis',(0.,0.,1.));
#2496=DIRECTION('ref_axis',(1.,0.,0.));
#2497=DIRECTION('',(0.,-1.,0.));
#2498=DIRECTION('center_axis',(1.,0.,0.));
#2499=DIRECTION('ref_axis',(0.,1.,0.));
#2500=DIRECTION('',(0.,-1.,0.));
#2501=DIRECTION('',(0.,1.,0.));
#2502=DIRECTION('center_axis',(-1.,0.,0.));
#2503=DIRECTION('ref_axis',(0.,-1.,0.));
#2504=DIRECTION('',(0.,1.,0.));
#2505=DIRECTION('',(0.,-1.,0.));
#2506=DIRECTION('center_axis',(0.,0.,1.));
#2507=DIRECTION('ref_axis',(1.,0.,0.));
#2508=DIRECTION('center_axis',(0.,0.,1.));
#2509=DIRECTION('ref_axis',(1.,0.,0.));
#2510=DIRECTION('center_axis',(1.,0.,0.));
#2511=DIRECTION('ref_axis',(0.,1.,0.));
#2512=DIRECTION('',(0.,-1.,0.));
#2513=DIRECTION('',(0.,1.,0.));
#2514=DIRECTION('center_axis',(-1.,0.,0.));
#2515=DIRECTION('ref_axis',(0.,-1.,0.));
#2516=DIRECTION('',(0.,1.,0.));
#2517=DIRECTION('',(0.,-1.,0.));
#2518=DIRECTION('center_axis',(0.,0.,1.));
#2519=DIRECTION('ref_axis',(1.,0.,0.));
#2520=DIRECTION('center_axis',(0.,0.,1.));
#2521=DIRECTION('ref_axis',(1.,0.,0.));
#2522=DIRECTION('center_axis',(1.,0.,0.));
#2523=DIRECTION('ref_axis',(0.,1.,0.));
#2524=DIRECTION('',(0.,1.,0.));
#2525=DIRECTION('center_axis',(-1.,0.,0.));
#2526=DIRECTION('ref_axis',(0.,-1.,0.));
#2527=DIRECTION('',(0.,1.,0.));
#2528=DIRECTION('',(0.,-1.,0.));
#2529=DIRECTION('center_axis',(0.,0.,1.));
#2530=DIRECTION('ref_axis',(1.,0.,0.));
#2531=DIRECTION('center_axis',(0.,0.,1.));
#2532=DIRECTION('ref_axis',(1.,0.,0.));
#2533=DIRECTION('center_axis',(1.,0.,0.));
#2534=DIRECTION('ref_axis',(0.,1.,0.));
#2535=DIRECTION('',(0.,1.,0.));
#2536=DIRECTION('center_axis',(-1.,0.,0.));
#2537=DIRECTION('ref_axis',(0.,-1.,0.));
#2538=DIRECTION('',(0.,1.,0.));
#2539=DIRECTION('',(0.,-1.,0.));
#2540=DIRECTION('center_axis',(0.,0.,1.));
#2541=DIRECTION('ref_axis',(1.,0.,0.));
#2542=DIRECTION('center_axis',(0.,0.,1.));
#2543=DIRECTION('ref_axis',(1.,0.,0.));
#2544=DIRECTION('center_axis',(1.,0.,0.));
#2545=DIRECTION('ref_axis',(0.,1.,0.));
#2546=DIRECTION('',(0.,1.,0.));
#2547=DIRECTION('center_axis',(-1.,0.,0.));
#2548=DIRECTION('ref_axis',(0.,-1.,0.));
#2549=DIRECTION('',(0.,1.,0.));
#2550=DIRECTION('',(0.,-1.,0.));
#2551=DIRECTION('center_axis',(0.,0.,1.));
#2552=DIRECTION('ref_axis',(1.,0.,0.));
#2553=DIRECTION('center_axis',(0.,0.,1.));
#2554=DIRECTION('ref_axis',(1.,0.,0.));
#2555=DIRECTION('center_axis',(1.,0.,0.));
#2556=DIRECTION('ref_axis',(0.,1.,0.));
#2557=DIRECTION('',(0.,1.,0.));
#2558=DIRECTION('center_axis',(-1.,0.,0.));
#2559=DIRECTION('ref_axis',(0.,-1.,0.));
#2560=DIRECTION('',(0.,1.,0.));
#2561=DIRECTION('',(0.,-1.,0.));
#2562=DIRECTION('center_axis',(0.,0.,1.));
#2563=DIRECTION('ref_axis',(1.,0.,0.));
#2564=DIRECTION('center_axis',(0.,0.,1.));
#2565=DIRECTION('ref_axis',(1.,0.,0.));
#2566=DIRECTION('center_axis',(0.,0.,1.));
#2567=DIRECTION('ref_axis',(1.,0.,0.));
#2568=DIRECTION('',(1.,0.,0.));
#2569=DIRECTION('',(0.,-1.,0.));
#2570=DIRECTION('',(-1.,0.,0.));
#2571=DIRECTION('center_axis',(0.,1.,0.));
#2572=DIRECTION('ref_axis',(-1.,0.,0.));
#2573=DIRECTION('',(0.,0.,1.));
#2574=DIRECTION('',(-1.,0.,0.));
#2575=DIRECTION('center_axis',(0.,0.,1.));
#2576=DIRECTION('ref_axis',(1.,0.,0.));
#2577=DIRECTION('',(0.,1.,0.));
#2578=DIRECTION('center_axis',(0.,0.,1.));
#2579=DIRECTION('ref_axis',(1.,0.,0.));
#2580=DIRECTION('',(-1.,0.,0.));
#2581=DIRECTION('',(1.,0.,0.));
#2582=DIRECTION('',(0.,-1.,0.));
#2583=DIRECTION('center_axis',(0.,1.,0.));
#2584=DIRECTION('ref_axis',(-1.,0.,0.));
#2585=DIRECTION('',(0.,0.,1.));
#2586=DIRECTION('',(-1.,0.,0.));
#2587=DIRECTION('center_axis',(0.,0.,1.));
#2588=DIRECTION('ref_axis',(1.,0.,0.));
#2589=DIRECTION('',(1.,0.,0.));
#2590=DIRECTION('',(0.,-1.,0.));
#2591=DIRECTION('',(-1.,0.,0.));
#2592=DIRECTION('center_axis',(0.,1.,0.));
#2593=DIRECTION('ref_axis',(-1.,0.,0.));
#2594=DIRECTION('',(0.,0.,1.));
#2595=DIRECTION('',(-1.,0.,0.));
#2596=DIRECTION('center_axis',(0.,-1.,0.));
#2597=DIRECTION('ref_axis',(1.,0.,0.));
#2598=DIRECTION('',(1.,0.,0.));
#2599=DIRECTION('',(0.,0.,1.));
#2600=DIRECTION('center_axis',(0.,0.,1.));
#2601=DIRECTION('ref_axis',(1.,0.,0.));
#2602=DIRECTION('',(-1.,0.,0.));
#2603=DIRECTION('',(0.,-1.,0.));
#2604=DIRECTION('center_axis',(0.,0.,1.));
#2605=DIRECTION('ref_axis',(1.,0.,0.));
#2606=DIRECTION('',(0.,-1.,0.));
#2607=DIRECTION('',(0.999999999999958,2.89258368400608E-7,0.));
#2608=DIRECTION('center_axis',(0.,-1.,0.));
#2609=DIRECTION('ref_axis',(1.,0.,0.));
#2610=DIRECTION('',(1.,0.,0.));
#2611=DIRECTION('',(0.,0.,1.));
#2612=DIRECTION('center_axis',(-1.,0.,0.));
#2613=DIRECTION('ref_axis',(0.,-1.,0.));
#2614=DIRECTION('',(0.,0.,1.));
#2615=DIRECTION('',(0.,0.,1.));
#2616=DIRECTION('',(0.,-1.,0.));
#2617=DIRECTION('',(0.,-1.,0.));
#2618=DIRECTION('center_axis',(0.,0.,1.));
#2619=DIRECTION('ref_axis',(1.,0.,0.));
#2620=DIRECTION('center_axis',(0.,-1.,0.));
#2621=DIRECTION('ref_axis',(1.,0.,0.));
#2622=DIRECTION('',(1.,0.,0.));
#2623=DIRECTION('center_axis',(0.,0.,1.));
#2624=DIRECTION('ref_axis',(1.,0.,0.));
#2625=DIRECTION('center_axis',(0.,0.,1.));
#2626=DIRECTION('ref_axis',(1.,0.,0.));
#2627=DIRECTION('',(-1.,0.,0.));
#2628=DIRECTION('',(0.,1.,0.));
#2629=DIRECTION('',(1.,0.,0.));
#2630=DIRECTION('',(0.,-1.,0.));
#2631=DIRECTION('center_axis',(0.,-1.,0.));
#2632=DIRECTION('ref_axis',(1.,0.,0.));
#2633=DIRECTION('',(0.,0.,1.));
#2634=DIRECTION('',(1.,0.,0.));
#2635=DIRECTION('',(0.,0.,1.));
#2636=DIRECTION('center_axis',(0.,0.,1.));
#2637=DIRECTION('ref_axis',(1.,0.,0.));
#2638=DIRECTION('',(0.,1.,0.));
#2639=DIRECTION('',(0.,-1.,0.));
#2640=DIRECTION('center_axis',(0.,0.,1.));
#2641=DIRECTION('ref_axis',(1.,0.,0.));
#2642=DIRECTION('',(-1.,0.,0.));
#2643=DIRECTION('',(0.,1.,0.));
#2644=DIRECTION('',(1.,0.,0.));
#2645=DIRECTION('',(0.,-1.,0.));
#2646=DIRECTION('center_axis',(0.,-1.,0.));
#2647=DIRECTION('ref_axis',(1.,0.,0.));
#2648=DIRECTION('',(0.,0.,1.));
#2649=DIRECTION('',(1.,0.,0.));
#2650=DIRECTION('',(0.,0.,1.));
#2651=DIRECTION('center_axis',(0.,1.,0.));
#2652=DIRECTION('ref_axis',(-1.,0.,0.));
#2653=DIRECTION('',(0.,0.,1.));
#2654=DIRECTION('',(-1.,0.,0.));
#2655=DIRECTION('',(0.,0.,1.));
#2656=DIRECTION('center_axis',(0.,0.,1.));
#2657=DIRECTION('ref_axis',(1.,0.,0.));
#2658=DIRECTION('',(0.,1.,0.));
#2659=DIRECTION('',(0.,-1.,0.));
#2660=DIRECTION('center_axis',(-1.,0.,0.));
#2661=DIRECTION('ref_axis',(0.,-1.,0.));
#2662=DIRECTION('',(0.,-1.,0.));
#2663=DIRECTION('',(0.,0.,1.));
#2664=DIRECTION('',(0.,-1.,0.));
#2665=DIRECTION('',(0.,0.,1.));
#2666=DIRECTION('',(0.,-1.,0.));
#2667=DIRECTION('',(0.,0.,1.));
#2668=DIRECTION('center_axis',(0.,0.,1.));
#2669=DIRECTION('ref_axis',(1.,0.,0.));
#2670=DIRECTION('',(-1.,0.,0.));
#2671=DIRECTION('',(0.,1.,0.));
#2672=DIRECTION('',(1.,0.,0.));
#2673=DIRECTION('center_axis',(0.,-1.,0.));
#2674=DIRECTION('ref_axis',(1.,0.,0.));
#2675=DIRECTION('',(0.,0.,1.));
#2676=DIRECTION('',(1.,0.,0.));
#2677=DIRECTION('center_axis',(1.,0.,0.));
#2678=DIRECTION('ref_axis',(0.,1.,0.));
#2679=DIRECTION('',(0.,0.,1.));
#2680=DIRECTION('',(0.,1.,0.));
#2681=DIRECTION('',(0.,0.,1.));
#2682=DIRECTION('',(0.,1.,0.));
#2683=DIRECTION('center_axis',(0.,1.,0.));
#2684=DIRECTION('ref_axis',(-1.,0.,0.));
#2685=DIRECTION('',(-1.,0.,0.));
#2686=DIRECTION('center_axis',(0.,0.,1.));
#2687=DIRECTION('ref_axis',(1.,0.,0.));
#2688=DIRECTION('center_axis',(0.,1.,0.));
#2689=DIRECTION('ref_axis',(-1.,0.,0.));
#2690=DIRECTION('',(-1.,0.,0.));
#2691=DIRECTION('center_axis',(0.,0.,1.));
#2692=DIRECTION('ref_axis',(1.,0.,0.));
#2693=DIRECTION('center_axis',(0.,1.,0.));
#2694=DIRECTION('ref_axis',(-1.,0.,0.));
#2695=DIRECTION('center_axis',(2.89258368400609E-7,-0.999999999999958,0.));
#2696=DIRECTION('ref_axis',(0.999999999999958,2.89258368400609E-7,0.));
#2697=CARTESIAN_POINT('',(0.,0.,0.));
#2698=CARTESIAN_POINT('Origin',(255.000003799796,-55.,0.));
#2699=CARTESIAN_POINT('',(250.000003799796,55.,-6.12323399573677E-16));
#2700=CARTESIAN_POINT('',(250.000003799796,-55.,-6.12323399573677E-16));
#2701=CARTESIAN_POINT('',(250.000003799796,-55.,0.));
#2702=CARTESIAN_POINT('',(251.999994367361,55.0000012293458,3.99999292565637));
#2703=CARTESIAN_POINT('Origin',(255.000003799796,55.0000020971236,0.));
#2704=CARTESIAN_POINT('',(255.,55.,4.99999999999856));
#2705=CARTESIAN_POINT('Origin',(255.000003799796,55.,0.));
#2706=CARTESIAN_POINT('',(255.,-55.,4.99999999999856));
#2707=CARTESIAN_POINT('',(255.,-55.,4.99999999999856));
#2708=CARTESIAN_POINT('',(251.999994367361,-54.9999987706542,3.99999292565637));
#2709=CARTESIAN_POINT('Origin',(255.000003799796,-55.,0.));
#2710=CARTESIAN_POINT('Origin',(255.000003799796,-54.9999979028764,0.));
#2711=CARTESIAN_POINT('Origin',(251.999994367361,-55.,0.));
#2712=CARTESIAN_POINT('',(255.,-55.,20.));
#2713=CARTESIAN_POINT('',(255.,-55.,0.));
#2714=CARTESIAN_POINT('',(251.999994367361,-54.9999987706542,20.));
#2715=CARTESIAN_POINT('',(250.,-55.,20.));
#2716=CARTESIAN_POINT('',(251.999994367361,-54.9999987706542,0.));
#2717=CARTESIAN_POINT('Origin',(251.999994367361,55.0000012293458,0.));
#2718=CARTESIAN_POINT('',(247.750002205372,55.,0.));
#2719=CARTESIAN_POINT('',(251.999994367361,55.0000012293458,0.));
#2720=CARTESIAN_POINT('',(247.750002205372,55.,3.));
#2721=CARTESIAN_POINT('',(247.750002205372,55.,0.));
#2722=CARTESIAN_POINT('',(247.750002205372,55.,20.));
#2723=CARTESIAN_POINT('',(247.750002205372,55.,0.));
#2724=CARTESIAN_POINT('',(251.999994367361,55.0000012293458,20.));
#2725=CARTESIAN_POINT('',(251.999994367361,55.0000012293458,20.));
#2726=CARTESIAN_POINT('',(251.999994367361,55.0000012293458,0.));
#2727=CARTESIAN_POINT('Origin',(255.,-55.,0.));
#2728=CARTESIAN_POINT('',(255.,55.,20.));
#2729=CARTESIAN_POINT('',(255.,55.,0.));
#2730=CARTESIAN_POINT('',(255.000003799796,50.0000007450581,20.));
#2731=CARTESIAN_POINT('',(255.,55.,20.));
#2732=CARTESIAN_POINT('',(255.000003799796,50.0000007450581,14.));
#2733=CARTESIAN_POINT('',(255.000003799796,50.0000007450581,0.));
#2734=CARTESIAN_POINT('',(255.000003799796,47.0000007003546,14.));
#2735=CARTESIAN_POINT('',(255.000003799796,47.0000007003546,14.));
#2736=CARTESIAN_POINT('',(255.000003799796,47.0000007003546,20.));
#2737=CARTESIAN_POINT('',(255.000003799796,47.0000007003546,0.));
#2738=CARTESIAN_POINT('',(255.000003799796,15.0000007450581,20.));
#2739=CARTESIAN_POINT('',(255.,19.,20.));
#2740=CARTESIAN_POINT('',(255.000003799796,15.0000007450581,14.));
#2741=CARTESIAN_POINT('',(255.000003799796,15.0000007450581,0.));
#2742=CARTESIAN_POINT('',(255.000003799796,12.0000001788139,14.));
#2743=CARTESIAN_POINT('',(255.000003799796,12.0000001788139,14.));
#2744=CARTESIAN_POINT('',(255.000003799796,12.0000001788139,20.));
#2745=CARTESIAN_POINT('',(255.000003799796,12.0000001788139,0.));
#2746=CARTESIAN_POINT('',(255.000003799796,-19.9999992549419,20.));
#2747=CARTESIAN_POINT('',(255.,-55.,20.));
#2748=CARTESIAN_POINT('',(255.000003799796,-19.9999992549419,14.));
#2749=CARTESIAN_POINT('',(255.000003799796,-19.9999992549419,0.));
#2750=CARTESIAN_POINT('',(255.000003799796,-23.0000003427267,14.));
#2751=CARTESIAN_POINT('',(255.000003799796,-23.0000003427267,14.));
#2752=CARTESIAN_POINT('',(255.000003799796,-23.0000003427267,20.));
#2753=CARTESIAN_POINT('',(255.000003799796,-23.0000003427267,0.));
#2754=CARTESIAN_POINT('',(255.,-55.,20.));
#2755=CARTESIAN_POINT('Origin',(145.,-55.,0.));
#2756=CARTESIAN_POINT('',(145.,-55.,5.));
#2757=CARTESIAN_POINT('',(150.,-55.,0.));
#2758=CARTESIAN_POINT('Origin',(145.,-55.,0.));
#2759=CARTESIAN_POINT('',(145.,55.,5.));
#2760=CARTESIAN_POINT('',(145.,-55.,5.));
#2761=CARTESIAN_POINT('',(150.,55.,0.));
#2762=CARTESIAN_POINT('Origin',(145.,55.,0.));
#2763=CARTESIAN_POINT('',(150.,-55.,0.));
#2764=CARTESIAN_POINT('Origin',(200.000008799796,6.14672899246216E-7,0.));
#2765=CARTESIAN_POINT('',(247.750002205372,-55.,0.));
#2766=CARTESIAN_POINT('',(247.750002205372,-55.,0.));
#2767=CARTESIAN_POINT('',(145.,-55.,0.));
#2768=CARTESIAN_POINT('',(145.,55.,0.));
#2769=CARTESIAN_POINT('Origin',(247.750002205372,55.,0.));
#2770=CARTESIAN_POINT('',(145.,55.,20.));
#2771=CARTESIAN_POINT('',(145.,55.,0.));
#2772=CARTESIAN_POINT('',(152.250002205372,55.,20.));
#2773=CARTESIAN_POINT('',(152.250002205372,55.,20.));
#2774=CARTESIAN_POINT('',(152.250002205372,55.,3.));
#2775=CARTESIAN_POINT('',(152.250002205372,55.,0.));
#2776=CARTESIAN_POINT('',(157.750002205372,55.,3.));
#2777=CARTESIAN_POINT('',(145.,55.,3.));
#2778=CARTESIAN_POINT('',(157.750002205372,55.,3.5));
#2779=CARTESIAN_POINT('',(157.750002205372,55.,0.));
#2780=CARTESIAN_POINT('',(158.250002205372,55.,3.5));
#2781=CARTESIAN_POINT('',(145.,55.,3.5));
#2782=CARTESIAN_POINT('',(158.250002205372,55.,3.));
#2783=CARTESIAN_POINT('',(158.250002205372,55.,0.));
#2784=CARTESIAN_POINT('',(163.750002205372,55.,3.));
#2785=CARTESIAN_POINT('',(145.,55.,3.));
#2786=CARTESIAN_POINT('',(163.750002205372,55.,3.5));
#2787=CARTESIAN_POINT('',(163.750002205372,55.,0.));
#2788=CARTESIAN_POINT('',(164.250002205372,55.,3.5));
#2789=CARTESIAN_POINT('',(145.,55.,3.5));
#2790=CARTESIAN_POINT('',(164.250002205372,55.,3.));
#2791=CARTESIAN_POINT('',(164.250002205372,55.,0.));
#2792=CARTESIAN_POINT('',(169.750002205372,55.,3.));
#2793=CARTESIAN_POINT('',(145.,55.,3.));
#2794=CARTESIAN_POINT('',(169.750002205372,55.,3.5));
#2795=CARTESIAN_POINT('',(169.750002205372,55.,0.));
#2796=CARTESIAN_POINT('',(170.250002205372,55.,3.5));
#2797=CARTESIAN_POINT('',(145.,55.,3.5));
#2798=CARTESIAN_POINT('',(170.250002205372,55.,3.));
#2799=CARTESIAN_POINT('',(170.250002205372,55.,0.));
#2800=CARTESIAN_POINT('',(175.750002205372,55.,3.));
#2801=CARTESIAN_POINT('',(145.,55.,3.));
#2802=CARTESIAN_POINT('',(175.750002205372,55.,3.5));
#2803=CARTESIAN_POINT('',(175.750002205372,55.,0.));
#2804=CARTESIAN_POINT('',(176.250002205372,55.,3.5));
#2805=CARTESIAN_POINT('',(145.,55.,3.5));
#2806=CARTESIAN_POINT('',(176.250002205372,55.,3.));
#2807=CARTESIAN_POINT('',(176.250002205372,55.,0.));
#2808=CARTESIAN_POINT('',(181.750002205372,55.,3.));
#2809=CARTESIAN_POINT('',(145.,55.,3.));
#2810=CARTESIAN_POINT('',(181.750002205372,55.,3.5));
#2811=CARTESIAN_POINT('',(181.750002205372,55.,0.));
#2812=CARTESIAN_POINT('',(182.250002205372,55.,3.5));
#2813=CARTESIAN_POINT('',(145.,55.,3.5));
#2814=CARTESIAN_POINT('',(182.250002205372,55.,3.));
#2815=CARTESIAN_POINT('',(182.250002205372,55.,0.));
#2816=CARTESIAN_POINT('',(187.750002205372,55.,3.));
#2817=CARTESIAN_POINT('',(145.,55.,3.));
#2818=CARTESIAN_POINT('',(187.750002205372,55.,3.5));
#2819=CARTESIAN_POINT('',(187.750002205372,55.,0.));
#2820=CARTESIAN_POINT('',(188.250002205372,55.,3.5));
#2821=CARTESIAN_POINT('',(145.,55.,3.5));
#2822=CARTESIAN_POINT('',(188.250002205372,55.,3.));
#2823=CARTESIAN_POINT('',(188.250002205372,55.,0.));
#2824=CARTESIAN_POINT('',(193.750002205372,55.,3.));
#2825=CARTESIAN_POINT('',(145.,55.,3.));
#2826=CARTESIAN_POINT('',(193.750002205372,55.,3.5));
#2827=CARTESIAN_POINT('',(193.750002205372,55.,0.));
#2828=CARTESIAN_POINT('',(194.250002205372,55.,3.5));
#2829=CARTESIAN_POINT('',(145.,55.,3.5));
#2830=CARTESIAN_POINT('',(194.250002205372,55.,3.));
#2831=CARTESIAN_POINT('',(194.250002205372,55.,0.));
#2832=CARTESIAN_POINT('',(199.750002205372,55.,3.));
#2833=CARTESIAN_POINT('',(145.,55.,3.));
#2834=CARTESIAN_POINT('',(199.750002205372,55.,3.5));
#2835=CARTESIAN_POINT('',(199.750002205372,55.,0.));
#2836=CARTESIAN_POINT('',(200.250002205372,55.,3.5));
#2837=CARTESIAN_POINT('',(145.,55.,3.5));
#2838=CARTESIAN_POINT('',(200.250002205372,55.,3.));
#2839=CARTESIAN_POINT('',(200.250002205372,55.,0.));
#2840=CARTESIAN_POINT('',(205.750002205372,55.,3.));
#2841=CARTESIAN_POINT('',(145.,55.,3.));
#2842=CARTESIAN_POINT('',(205.750002205372,55.,3.5));
#2843=CARTESIAN_POINT('',(205.750002205372,55.,0.));
#2844=CARTESIAN_POINT('',(206.250002205372,55.,3.5));
#2845=CARTESIAN_POINT('',(145.,55.,3.5));
#2846=CARTESIAN_POINT('',(206.250002205372,55.,3.));
#2847=CARTESIAN_POINT('',(206.250002205372,55.,0.));
#2848=CARTESIAN_POINT('',(211.750002205372,55.,3.));
#2849=CARTESIAN_POINT('',(145.,55.,3.));
#2850=CARTESIAN_POINT('',(211.750002205372,55.,3.5));
#2851=CARTESIAN_POINT('',(211.750002205372,55.,0.));
#2852=CARTESIAN_POINT('',(212.250002205372,55.,3.5));
#2853=CARTESIAN_POINT('',(145.,55.,3.5));
#2854=CARTESIAN_POINT('',(212.250002205372,55.,3.));
#2855=CARTESIAN_POINT('',(212.250002205372,55.,0.));
#2856=CARTESIAN_POINT('',(217.750002205372,55.,3.));
#2857=CARTESIAN_POINT('',(145.,55.,3.));
#2858=CARTESIAN_POINT('',(217.750002205372,55.,3.5));
#2859=CARTESIAN_POINT('',(217.750002205372,55.,0.));
#2860=CARTESIAN_POINT('',(218.250002205372,55.,3.5));
#2861=CARTESIAN_POINT('',(145.,55.,3.5));
#2862=CARTESIAN_POINT('',(218.250002205372,55.,3.));
#2863=CARTESIAN_POINT('',(218.250002205372,55.,0.));
#2864=CARTESIAN_POINT('',(223.750002205372,55.,3.));
#2865=CARTESIAN_POINT('',(145.,55.,3.));
#2866=CARTESIAN_POINT('',(223.750002205372,55.,3.5));
#2867=CARTESIAN_POINT('',(223.750002205372,55.,0.));
#2868=CARTESIAN_POINT('',(224.250002205372,55.,3.5));
#2869=CARTESIAN_POINT('',(145.,55.,3.5));
#2870=CARTESIAN_POINT('',(224.250002205372,55.,3.));
#2871=CARTESIAN_POINT('',(224.250002205372,55.,0.));
#2872=CARTESIAN_POINT('',(229.750002205372,55.,3.));
#2873=CARTESIAN_POINT('',(145.,55.,3.));
#2874=CARTESIAN_POINT('',(229.750002205372,55.,3.5));
#2875=CARTESIAN_POINT('',(229.750002205372,55.,0.));
#2876=CARTESIAN_POINT('',(230.250002205372,55.,3.5));
#2877=CARTESIAN_POINT('',(145.,55.,3.5));
#2878=CARTESIAN_POINT('',(230.250002205372,55.,3.));
#2879=CARTESIAN_POINT('',(230.250002205372,55.,0.));
#2880=CARTESIAN_POINT('',(235.750002205372,55.,3.));
#2881=CARTESIAN_POINT('',(145.,55.,3.));
#2882=CARTESIAN_POINT('',(235.750002205372,55.,3.5));
#2883=CARTESIAN_POINT('',(235.750002205372,55.,0.));
#2884=CARTESIAN_POINT('',(236.250002205372,55.,3.5));
#2885=CARTESIAN_POINT('',(145.,55.,3.5));
#2886=CARTESIAN_POINT('',(236.250002205372,55.,3.));
#2887=CARTESIAN_POINT('',(236.250002205372,55.,0.));
#2888=CARTESIAN_POINT('',(241.750002205372,55.,3.));
#2889=CARTESIAN_POINT('',(145.,55.,3.));
#2890=CARTESIAN_POINT('',(241.750002205372,55.,3.5));
#2891=CARTESIAN_POINT('',(241.750002205372,55.,0.));
#2892=CARTESIAN_POINT('',(242.250002205372,55.,3.5));
#2893=CARTESIAN_POINT('',(145.,55.,3.5));
#2894=CARTESIAN_POINT('',(242.250002205372,55.,3.));
#2895=CARTESIAN_POINT('',(242.250002205372,55.,0.));
#2896=CARTESIAN_POINT('',(145.,55.,3.));
#2897=CARTESIAN_POINT('Origin',(158.250002205372,-55.,0.));
#2898=CARTESIAN_POINT('',(158.250002205372,-55.,3.));
#2899=CARTESIAN_POINT('',(158.250002205372,-27.4999996926636,3.));
#2900=CARTESIAN_POINT('',(158.250002205372,-55.,3.5));
#2901=CARTESIAN_POINT('',(158.250002205372,-55.,3.5));
#2902=CARTESIAN_POINT('',(158.250002205372,-55.,0.));
#2903=CARTESIAN_POINT('Origin',(157.750002205372,55.,0.));
#2904=CARTESIAN_POINT('',(157.750002205372,-55.,3.));
#2905=CARTESIAN_POINT('',(157.750002205372,27.5000003073364,3.));
#2906=CARTESIAN_POINT('',(157.750002205372,-55.,3.5));
#2907=CARTESIAN_POINT('',(157.750002205372,-55.,0.));
#2908=CARTESIAN_POINT('',(157.750002205372,-55.,3.5));
#2909=CARTESIAN_POINT('Origin',(200.,6.14672899246216E-7,3.5));
#2910=CARTESIAN_POINT('',(250.,-55.,3.5));
#2911=CARTESIAN_POINT('Origin',(145.,-55.,0.));
#2912=CARTESIAN_POINT('',(247.750002205372,-55.,3.));
#2913=CARTESIAN_POINT('',(247.750002205372,-55.,0.));
#2914=CARTESIAN_POINT('',(242.250002205372,-55.,3.));
#2915=CARTESIAN_POINT('',(145.,-55.,3.));
#2916=CARTESIAN_POINT('',(242.250002205372,-55.,3.5));
#2917=CARTESIAN_POINT('',(242.250002205372,-55.,0.));
#2918=CARTESIAN_POINT('',(241.750002205372,-55.,3.5));
#2919=CARTESIAN_POINT('',(250.,-55.,3.5));
#2920=CARTESIAN_POINT('',(241.750002205372,-55.,3.));
#2921=CARTESIAN_POINT('',(241.750002205372,-55.,0.));
#2922=CARTESIAN_POINT('',(236.250002205372,-55.,3.));
#2923=CARTESIAN_POINT('',(145.,-55.,3.));
#2924=CARTESIAN_POINT('',(236.250002205372,-55.,3.5));
#2925=CARTESIAN_POINT('',(236.250002205372,-55.,0.));
#2926=CARTESIAN_POINT('',(235.750002205372,-55.,3.5));
#2927=CARTESIAN_POINT('',(250.,-55.,3.5));
#2928=CARTESIAN_POINT('',(235.750002205372,-55.,3.));
#2929=CARTESIAN_POINT('',(235.750002205372,-55.,0.));
#2930=CARTESIAN_POINT('',(230.250002205372,-55.,3.));
#2931=CARTESIAN_POINT('',(145.,-55.,3.));
#2932=CARTESIAN_POINT('',(230.250002205372,-55.,3.5));
#2933=CARTESIAN_POINT('',(230.250002205372,-55.,0.));
#2934=CARTESIAN_POINT('',(229.750002205372,-55.,3.5));
#2935=CARTESIAN_POINT('',(250.,-55.,3.5));
#2936=CARTESIAN_POINT('',(229.750002205372,-55.,3.));
#2937=CARTESIAN_POINT('',(229.750002205372,-55.,0.));
#2938=CARTESIAN_POINT('',(224.250002205372,-55.,3.));
#2939=CARTESIAN_POINT('',(145.,-55.,3.));
#2940=CARTESIAN_POINT('',(224.250002205372,-55.,3.5));
#2941=CARTESIAN_POINT('',(224.250002205372,-55.,0.));
#2942=CARTESIAN_POINT('',(223.750002205372,-55.,3.5));
#2943=CARTESIAN_POINT('',(250.,-55.,3.5));
#2944=CARTESIAN_POINT('',(223.750002205372,-55.,3.));
#2945=CARTESIAN_POINT('',(223.750002205372,-55.,0.));
#2946=CARTESIAN_POINT('',(218.250002205372,-55.,3.));
#2947=CARTESIAN_POINT('',(145.,-55.,3.));
#2948=CARTESIAN_POINT('',(218.250002205372,-55.,3.5));
#2949=CARTESIAN_POINT('',(218.250002205372,-55.,0.));
#2950=CARTESIAN_POINT('',(217.750002205372,-55.,3.5));
#2951=CARTESIAN_POINT('',(250.,-55.,3.5));
#2952=CARTESIAN_POINT('',(217.750002205372,-55.,3.));
#2953=CARTESIAN_POINT('',(217.750002205372,-55.,0.));
#2954=CARTESIAN_POINT('',(212.250002205372,-55.,3.));
#2955=CARTESIAN_POINT('',(145.,-55.,3.));
#2956=CARTESIAN_POINT('',(212.250002205372,-55.,3.5));
#2957=CARTESIAN_POINT('',(212.250002205372,-55.,0.));
#2958=CARTESIAN_POINT('',(211.750002205372,-55.,3.5));
#2959=CARTESIAN_POINT('',(250.,-55.,3.5));
#2960=CARTESIAN_POINT('',(211.750002205372,-55.,3.));
#2961=CARTESIAN_POINT('',(211.750002205372,-55.,0.));
#2962=CARTESIAN_POINT('',(206.250002205372,-55.,3.));
#2963=CARTESIAN_POINT('',(145.,-55.,3.));
#2964=CARTESIAN_POINT('',(206.250002205372,-55.,3.5));
#2965=CARTESIAN_POINT('',(206.250002205372,-55.,0.));
#2966=CARTESIAN_POINT('',(205.750002205372,-55.,3.5));
#2967=CARTESIAN_POINT('',(250.,-55.,3.5));
#2968=CARTESIAN_POINT('',(205.750002205372,-55.,3.));
#2969=CARTESIAN_POINT('',(205.750002205372,-55.,0.));
#2970=CARTESIAN_POINT('',(200.250002205372,-55.,3.));
#2971=CARTESIAN_POINT('',(145.,-55.,3.));
#2972=CARTESIAN_POINT('',(200.250002205372,-55.,3.5));
#2973=CARTESIAN_POINT('',(200.250002205372,-55.,0.));
#2974=CARTESIAN_POINT('',(199.750002205372,-55.,3.5));
#2975=CARTESIAN_POINT('',(250.,-55.,3.5));
#2976=CARTESIAN_POINT('',(199.750002205372,-55.,3.));
#2977=CARTESIAN_POINT('',(199.750002205372,-55.,0.));
#2978=CARTESIAN_POINT('',(194.250002205372,-55.,3.));
#2979=CARTESIAN_POINT('',(145.,-55.,3.));
#2980=CARTESIAN_POINT('',(194.250002205372,-55.,3.5));
#2981=CARTESIAN_POINT('',(194.250002205372,-55.,0.));
#2982=CARTESIAN_POINT('',(193.750002205372,-55.,3.5));
#2983=CARTESIAN_POINT('',(250.,-55.,3.5));
#2984=CARTESIAN_POINT('',(193.750002205372,-55.,3.));
#2985=CARTESIAN_POINT('',(193.750002205372,-55.,0.));
#2986=CARTESIAN_POINT('',(188.250002205372,-55.,3.));
#2987=CARTESIAN_POINT('',(145.,-55.,3.));
#2988=CARTESIAN_POINT('',(188.250002205372,-55.,3.5));
#2989=CARTESIAN_POINT('',(188.250002205372,-55.,0.));
#2990=CARTESIAN_POINT('',(187.750002205372,-55.,3.5));
#2991=CARTESIAN_POINT('',(250.,-55.,3.5));
#2992=CARTESIAN_POINT('',(187.750002205372,-55.,3.));
#2993=CARTESIAN_POINT('',(187.750002205372,-55.,0.));
#2994=CARTESIAN_POINT('',(182.250002205372,-55.,3.));
#2995=CARTESIAN_POINT('',(145.,-55.,3.));
#2996=CARTESIAN_POINT('',(182.250002205372,-55.,3.5));
#2997=CARTESIAN_POINT('',(182.250002205372,-55.,0.));
#2998=CARTESIAN_POINT('',(181.750002205372,-55.,3.5));
#2999=CARTESIAN_POINT('',(250.,-55.,3.5));
#3000=CARTESIAN_POINT('',(181.750002205372,-55.,3.));
#3001=CARTESIAN_POINT('',(181.750002205372,-55.,0.));
#3002=CARTESIAN_POINT('',(176.250002205372,-55.,3.));
#3003=CARTESIAN_POINT('',(145.,-55.,3.));
#3004=CARTESIAN_POINT('',(176.250002205372,-55.,3.5));
#3005=CARTESIAN_POINT('',(176.250002205372,-55.,0.));
#3006=CARTESIAN_POINT('',(175.750002205372,-55.,3.5));
#3007=CARTESIAN_POINT('',(250.,-55.,3.5));
#3008=CARTESIAN_POINT('',(175.750002205372,-55.,3.));
#3009=CARTESIAN_POINT('',(175.750002205372,-55.,0.));
#3010=CARTESIAN_POINT('',(170.250002205372,-55.,3.));
#3011=CARTESIAN_POINT('',(145.,-55.,3.));
#3012=CARTESIAN_POINT('',(170.250002205372,-55.,3.5));
#3013=CARTESIAN_POINT('',(170.250002205372,-55.,0.));
#3014=CARTESIAN_POINT('',(169.750002205372,-55.,3.5));
#3015=CARTESIAN_POINT('',(250.,-55.,3.5));
#3016=CARTESIAN_POINT('',(169.750002205372,-55.,3.));
#3017=CARTESIAN_POINT('',(169.750002205372,-55.,0.));
#3018=CARTESIAN_POINT('',(164.250002205372,-55.,3.));
#3019=CARTESIAN_POINT('',(145.,-55.,3.));
#3020=CARTESIAN_POINT('',(164.250002205372,-55.,3.5));
#3021=CARTESIAN_POINT('',(164.250002205372,-55.,0.));
#3022=CARTESIAN_POINT('',(163.750002205372,-55.,3.5));
#3023=CARTESIAN_POINT('',(250.,-55.,3.5));
#3024=CARTESIAN_POINT('',(163.750002205372,-55.,3.));
#3025=CARTESIAN_POINT('',(163.750002205372,-55.,0.));
#3026=CARTESIAN_POINT('',(145.,-55.,3.));
#3027=CARTESIAN_POINT('',(152.250002205372,-55.,3.));
#3028=CARTESIAN_POINT('',(145.,-55.,3.));
#3029=CARTESIAN_POINT('',(152.250002205372,-55.,20.));
#3030=CARTESIAN_POINT('',(152.250002205372,-55.,0.));
#3031=CARTESIAN_POINT('',(145.,-55.,20.));
#3032=CARTESIAN_POINT('',(145.,-55.,20.));
#3033=CARTESIAN_POINT('',(145.,-55.,0.));
#3034=CARTESIAN_POINT('Origin',(200.000008799796,6.14672899246216E-7,3.));
#3035=CARTESIAN_POINT('',(163.750002205372,27.5000003073364,3.));
#3036=CARTESIAN_POINT('Origin',(200.000008799796,6.14672899246216E-7,3.));
#3037=CARTESIAN_POINT('',(152.249996596947,-19.9999992549419,3.));
#3038=CARTESIAN_POINT('',(152.250002205372,25.0000006798655,3.));
#3039=CARTESIAN_POINT('',(152.249996596947,-23.0000003427267,3.));
#3040=CARTESIAN_POINT('',(152.250002205372,-11.4999998640269,3.));
#3041=CARTESIAN_POINT('',(152.250002205372,-27.4999996926636,3.));
#3042=CARTESIAN_POINT('Origin',(182.250002205372,-55.,0.));
#3043=CARTESIAN_POINT('',(182.250002205372,-27.4999996926636,3.));
#3044=CARTESIAN_POINT('',(182.250002205372,-55.,3.5));
#3045=CARTESIAN_POINT('Origin',(181.750002205372,55.,0.));
#3046=CARTESIAN_POINT('',(181.750002205372,27.5000003073364,3.));
#3047=CARTESIAN_POINT('',(181.750002205372,-55.,3.5));
#3048=CARTESIAN_POINT('Origin',(200.,6.14672899246216E-7,3.5));
#3049=CARTESIAN_POINT('Origin',(200.000008799796,6.14672899246216E-7,3.));
#3050=CARTESIAN_POINT('',(187.750002205372,27.5000003073364,3.));
#3051=CARTESIAN_POINT('Origin',(200.000008799796,6.14672899246216E-7,3.));
#3052=CARTESIAN_POINT('',(176.250002205372,-27.4999996926636,3.));
#3053=CARTESIAN_POINT('Origin',(200.250002205372,-55.,0.));
#3054=CARTESIAN_POINT('',(200.250002205372,-27.4999996926636,3.));
#3055=CARTESIAN_POINT('',(200.250002205372,-55.,3.5));
#3056=CARTESIAN_POINT('Origin',(199.750002205372,55.,0.));
#3057=CARTESIAN_POINT('',(199.750002205372,27.5000003073364,3.));
#3058=CARTESIAN_POINT('',(199.750002205372,-55.,3.5));
#3059=CARTESIAN_POINT('Origin',(200.,6.14672899246216E-7,3.5));
#3060=CARTESIAN_POINT('Origin',(200.000008799796,6.14672899246216E-7,3.));
#3061=CARTESIAN_POINT('',(194.250002205372,-27.4999996926636,3.));
#3062=CARTESIAN_POINT('Origin',(224.250002205372,-55.,0.));
#3063=CARTESIAN_POINT('',(224.250002205372,-27.4999996926636,3.));
#3064=CARTESIAN_POINT('',(224.250002205372,-55.,3.5));
#3065=CARTESIAN_POINT('Origin',(223.750002205372,55.,0.));
#3066=CARTESIAN_POINT('',(223.750002205372,27.5000003073364,3.));
#3067=CARTESIAN_POINT('',(223.750002205372,-55.,3.5));
#3068=CARTESIAN_POINT('Origin',(200.,6.14672899246216E-7,3.5));
#3069=CARTESIAN_POINT('Origin',(200.000008799796,6.14672899246216E-7,3.));
#3070=CARTESIAN_POINT('',(218.250002205372,-27.4999996926636,3.));
#3071=CARTESIAN_POINT('Origin',(242.250002205372,-55.,0.));
#3072=CARTESIAN_POINT('',(242.250002205372,-27.4999996926636,3.));
#3073=CARTESIAN_POINT('',(242.250002205372,-55.,3.5));
#3074=CARTESIAN_POINT('Origin',(241.750002205372,55.,0.));
#3075=CARTESIAN_POINT('',(241.750002205372,27.5000003073364,3.));
#3076=CARTESIAN_POINT('',(241.750002205372,-55.,3.5));
#3077=CARTESIAN_POINT('Origin',(200.,6.14672899246216E-7,3.5));
#3078=CARTESIAN_POINT('Origin',(200.000008799796,6.14672899246216E-7,3.));
#3079=CARTESIAN_POINT('',(236.250002205372,-27.4999996926636,3.));
#3080=CARTESIAN_POINT('Origin',(218.250002205372,-55.,0.));
#3081=CARTESIAN_POINT('',(218.250002205372,-55.,3.5));
#3082=CARTESIAN_POINT('Origin',(217.750002205372,55.,0.));
#3083=CARTESIAN_POINT('',(217.750002205372,27.5000003073364,3.));
#3084=CARTESIAN_POINT('',(217.750002205372,-55.,3.5));
#3085=CARTESIAN_POINT('Origin',(200.,6.14672899246216E-7,3.5));
#3086=CARTESIAN_POINT('Origin',(200.000008799796,6.14672899246216E-7,3.));
#3087=CARTESIAN_POINT('',(212.250002205372,-27.4999996926636,3.));
#3088=CARTESIAN_POINT('Origin',(188.250002205372,-55.,0.));
#3089=CARTESIAN_POINT('',(188.250002205372,-27.4999996926636,3.));
#3090=CARTESIAN_POINT('',(188.250002205372,-55.,3.5));
#3091=CARTESIAN_POINT('Origin',(187.750002205372,55.,0.));
#3092=CARTESIAN_POINT('',(187.750002205372,-55.,3.5));
#3093=CARTESIAN_POINT('Origin',(200.,6.14672899246216E-7,3.5));
#3094=CARTESIAN_POINT('Origin',(164.250002205372,-55.,0.));
#3095=CARTESIAN_POINT('',(164.250002205372,-27.4999996926636,3.));
#3096=CARTESIAN_POINT('',(164.250002205372,-55.,3.5));
#3097=CARTESIAN_POINT('Origin',(163.750002205372,55.,0.));
#3098=CARTESIAN_POINT('',(163.750002205372,-55.,3.5));
#3099=CARTESIAN_POINT('Origin',(200.,6.14672899246216E-7,3.5));
#3100=CARTESIAN_POINT('Origin',(176.250002205372,-55.,0.));
#3101=CARTESIAN_POINT('',(176.250002205372,-55.,3.5));
#3102=CARTESIAN_POINT('Origin',(175.750002205372,55.,0.));
#3103=CARTESIAN_POINT('',(175.750002205372,27.5000003073364,3.));
#3104=CARTESIAN_POINT('',(175.750002205372,-55.,3.5));
#3105=CARTESIAN_POINT('Origin',(200.,6.14672899246216E-7,3.5));
#3106=CARTESIAN_POINT('Origin',(200.000008799796,6.14672899246216E-7,3.));
#3107=CARTESIAN_POINT('',(170.250002205372,-27.4999996926636,3.));
#3108=CARTESIAN_POINT('Origin',(206.250002205372,-55.,0.));
#3109=CARTESIAN_POINT('',(206.250002205372,-27.4999996926636,3.));
#3110=CARTESIAN_POINT('',(206.250002205372,-55.,3.5));
#3111=CARTESIAN_POINT('Origin',(205.750002205372,55.,0.));
#3112=CARTESIAN_POINT('',(205.750002205372,27.5000003073364,3.));
#3113=CARTESIAN_POINT('',(205.750002205372,-55.,3.5));
#3114=CARTESIAN_POINT('Origin',(200.,6.14672899246216E-7,3.5));
#3115=CARTESIAN_POINT('Origin',(200.000008799796,6.14672899246216E-7,3.));
#3116=CARTESIAN_POINT('Origin',(230.250002205372,-55.,0.));
#3117=CARTESIAN_POINT('',(230.250002205372,-27.4999996926636,3.));
#3118=CARTESIAN_POINT('',(230.250002205372,-55.,3.5));
#3119=CARTESIAN_POINT('Origin',(229.750002205372,55.,0.));
#3120=CARTESIAN_POINT('',(229.750002205372,27.5000003073364,3.));
#3121=CARTESIAN_POINT('',(229.750002205372,-55.,3.5));
#3122=CARTESIAN_POINT('Origin',(200.,6.14672899246216E-7,3.5));
#3123=CARTESIAN_POINT('Origin',(200.000008799796,6.14672899246216E-7,3.));
#3124=CARTESIAN_POINT('Origin',(236.250002205372,-55.,0.));
#3125=CARTESIAN_POINT('',(236.250002205372,-55.,3.5));
#3126=CARTESIAN_POINT('Origin',(235.750002205372,55.,0.));
#3127=CARTESIAN_POINT('',(235.750002205372,27.5000003073364,3.));
#3128=CARTESIAN_POINT('',(235.750002205372,-55.,3.5));
#3129=CARTESIAN_POINT('Origin',(200.,6.14672899246216E-7,3.5));
#3130=CARTESIAN_POINT('Origin',(200.000008799796,6.14672899246216E-7,3.));
#3131=CARTESIAN_POINT('Origin',(212.250002205372,-55.,0.));
#3132=CARTESIAN_POINT('',(212.250002205372,-55.,3.5));
#3133=CARTESIAN_POINT('Origin',(211.750002205372,55.,0.));
#3134=CARTESIAN_POINT('',(211.750002205372,27.5000003073364,3.));
#3135=CARTESIAN_POINT('',(211.750002205372,-55.,3.5));
#3136=CARTESIAN_POINT('Origin',(200.,6.14672899246216E-7,3.5));
#3137=CARTESIAN_POINT('Origin',(200.000008799796,6.14672899246216E-7,3.));
#3138=CARTESIAN_POINT('Origin',(194.250002205372,-55.,0.));
#3139=CARTESIAN_POINT('',(194.250002205372,-55.,3.5));
#3140=CARTESIAN_POINT('Origin',(193.750002205372,55.,0.));
#3141=CARTESIAN_POINT('',(193.750002205372,27.5000003073364,3.));
#3142=CARTESIAN_POINT('',(193.750002205372,-55.,3.5));
#3143=CARTESIAN_POINT('Origin',(200.,6.14672899246216E-7,3.5));
#3144=CARTESIAN_POINT('Origin',(200.000008799796,6.14672899246216E-7,3.));
#3145=CARTESIAN_POINT('Origin',(170.250002205372,-55.,0.));
#3146=CARTESIAN_POINT('',(170.250002205372,-55.,3.5));
#3147=CARTESIAN_POINT('Origin',(169.750002205372,55.,0.));
#3148=CARTESIAN_POINT('',(169.750002205372,27.5000003073364,3.));
#3149=CARTESIAN_POINT('',(169.750002205372,-55.,3.5));
#3150=CARTESIAN_POINT('Origin',(200.,6.14672899246216E-7,3.5));
#3151=CARTESIAN_POINT('Origin',(200.000008799796,6.14672899246216E-7,3.));
#3152=CARTESIAN_POINT('Origin',(251.375003002584,48.5000007227063,14.));
#3153=CARTESIAN_POINT('',(247.750002205372,50.0000007450581,14.));
#3154=CARTESIAN_POINT('',(249.562502603978,50.0000007450581,14.));
#3155=CARTESIAN_POINT('',(247.750002205372,47.0000007003546,14.));
#3156=CARTESIAN_POINT('',(247.750002205372,55.,14.));
#3157=CARTESIAN_POINT('',(253.18750340119,47.0000007003546,14.));
#3158=CARTESIAN_POINT('Origin',(255.000003799796,47.0000007003546,0.));
#3159=CARTESIAN_POINT('',(247.750002205372,47.0000007003546,20.));
#3160=CARTESIAN_POINT('',(247.750002205372,47.0000007003546,0.));
#3161=CARTESIAN_POINT('',(252.000003755093,47.0000007003546,20.));
#3162=CARTESIAN_POINT('Origin',(200.000008799796,6.14672899246216E-7,3.));
#3163=CARTESIAN_POINT('',(247.750002205372,-11.4999998640269,3.));
#3164=CARTESIAN_POINT('Origin',(251.375003002584,13.500000461936,14.));
#3165=CARTESIAN_POINT('',(247.750002205372,12.0000001788139,14.));
#3166=CARTESIAN_POINT('',(253.18750340119,12.0000001788139,14.));
#3167=CARTESIAN_POINT('',(247.750002205372,15.0000007450581,14.));
#3168=CARTESIAN_POINT('',(249.562502603978,15.0000007450581,14.));
#3169=CARTESIAN_POINT('',(247.750002205372,55.,14.));
#3170=CARTESIAN_POINT('Origin',(255.000003799796,12.0000001788139,0.));
#3171=CARTESIAN_POINT('',(247.750002205372,12.0000001788139,20.));
#3172=CARTESIAN_POINT('',(247.750002205372,12.0000001788139,0.));
#3173=CARTESIAN_POINT('',(252.000003755093,12.0000001788139,20.));
#3174=CARTESIAN_POINT('Origin',(251.375003002584,-21.4999997988343,14.));
#3175=CARTESIAN_POINT('',(247.750002205372,-19.9999992549419,14.));
#3176=CARTESIAN_POINT('',(249.562502603978,-19.9999992549419,14.));
#3177=CARTESIAN_POINT('',(247.750002205372,-23.0000003427267,14.));
#3178=CARTESIAN_POINT('',(247.750002205372,55.,14.));
#3179=CARTESIAN_POINT('',(253.18750340119,-23.0000003427267,14.));
#3180=CARTESIAN_POINT('Origin',(255.000003799796,-23.0000003427267,0.));
#3181=CARTESIAN_POINT('',(247.750002205372,-23.0000003427267,20.));
#3182=CARTESIAN_POINT('',(247.750002205372,-23.0000003427267,0.));
#3183=CARTESIAN_POINT('',(252.000003755093,-23.0000003427267,20.));
#3184=CARTESIAN_POINT('Origin',(247.750002205372,50.0000007450581,0.));
#3185=CARTESIAN_POINT('',(247.750002205372,50.0000007450581,20.));
#3186=CARTESIAN_POINT('',(252.000003755093,50.0000007450581,20.));
#3187=CARTESIAN_POINT('',(247.750002205372,50.0000007450581,0.));
#3188=CARTESIAN_POINT('Origin',(251.375009902482,52.4999940873039,20.));
#3189=CARTESIAN_POINT('',(255.,55.,20.));
#3190=CARTESIAN_POINT('',(247.750002205372,55.,20.));
#3191=CARTESIAN_POINT('Origin',(251.375009902482,-38.9999932714653,20.));
#3192=CARTESIAN_POINT('',(247.750002205372,-55.,20.));
#3193=CARTESIAN_POINT('',(247.750002205372,55.,20.));
#3194=CARTESIAN_POINT('',(247.750002205372,-55.,20.));
#3195=CARTESIAN_POINT('Origin',(247.750002205372,15.0000007450581,0.));
#3196=CARTESIAN_POINT('',(247.750002205372,15.0000007450581,20.));
#3197=CARTESIAN_POINT('',(252.000003755093,15.0000007450581,20.));
#3198=CARTESIAN_POINT('',(247.750002205372,15.0000007450581,0.));
#3199=CARTESIAN_POINT('Origin',(247.750002205372,47.0000007003546,0.));
#3200=CARTESIAN_POINT('',(247.750002205372,-55.,0.));
#3201=CARTESIAN_POINT('',(247.750002205372,-19.9999992549419,20.));
#3202=CARTESIAN_POINT('',(247.750002205372,-19.9999992549419,0.));
#3203=CARTESIAN_POINT('',(247.750002205372,55.,20.));
#3204=CARTESIAN_POINT('',(247.750002205372,55.,20.));
#3205=CARTESIAN_POINT('Origin',(251.375009902482,31.0000007227063,20.));
#3206=CARTESIAN_POINT('Origin',(247.750002205372,-19.9999992549419,0.));
#3207=CARTESIAN_POINT('',(252.000003755093,-19.9999992549419,20.));
#3208=CARTESIAN_POINT('Origin',(251.375009902482,-3.999999538064,20.));
#3209=CARTESIAN_POINT('Origin',(148.62499230289,48.5000007227063,14.));
#3210=CARTESIAN_POINT('',(152.250002205372,47.0000007003546,14.));
#3211=CARTESIAN_POINT('',(144.999996200204,47.0000007003546,14.));
#3212=CARTESIAN_POINT('',(150.437497254131,47.0000007003546,14.));
#3213=CARTESIAN_POINT('',(152.250002205372,50.0000007450581,14.));
#3214=CARTESIAN_POINT('',(152.250002205372,-55.,14.));
#3215=CARTESIAN_POINT('',(144.999996200204,50.0000007450581,14.));
#3216=CARTESIAN_POINT('',(146.812494251547,50.0000007450581,14.));
#3217=CARTESIAN_POINT('',(145.,-55.,14.));
#3218=CARTESIAN_POINT('Origin',(144.999996200204,50.0000007450581,0.));
#3219=CARTESIAN_POINT('',(152.250002205372,50.0000007450581,20.));
#3220=CARTESIAN_POINT('',(152.250002205372,50.0000007450581,0.));
#3221=CARTESIAN_POINT('',(144.999996200204,50.0000007450581,20.));
#3222=CARTESIAN_POINT('',(144.999996200204,50.0000007450581,20.));
#3223=CARTESIAN_POINT('',(144.999996200204,50.0000007450581,0.));
#3224=CARTESIAN_POINT('Origin',(148.62499230289,52.499993472631,20.));
#3225=CARTESIAN_POINT('',(152.250002205372,-55.,20.));
#3226=CARTESIAN_POINT('',(145.,-55.,20.));
#3227=CARTESIAN_POINT('Origin',(148.62499230289,13.500000461936,14.));
#3228=CARTESIAN_POINT('',(152.250002205372,12.0000001788139,14.));
#3229=CARTESIAN_POINT('',(144.999996200204,12.0000001788139,14.));
#3230=CARTESIAN_POINT('',(150.437497254131,12.0000001788139,14.));
#3231=CARTESIAN_POINT('',(152.250002205372,15.0000007450581,14.));
#3232=CARTESIAN_POINT('',(152.250002205372,-55.,14.));
#3233=CARTESIAN_POINT('',(144.999996200204,15.0000007450581,14.));
#3234=CARTESIAN_POINT('',(146.812494251547,15.0000007450581,14.));
#3235=CARTESIAN_POINT('',(145.,-55.,14.));
#3236=CARTESIAN_POINT('Origin',(144.999996200204,15.0000007450581,0.));
#3237=CARTESIAN_POINT('',(152.250002205372,15.0000007450581,20.));
#3238=CARTESIAN_POINT('',(152.250002205372,15.0000007450581,0.));
#3239=CARTESIAN_POINT('',(144.999996200204,15.0000007450581,20.));
#3240=CARTESIAN_POINT('',(144.999996200204,15.0000007450581,20.));
#3241=CARTESIAN_POINT('',(144.999996200204,15.0000007450581,0.));
#3242=CARTESIAN_POINT('Origin',(152.250002205372,47.0000007003546,0.));
#3243=CARTESIAN_POINT('',(144.999996200204,47.0000007003546,20.));
#3244=CARTESIAN_POINT('',(144.999996200204,47.0000007003546,0.));
#3245=CARTESIAN_POINT('',(152.250002205372,47.0000007003546,20.));
#3246=CARTESIAN_POINT('',(147.999996244907,47.0000007003546,20.));
#3247=CARTESIAN_POINT('',(152.250002205372,47.0000007003546,0.));
#3248=CARTESIAN_POINT('Origin',(148.62499230289,31.0000007227063,20.));
#3249=CARTESIAN_POINT('',(152.250002205372,-55.,20.));
#3250=CARTESIAN_POINT('',(145.,-55.,20.));
#3251=CARTESIAN_POINT('Origin',(145.,55.,0.));
#3252=CARTESIAN_POINT('',(144.999996200204,-23.0000003427267,20.));
#3253=CARTESIAN_POINT('',(145.,-55.,20.));
#3254=CARTESIAN_POINT('',(144.999996200204,-23.0000003427267,14.));
#3255=CARTESIAN_POINT('',(144.999996200204,-23.0000003427267,0.));
#3256=CARTESIAN_POINT('',(144.999996200204,-19.9999992549419,14.));
#3257=CARTESIAN_POINT('',(145.,-55.,14.));
#3258=CARTESIAN_POINT('',(144.999996200204,-19.9999992549419,20.));
#3259=CARTESIAN_POINT('',(144.999996200204,-19.9999992549419,0.));
#3260=CARTESIAN_POINT('',(144.999996200204,12.0000001788139,20.));
#3261=CARTESIAN_POINT('',(145.,-55.,20.));
#3262=CARTESIAN_POINT('',(144.999996200204,12.0000001788139,0.));
#3263=CARTESIAN_POINT('Origin',(148.62499730289,-21.4999997988343,14.));
#3264=CARTESIAN_POINT('',(152.249996596947,-23.0000003427267,14.));
#3265=CARTESIAN_POINT('',(150.437496949919,-23.0000003427267,14.));
#3266=CARTESIAN_POINT('',(152.249996596947,-19.9999992549419,14.));
#3267=CARTESIAN_POINT('',(152.250002205372,-55.,14.));
#3268=CARTESIAN_POINT('',(146.812496751547,-19.9999992549419,14.));
#3269=CARTESIAN_POINT('Origin',(144.999996200204,-19.9999992549419,0.));
#3270=CARTESIAN_POINT('',(152.249996596947,-19.9999992549419,20.));
#3271=CARTESIAN_POINT('',(152.249996596947,-19.9999992549419,0.));
#3272=CARTESIAN_POINT('',(144.999996200204,-19.9999992549419,20.));
#3273=CARTESIAN_POINT('Origin',(152.250002205372,-19.9999992549419,0.));
#3274=CARTESIAN_POINT('',(152.250002205372,12.0000001788139,20.));
#3275=CARTESIAN_POINT('',(152.250002205372,12.0000001788139,0.));
#3276=CARTESIAN_POINT('',(152.250002205372,-55.,20.));
#3277=CARTESIAN_POINT('',(152.249996596947,-23.0000003427267,20.));
#3278=CARTESIAN_POINT('',(152.249996596947,-23.0000003427267,0.));
#3279=CARTESIAN_POINT('',(152.250002205372,-55.,20.));
#3280=CARTESIAN_POINT('Origin',(152.250002205372,12.0000001788139,0.));
#3281=CARTESIAN_POINT('',(147.999996244907,12.0000001788139,20.));
#3282=CARTESIAN_POINT('Origin',(148.62499730289,-4.00000044237826,20.));
#3283=CARTESIAN_POINT('Origin',(152.249996596947,-23.0000003427267,0.));
#3284=CARTESIAN_POINT('',(147.999996244907,-23.0000003427267,20.));
#3285=CARTESIAN_POINT('Origin',(148.62499730289,-38.9999923671511,20.));
#3286=CARTESIAN_POINT('Origin',(255.,55.,0.));
#3287=CARTESIAN_POINT('Origin',(247.750002205372,-55.,0.));
#3288=UNCERTAINTY_MEASURE_WITH_UNIT(LENGTH_MEASURE(0.01),#3292,
'DISTANCE_ACCURACY_VALUE',
'Maximum model space distance between geometric entities at asserted c
onnectivities');
#3289=UNCERTAINTY_MEASURE_WITH_UNIT(LENGTH_MEASURE(0.01),#3292,
'DISTANCE_ACCURACY_VALUE',
'Maximum model space distance between geometric entities at asserted c
onnectivities');
#3290=(
GEOMETRIC_REPRESENTATION_CONTEXT(3)
GLOBAL_UNCERTAINTY_ASSIGNED_CONTEXT((#3288))
GLOBAL_UNIT_ASSIGNED_CONTEXT((#3292,#3294,#3295))
REPRESENTATION_CONTEXT('','3D')
);
#3291=(
GEOMETRIC_REPRESENTATION_CONTEXT(3)
GLOBAL_UNCERTAINTY_ASSIGNED_CONTEXT((#3289))
GLOBAL_UNIT_ASSIGNED_CONTEXT((#3292,#3294,#3295))
REPRESENTATION_CONTEXT('','3D')
);
#3292=(
LENGTH_UNIT()
NAMED_UNIT(*)
SI_UNIT(.MILLI.,.METRE.)
);
#3293=(
LENGTH_UNIT()
NAMED_UNIT(*)
SI_UNIT($,.METRE.)
);
#3294=(
NAMED_UNIT(*)
PLANE_ANGLE_UNIT()
SI_UNIT($,.RADIAN.)
);
#3295=(
NAMED_UNIT(*)
SI_UNIT($,.STERADIAN.)
SOLID_ANGLE_UNIT()
);
#3296=SHAPE_DEFINITION_REPRESENTATION(#3297,#3298);
#3297=PRODUCT_DEFINITION_SHAPE('',$,#3300);
#3298=SHAPE_REPRESENTATION('',(#2088),#3290);
#3299=PRODUCT_DEFINITION_CONTEXT('part definition',#3304,'design');
#3300=PRODUCT_DEFINITION('2026-01-26-09-32-51-100',
'TripleTray_v2_June25_2026',#3301,#3299);
#3301=PRODUCT_DEFINITION_FORMATION('',$,#3306);
#3302=PRODUCT_RELATED_PRODUCT_CATEGORY('TripleTray_v2_June25_2026',
'TripleTray_v2_June25_2026',(#3306));
#3303=APPLICATION_PROTOCOL_DEFINITION('international standard',
'automotive_design',2009,#3304);
#3304=APPLICATION_CONTEXT(
'Core Data for Automotive Mechanical Design Process');
#3305=PRODUCT_CONTEXT('part definition',#3304,'mechanical');
#3306=PRODUCT('2026-01-26-09-32-51-100','TripleTray_v2_June25_2026',$,(#3305));
#3307=PRESENTATION_STYLE_ASSIGNMENT((#3308));
#3308=SURFACE_STYLE_USAGE(.BOTH.,#3309);
#3309=SURFACE_SIDE_STYLE('',(#3310));
#3310=SURFACE_STYLE_FILL_AREA(#3311);
#3311=FILL_AREA_STYLE('Steel - Satin',(#3312));
#3312=FILL_AREA_STYLE_COLOUR('Steel - Satin',#3313);
#3313=COLOUR_RGB('Steel - Satin',0.627450980392157,0.627450980392157,0.627450980392157);
ENDSEC;
END-ISO-10303-21;
