ISO-10303-21;
HEADER;
/* Generated by software containing ST-Developer
 * from STEP Tools, Inc. (www.steptools.com) 
 */

FILE_DESCRIPTION(
/* description */ (''),
/* implementation_level */ '2;1');

FILE_NAME(
/* name */ 'Tray_double_EZ-Phoresis.step',
/* time_stamp */ '2026-09-10T19:22:52+03:00',
/* author */ (''),
/* organization */ (''),
/* preprocessor_version */ 'ST-DEVELOPER v20.2',
/* originating_system */ 'Autodesk Translation Framework v15.15.0.0',
/* authorisation */ '');

FILE_SCHEMA (('AUTOMOTIVE_DESIGN { 1 0 10303 214 3 1 1 }'));
ENDSEC;

DATA;
#10=MECHANICAL_DESIGN_GEOMETRIC_PRESENTATION_REPRESENTATION('',(#13),#3117);
#11=SHAPE_REPRESENTATION_RELATIONSHIP('SRR','None',#3124,#12);
#12=ADVANCED_BREP_SHAPE_REPRESENTATION('',(#14),#3116);
#13=STYLED_ITEM('',(#3133),#14);
#14=MANIFOLD_SOLID_BREP('Tray',#1967);
#15=PLANE('',#1986);
#16=PLANE('',#1987);
#17=PLANE('',#1988);
#18=PLANE('',#1992);
#19=PLANE('',#1993);
#20=PLANE('',#1994);
#21=PLANE('',#1995);
#22=PLANE('',#1996);
#23=PLANE('',#1997);
#24=PLANE('',#1998);
#25=PLANE('',#1999);
#26=PLANE('',#2000);
#27=PLANE('',#2001);
#28=PLANE('',#2002);
#29=PLANE('',#2003);
#30=PLANE('',#2004);
#31=PLANE('',#2005);
#32=PLANE('',#2006);
#33=PLANE('',#2007);
#34=PLANE('',#2008);
#35=PLANE('',#2009);
#36=PLANE('',#2010);
#37=PLANE('',#2011);
#38=PLANE('',#2012);
#39=PLANE('',#2013);
#40=PLANE('',#2014);
#41=PLANE('',#2015);
#42=PLANE('',#2016);
#43=PLANE('',#2017);
#44=PLANE('',#2018);
#45=PLANE('',#2019);
#46=PLANE('',#2020);
#47=PLANE('',#2021);
#48=PLANE('',#2022);
#49=PLANE('',#2023);
#50=PLANE('',#2024);
#51=PLANE('',#2025);
#52=PLANE('',#2026);
#53=PLANE('',#2027);
#54=PLANE('',#2028);
#55=PLANE('',#2029);
#56=PLANE('',#2030);
#57=PLANE('',#2031);
#58=PLANE('',#2032);
#59=PLANE('',#2033);
#60=PLANE('',#2034);
#61=PLANE('',#2035);
#62=PLANE('',#2036);
#63=PLANE('',#2037);
#64=PLANE('',#2038);
#65=PLANE('',#2039);
#66=PLANE('',#2040);
#67=PLANE('',#2041);
#68=PLANE('',#2042);
#69=PLANE('',#2043);
#70=PLANE('',#2044);
#71=PLANE('',#2045);
#72=PLANE('',#2046);
#73=PLANE('',#2047);
#74=PLANE('',#2048);
#75=PLANE('',#2049);
#76=PLANE('',#2050);
#77=PLANE('',#2051);
#78=PLANE('',#2052);
#79=PLANE('',#2053);
#80=PLANE('',#2054);
#81=PLANE('',#2055);
#82=PLANE('',#2056);
#83=PLANE('',#2057);
#84=PLANE('',#2058);
#85=PLANE('',#2059);
#86=PLANE('',#2060);
#87=PLANE('',#2061);
#88=PLANE('',#2062);
#89=PLANE('',#2063);
#90=PLANE('',#2064);
#91=PLANE('',#2065);
#92=PLANE('',#2066);
#93=PLANE('',#2067);
#94=PLANE('',#2068);
#95=PLANE('',#2069);
#96=PLANE('',#2070);
#97=PLANE('',#2071);
#98=PLANE('',#2072);
#99=PLANE('',#2073);
#100=PLANE('',#2074);
#101=PLANE('',#2075);
#102=PLANE('',#2076);
#103=PLANE('',#2077);
#104=PLANE('',#2078);
#105=FACE_OUTER_BOUND('',#197,.T.);
#106=FACE_OUTER_BOUND('',#198,.T.);
#107=FACE_OUTER_BOUND('',#199,.T.);
#108=FACE_OUTER_BOUND('',#200,.T.);
#109=FACE_OUTER_BOUND('',#201,.T.);
#110=FACE_OUTER_BOUND('',#202,.T.);
#111=FACE_OUTER_BOUND('',#203,.T.);
#112=FACE_OUTER_BOUND('',#204,.T.);
#113=FACE_OUTER_BOUND('',#205,.T.);
#114=FACE_OUTER_BOUND('',#206,.T.);
#115=FACE_OUTER_BOUND('',#207,.T.);
#116=FACE_OUTER_BOUND('',#208,.T.);
#117=FACE_OUTER_BOUND('',#209,.T.);
#118=FACE_OUTER_BOUND('',#210,.T.);
#119=FACE_OUTER_BOUND('',#211,.T.);
#120=FACE_OUTER_BOUND('',#212,.T.);
#121=FACE_OUTER_BOUND('',#213,.T.);
#122=FACE_OUTER_BOUND('',#214,.T.);
#123=FACE_OUTER_BOUND('',#215,.T.);
#124=FACE_OUTER_BOUND('',#216,.T.);
#125=FACE_OUTER_BOUND('',#217,.T.);
#126=FACE_OUTER_BOUND('',#218,.T.);
#127=FACE_OUTER_BOUND('',#219,.T.);
#128=FACE_OUTER_BOUND('',#220,.T.);
#129=FACE_OUTER_BOUND('',#221,.T.);
#130=FACE_OUTER_BOUND('',#222,.T.);
#131=FACE_OUTER_BOUND('',#223,.T.);
#132=FACE_OUTER_BOUND('',#224,.T.);
#133=FACE_OUTER_BOUND('',#225,.T.);
#134=FACE_OUTER_BOUND('',#226,.T.);
#135=FACE_OUTER_BOUND('',#227,.T.);
#136=FACE_OUTER_BOUND('',#228,.T.);
#137=FACE_OUTER_BOUND('',#229,.T.);
#138=FACE_OUTER_BOUND('',#230,.T.);
#139=FACE_OUTER_BOUND('',#231,.T.);
#140=FACE_OUTER_BOUND('',#232,.T.);
#141=FACE_OUTER_BOUND('',#233,.T.);
#142=FACE_OUTER_BOUND('',#234,.T.);
#143=FACE_OUTER_BOUND('',#235,.T.);
#144=FACE_OUTER_BOUND('',#236,.T.);
#145=FACE_OUTER_BOUND('',#237,.T.);
#146=FACE_OUTER_BOUND('',#238,.T.);
#147=FACE_OUTER_BOUND('',#239,.T.);
#148=FACE_OUTER_BOUND('',#240,.T.);
#149=FACE_OUTER_BOUND('',#241,.T.);
#150=FACE_OUTER_BOUND('',#242,.T.);
#151=FACE_OUTER_BOUND('',#243,.T.);
#152=FACE_OUTER_BOUND('',#244,.T.);
#153=FACE_OUTER_BOUND('',#245,.T.);
#154=FACE_OUTER_BOUND('',#246,.T.);
#155=FACE_OUTER_BOUND('',#247,.T.);
#156=FACE_OUTER_BOUND('',#248,.T.);
#157=FACE_OUTER_BOUND('',#249,.T.);
#158=FACE_OUTER_BOUND('',#250,.T.);
#159=FACE_OUTER_BOUND('',#251,.T.);
#160=FACE_OUTER_BOUND('',#252,.T.);
#161=FACE_OUTER_BOUND('',#253,.T.);
#162=FACE_OUTER_BOUND('',#254,.T.);
#163=FACE_OUTER_BOUND('',#255,.T.);
#164=FACE_OUTER_BOUND('',#256,.T.);
#165=FACE_OUTER_BOUND('',#257,.T.);
#166=FACE_OUTER_BOUND('',#258,.T.);
#167=FACE_OUTER_BOUND('',#259,.T.);
#168=FACE_OUTER_BOUND('',#260,.T.);
#169=FACE_OUTER_BOUND('',#261,.T.);
#170=FACE_OUTER_BOUND('',#262,.T.);
#171=FACE_OUTER_BOUND('',#263,.T.);
#172=FACE_OUTER_BOUND('',#264,.T.);
#173=FACE_OUTER_BOUND('',#265,.T.);
#174=FACE_OUTER_BOUND('',#266,.T.);
#175=FACE_OUTER_BOUND('',#267,.T.);
#176=FACE_OUTER_BOUND('',#268,.T.);
#177=FACE_OUTER_BOUND('',#269,.T.);
#178=FACE_OUTER_BOUND('',#270,.T.);
#179=FACE_OUTER_BOUND('',#271,.T.);
#180=FACE_OUTER_BOUND('',#272,.T.);
#181=FACE_OUTER_BOUND('',#273,.T.);
#182=FACE_OUTER_BOUND('',#274,.T.);
#183=FACE_OUTER_BOUND('',#275,.T.);
#184=FACE_OUTER_BOUND('',#276,.T.);
#185=FACE_OUTER_BOUND('',#277,.T.);
#186=FACE_OUTER_BOUND('',#278,.T.);
#187=FACE_OUTER_BOUND('',#279,.T.);
#188=FACE_OUTER_BOUND('',#280,.T.);
#189=FACE_OUTER_BOUND('',#281,.T.);
#190=FACE_OUTER_BOUND('',#282,.T.);
#191=FACE_OUTER_BOUND('',#283,.T.);
#192=FACE_OUTER_BOUND('',#284,.T.);
#193=FACE_OUTER_BOUND('',#285,.T.);
#194=FACE_OUTER_BOUND('',#286,.T.);
#195=FACE_OUTER_BOUND('',#287,.T.);
#196=FACE_OUTER_BOUND('',#288,.T.);
#197=EDGE_LOOP('',(#1313,#1314,#1315,#1316,#1317,#1318));
#198=EDGE_LOOP('',(#1319,#1320,#1321,#1322));
#199=EDGE_LOOP('',(#1323,#1324,#1325,#1326,#1327,#1328));
#200=EDGE_LOOP('',(#1329,#1330,#1331,#1332,#1333,#1334,#1335,#1336,#1337,
#1338,#1339,#1340,#1341,#1342));
#201=EDGE_LOOP('',(#1343,#1344,#1345,#1346));
#202=EDGE_LOOP('',(#1347,#1348,#1349,#1350,#1351,#1352));
#203=EDGE_LOOP('',(#1353,#1354,#1355,#1356,#1357,#1358,#1359,#1360,#1361,
#1362,#1363,#1364,#1365,#1366,#1367,#1368,#1369,#1370,#1371,#1372,#1373,
#1374,#1375,#1376,#1377,#1378,#1379,#1380,#1381,#1382,#1383,#1384,#1385,
#1386,#1387,#1388,#1389,#1390,#1391,#1392,#1393,#1394,#1395,#1396,#1397,
#1398,#1399,#1400,#1401,#1402,#1403,#1404,#1405,#1406,#1407,#1408,#1409,
#1410,#1411,#1412,#1413,#1414,#1415,#1416,#1417,#1418,#1419));
#204=EDGE_LOOP('',(#1420,#1421,#1422,#1423));
#205=EDGE_LOOP('',(#1424,#1425,#1426,#1427));
#206=EDGE_LOOP('',(#1428,#1429,#1430,#1431));
#207=EDGE_LOOP('',(#1432,#1433,#1434,#1435,#1436,#1437,#1438,#1439,#1440,
#1441,#1442,#1443,#1444,#1445,#1446,#1447,#1448,#1449,#1450,#1451,#1452,
#1453,#1454,#1455,#1456,#1457,#1458,#1459,#1460,#1461,#1462,#1463,#1464,
#1465,#1466,#1467,#1468,#1469,#1470,#1471,#1472,#1473,#1474,#1475,#1476,
#1477,#1478,#1479,#1480,#1481,#1482,#1483,#1484,#1485,#1486,#1487,#1488,
#1489,#1490,#1491,#1492,#1493,#1494,#1495,#1496,#1497,#1498));
#208=EDGE_LOOP('',(#1499,#1500,#1501,#1502));
#209=EDGE_LOOP('',(#1503,#1504,#1505,#1506,#1507,#1508,#1509,#1510,#1511,
#1512));
#210=EDGE_LOOP('',(#1513,#1514,#1515,#1516));
#211=EDGE_LOOP('',(#1517,#1518,#1519,#1520));
#212=EDGE_LOOP('',(#1521,#1522,#1523,#1524));
#213=EDGE_LOOP('',(#1525,#1526,#1527,#1528));
#214=EDGE_LOOP('',(#1529,#1530,#1531,#1532));
#215=EDGE_LOOP('',(#1533,#1534,#1535,#1536));
#216=EDGE_LOOP('',(#1537,#1538,#1539,#1540));
#217=EDGE_LOOP('',(#1541,#1542,#1543,#1544));
#218=EDGE_LOOP('',(#1545,#1546,#1547,#1548));
#219=EDGE_LOOP('',(#1549,#1550,#1551,#1552));
#220=EDGE_LOOP('',(#1553,#1554,#1555,#1556));
#221=EDGE_LOOP('',(#1557,#1558,#1559,#1560));
#222=EDGE_LOOP('',(#1561,#1562,#1563,#1564));
#223=EDGE_LOOP('',(#1565,#1566,#1567,#1568));
#224=EDGE_LOOP('',(#1569,#1570,#1571,#1572));
#225=EDGE_LOOP('',(#1573,#1574,#1575,#1576));
#226=EDGE_LOOP('',(#1577,#1578,#1579,#1580));
#227=EDGE_LOOP('',(#1581,#1582,#1583,#1584));
#228=EDGE_LOOP('',(#1585,#1586,#1587,#1588));
#229=EDGE_LOOP('',(#1589,#1590,#1591,#1592));
#230=EDGE_LOOP('',(#1593,#1594,#1595,#1596));
#231=EDGE_LOOP('',(#1597,#1598,#1599,#1600));
#232=EDGE_LOOP('',(#1601,#1602,#1603,#1604));
#233=EDGE_LOOP('',(#1605,#1606,#1607,#1608));
#234=EDGE_LOOP('',(#1609,#1610,#1611,#1612));
#235=EDGE_LOOP('',(#1613,#1614,#1615,#1616));
#236=EDGE_LOOP('',(#1617,#1618,#1619,#1620));
#237=EDGE_LOOP('',(#1621,#1622,#1623,#1624));
#238=EDGE_LOOP('',(#1625,#1626,#1627,#1628));
#239=EDGE_LOOP('',(#1629,#1630,#1631,#1632));
#240=EDGE_LOOP('',(#1633,#1634,#1635,#1636));
#241=EDGE_LOOP('',(#1637,#1638,#1639,#1640));
#242=EDGE_LOOP('',(#1641,#1642,#1643,#1644));
#243=EDGE_LOOP('',(#1645,#1646,#1647,#1648));
#244=EDGE_LOOP('',(#1649,#1650,#1651,#1652));
#245=EDGE_LOOP('',(#1653,#1654,#1655,#1656));
#246=EDGE_LOOP('',(#1657,#1658,#1659,#1660));
#247=EDGE_LOOP('',(#1661,#1662,#1663,#1664));
#248=EDGE_LOOP('',(#1665,#1666,#1667,#1668));
#249=EDGE_LOOP('',(#1669,#1670,#1671,#1672));
#250=EDGE_LOOP('',(#1673,#1674,#1675,#1676));
#251=EDGE_LOOP('',(#1677,#1678,#1679,#1680));
#252=EDGE_LOOP('',(#1681,#1682,#1683,#1684));
#253=EDGE_LOOP('',(#1685,#1686,#1687,#1688));
#254=EDGE_LOOP('',(#1689,#1690,#1691,#1692));
#255=EDGE_LOOP('',(#1693,#1694,#1695,#1696));
#256=EDGE_LOOP('',(#1697,#1698,#1699,#1700));
#257=EDGE_LOOP('',(#1701,#1702,#1703,#1704));
#258=EDGE_LOOP('',(#1705,#1706,#1707,#1708));
#259=EDGE_LOOP('',(#1709,#1710,#1711,#1712));
#260=EDGE_LOOP('',(#1713,#1714,#1715,#1716));
#261=EDGE_LOOP('',(#1717,#1718,#1719,#1720));
#262=EDGE_LOOP('',(#1721,#1722,#1723,#1724));
#263=EDGE_LOOP('',(#1725,#1726,#1727,#1728));
#264=EDGE_LOOP('',(#1729,#1730,#1731,#1732));
#265=EDGE_LOOP('',(#1733,#1734,#1735,#1736));
#266=EDGE_LOOP('',(#1737,#1738,#1739,#1740));
#267=EDGE_LOOP('',(#1741,#1742,#1743,#1744));
#268=EDGE_LOOP('',(#1745,#1746,#1747,#1748));
#269=EDGE_LOOP('',(#1749,#1750,#1751,#1752));
#270=EDGE_LOOP('',(#1753,#1754,#1755,#1756));
#271=EDGE_LOOP('',(#1757,#1758,#1759,#1760,#1761));
#272=EDGE_LOOP('',(#1762,#1763,#1764,#1765,#1766,#1767,#1768));
#273=EDGE_LOOP('',(#1769,#1770,#1771,#1772));
#274=EDGE_LOOP('',(#1773,#1774,#1775,#1776,#1777,#1778,#1779,#1780,#1781,
#1782,#1783,#1784));
#275=EDGE_LOOP('',(#1785,#1786,#1787,#1788));
#276=EDGE_LOOP('',(#1789,#1790,#1791,#1792));
#277=EDGE_LOOP('',(#1793,#1794,#1795,#1796));
#278=EDGE_LOOP('',(#1797,#1798,#1799,#1800));
#279=EDGE_LOOP('',(#1801,#1802,#1803,#1804));
#280=EDGE_LOOP('',(#1805,#1806,#1807,#1808));
#281=EDGE_LOOP('',(#1809,#1810,#1811,#1812));
#282=EDGE_LOOP('',(#1813,#1814,#1815,#1816));
#283=EDGE_LOOP('',(#1817,#1818,#1819,#1820,#1821,#1822,#1823,#1824,#1825,
#1826,#1827,#1828,#1829,#1830));
#284=EDGE_LOOP('',(#1831,#1832,#1833,#1834,#1835,#1836,#1837,#1838,#1839,
#1840,#1841,#1842,#1843,#1844,#1845,#1846,#1847,#1848,#1849,#1850));
#285=EDGE_LOOP('',(#1851,#1852,#1853,#1854));
#286=EDGE_LOOP('',(#1855,#1856,#1857,#1858,#1859,#1860,#1861,#1862));
#287=EDGE_LOOP('',(#1863,#1864,#1865,#1866));
#288=EDGE_LOOP('',(#1867,#1868,#1869,#1870,#1871,#1872));
#289=CIRCLE('',#1982,5.00000000000021);
#290=CIRCLE('',#1983,5.);
#291=CIRCLE('',#1984,5.);
#292=CIRCLE('',#1985,5.00000000000021);
#293=CIRCLE('',#1990,5.);
#294=CIRCLE('',#1991,5.);
#295=LINE('',#2555,#569);
#296=LINE('',#2561,#570);
#297=LINE('',#2567,#571);
#298=LINE('',#2569,#572);
#299=LINE('',#2570,#573);
#300=LINE('',#2573,#574);
#301=LINE('',#2575,#575);
#302=LINE('',#2577,#576);
#303=LINE('',#2579,#577);
#304=LINE('',#2580,#578);
#305=LINE('',#2583,#579);
#306=LINE('',#2585,#580);
#307=LINE('',#2587,#581);
#308=LINE('',#2589,#582);
#309=LINE('',#2591,#583);
#310=LINE('',#2593,#584);
#311=LINE('',#2595,#585);
#312=LINE('',#2597,#586);
#313=LINE('',#2599,#587);
#314=LINE('',#2601,#588);
#315=LINE('',#2603,#589);
#316=LINE('',#2604,#590);
#317=LINE('',#2610,#591);
#318=LINE('',#2613,#592);
#319=LINE('',#2616,#593);
#320=LINE('',#2617,#594);
#321=LINE('',#2618,#595);
#322=LINE('',#2621,#596);
#323=LINE('',#2623,#597);
#324=LINE('',#2625,#598);
#325=LINE('',#2627,#599);
#326=LINE('',#2629,#600);
#327=LINE('',#2631,#601);
#328=LINE('',#2633,#602);
#329=LINE('',#2635,#603);
#330=LINE('',#2637,#604);
#331=LINE('',#2639,#605);
#332=LINE('',#2641,#606);
#333=LINE('',#2643,#607);
#334=LINE('',#2645,#608);
#335=LINE('',#2647,#609);
#336=LINE('',#2649,#610);
#337=LINE('',#2651,#611);
#338=LINE('',#2653,#612);
#339=LINE('',#2655,#613);
#340=LINE('',#2657,#614);
#341=LINE('',#2659,#615);
#342=LINE('',#2661,#616);
#343=LINE('',#2663,#617);
#344=LINE('',#2665,#618);
#345=LINE('',#2667,#619);
#346=LINE('',#2669,#620);
#347=LINE('',#2671,#621);
#348=LINE('',#2673,#622);
#349=LINE('',#2675,#623);
#350=LINE('',#2677,#624);
#351=LINE('',#2679,#625);
#352=LINE('',#2681,#626);
#353=LINE('',#2683,#627);
#354=LINE('',#2685,#628);
#355=LINE('',#2687,#629);
#356=LINE('',#2689,#630);
#357=LINE('',#2691,#631);
#358=LINE('',#2693,#632);
#359=LINE('',#2695,#633);
#360=LINE('',#2697,#634);
#361=LINE('',#2699,#635);
#362=LINE('',#2701,#636);
#363=LINE('',#2703,#637);
#364=LINE('',#2705,#638);
#365=LINE('',#2707,#639);
#366=LINE('',#2709,#640);
#367=LINE('',#2711,#641);
#368=LINE('',#2713,#642);
#369=LINE('',#2715,#643);
#370=LINE('',#2717,#644);
#371=LINE('',#2719,#645);
#372=LINE('',#2721,#646);
#373=LINE('',#2723,#647);
#374=LINE('',#2725,#648);
#375=LINE('',#2727,#649);
#376=LINE('',#2729,#650);
#377=LINE('',#2731,#651);
#378=LINE('',#2733,#652);
#379=LINE('',#2735,#653);
#380=LINE('',#2737,#654);
#381=LINE('',#2739,#655);
#382=LINE('',#2741,#656);
#383=LINE('',#2743,#657);
#384=LINE('',#2745,#658);
#385=LINE('',#2746,#659);
#386=LINE('',#2749,#660);
#387=LINE('',#2751,#661);
#388=LINE('',#2752,#662);
#389=LINE('',#2755,#663);
#390=LINE('',#2757,#664);
#391=LINE('',#2758,#665);
#392=LINE('',#2760,#666);
#393=LINE('',#2763,#667);
#394=LINE('',#2765,#668);
#395=LINE('',#2767,#669);
#396=LINE('',#2769,#670);
#397=LINE('',#2771,#671);
#398=LINE('',#2773,#672);
#399=LINE('',#2775,#673);
#400=LINE('',#2777,#674);
#401=LINE('',#2779,#675);
#402=LINE('',#2781,#676);
#403=LINE('',#2783,#677);
#404=LINE('',#2785,#678);
#405=LINE('',#2787,#679);
#406=LINE('',#2789,#680);
#407=LINE('',#2791,#681);
#408=LINE('',#2793,#682);
#409=LINE('',#2795,#683);
#410=LINE('',#2797,#684);
#411=LINE('',#2799,#685);
#412=LINE('',#2801,#686);
#413=LINE('',#2803,#687);
#414=LINE('',#2805,#688);
#415=LINE('',#2807,#689);
#416=LINE('',#2809,#690);
#417=LINE('',#2811,#691);
#418=LINE('',#2813,#692);
#419=LINE('',#2815,#693);
#420=LINE('',#2817,#694);
#421=LINE('',#2819,#695);
#422=LINE('',#2821,#696);
#423=LINE('',#2823,#697);
#424=LINE('',#2825,#698);
#425=LINE('',#2827,#699);
#426=LINE('',#2829,#700);
#427=LINE('',#2831,#701);
#428=LINE('',#2833,#702);
#429=LINE('',#2835,#703);
#430=LINE('',#2837,#704);
#431=LINE('',#2839,#705);
#432=LINE('',#2841,#706);
#433=LINE('',#2843,#707);
#434=LINE('',#2845,#708);
#435=LINE('',#2847,#709);
#436=LINE('',#2849,#710);
#437=LINE('',#2851,#711);
#438=LINE('',#2853,#712);
#439=LINE('',#2855,#713);
#440=LINE('',#2857,#714);
#441=LINE('',#2859,#715);
#442=LINE('',#2861,#716);
#443=LINE('',#2863,#717);
#444=LINE('',#2865,#718);
#445=LINE('',#2867,#719);
#446=LINE('',#2869,#720);
#447=LINE('',#2871,#721);
#448=LINE('',#2873,#722);
#449=LINE('',#2875,#723);
#450=LINE('',#2876,#724);
#451=LINE('',#2878,#725);
#452=LINE('',#2880,#726);
#453=LINE('',#2882,#727);
#454=LINE('',#2883,#728);
#455=LINE('',#2885,#729);
#456=LINE('',#2888,#730);
#457=LINE('',#2890,#731);
#458=LINE('',#2892,#732);
#459=LINE('',#2894,#733);
#460=LINE('',#2896,#734);
#461=LINE('',#2898,#735);
#462=LINE('',#2899,#736);
#463=LINE('',#2901,#737);
#464=LINE('',#2902,#738);
#465=LINE('',#2904,#739);
#466=LINE('',#2905,#740);
#467=LINE('',#2908,#741);
#468=LINE('',#2910,#742);
#469=LINE('',#2912,#743);
#470=LINE('',#2913,#744);
#471=LINE('',#2915,#745);
#472=LINE('',#2916,#746);
#473=LINE('',#2919,#747);
#474=LINE('',#2921,#748);
#475=LINE('',#2922,#749);
#476=LINE('',#2924,#750);
#477=LINE('',#2925,#751);
#478=LINE('',#2928,#752);
#479=LINE('',#2930,#753);
#480=LINE('',#2931,#754);
#481=LINE('',#2933,#755);
#482=LINE('',#2934,#756);
#483=LINE('',#2937,#757);
#484=LINE('',#2939,#758);
#485=LINE('',#2941,#759);
#486=LINE('',#2942,#760);
#487=LINE('',#2945,#761);
#488=LINE('',#2947,#762);
#489=LINE('',#2948,#763);
#490=LINE('',#2950,#764);
#491=LINE('',#2953,#765);
#492=LINE('',#2954,#766);
#493=LINE('',#2956,#767);
#494=LINE('',#2959,#768);
#495=LINE('',#2961,#769);
#496=LINE('',#2962,#770);
#497=LINE('',#2965,#771);
#498=LINE('',#2967,#772);
#499=LINE('',#2968,#773);
#500=LINE('',#2970,#774);
#501=LINE('',#2971,#775);
#502=LINE('',#2975,#776);
#503=LINE('',#2976,#777);
#504=LINE('',#2978,#778);
#505=LINE('',#2979,#779);
#506=LINE('',#2983,#780);
#507=LINE('',#2985,#781);
#508=LINE('',#2986,#782);
#509=LINE('',#2990,#783);
#510=LINE('',#2992,#784);
#511=LINE('',#2993,#785);
#512=LINE('',#2997,#786);
#513=LINE('',#2999,#787);
#514=LINE('',#3000,#788);
#515=LINE('',#3004,#789);
#516=LINE('',#3006,#790);
#517=LINE('',#3007,#791);
#518=LINE('',#3012,#792);
#519=LINE('',#3014,#793);
#520=LINE('',#3015,#794);
#521=LINE('',#3018,#795);
#522=LINE('',#3019,#796);
#523=LINE('',#3021,#797);
#524=LINE('',#3024,#798);
#525=LINE('',#3026,#799);
#526=LINE('',#3027,#800);
#527=LINE('',#3030,#801);
#528=LINE('',#3031,#802);
#529=LINE('',#3034,#803);
#530=LINE('',#3035,#804);
#531=LINE('',#3037,#805);
#532=LINE('',#3038,#806);
#533=LINE('',#3041,#807);
#534=LINE('',#3042,#808);
#535=LINE('',#3045,#809);
#536=LINE('',#3046,#810);
#537=LINE('',#3048,#811);
#538=LINE('',#3049,#812);
#539=LINE('',#3054,#813);
#540=LINE('',#3056,#814);
#541=LINE('',#3058,#815);
#542=LINE('',#3059,#816);
#543=LINE('',#3062,#817);
#544=LINE('',#3064,#818);
#545=LINE('',#3065,#819);
#546=LINE('',#3067,#820);
#547=LINE('',#3068,#821);
#548=LINE('',#3072,#822);
#549=LINE('',#3074,#823);
#550=LINE('',#3076,#824);
#551=LINE('',#3077,#825);
#552=LINE('',#3080,#826);
#553=LINE('',#3082,#827);
#554=LINE('',#3083,#828);
#555=LINE('',#3086,#829);
#556=LINE('',#3088,#830);
#557=LINE('',#3089,#831);
#558=LINE('',#3091,#832);
#559=LINE('',#3092,#833);
#560=LINE('',#3095,#834);
#561=LINE('',#3097,#835);
#562=LINE('',#3099,#836);
#563=LINE('',#3100,#837);
#564=LINE('',#3103,#838);
#565=LINE('',#3105,#839);
#566=LINE('',#3107,#840);
#567=LINE('',#3108,#841);
#568=LINE('',#3110,#842);
#569=VECTOR('',#2083,10.);
#570=VECTOR('',#2088,10.);
#571=VECTOR('',#2095,10.);
#572=VECTOR('',#2096,10.);
#573=VECTOR('',#2097,10.);
#574=VECTOR('',#2100,10.);
#575=VECTOR('',#2101,10.);
#576=VECTOR('',#2102,10.);
#577=VECTOR('',#2103,10.);
#578=VECTOR('',#2104,10.);
#579=VECTOR('',#2107,10.);
#580=VECTOR('',#2108,10.);
#581=VECTOR('',#2109,10.);
#582=VECTOR('',#2110,10.);
#583=VECTOR('',#2111,10.);
#584=VECTOR('',#2112,10.);
#585=VECTOR('',#2113,10.);
#586=VECTOR('',#2114,10.);
#587=VECTOR('',#2115,10.);
#588=VECTOR('',#2116,10.);
#589=VECTOR('',#2117,10.);
#590=VECTOR('',#2118,10.);
#591=VECTOR('',#2123,10.);
#592=VECTOR('',#2126,10.);
#593=VECTOR('',#2129,10.);
#594=VECTOR('',#2130,10.);
#595=VECTOR('',#2131,10.);
#596=VECTOR('',#2134,10.);
#597=VECTOR('',#2135,10.);
#598=VECTOR('',#2136,10.);
#599=VECTOR('',#2137,10.);
#600=VECTOR('',#2138,10.);
#601=VECTOR('',#2139,10.);
#602=VECTOR('',#2140,10.);
#603=VECTOR('',#2141,10.);
#604=VECTOR('',#2142,10.);
#605=VECTOR('',#2143,10.);
#606=VECTOR('',#2144,10.);
#607=VECTOR('',#2145,10.);
#608=VECTOR('',#2146,10.);
#609=VECTOR('',#2147,10.);
#610=VECTOR('',#2148,10.);
#611=VECTOR('',#2149,10.);
#612=VECTOR('',#2150,10.);
#613=VECTOR('',#2151,10.);
#614=VECTOR('',#2152,10.);
#615=VECTOR('',#2153,10.);
#616=VECTOR('',#2154,10.);
#617=VECTOR('',#2155,10.);
#618=VECTOR('',#2156,10.);
#619=VECTOR('',#2157,10.);
#620=VECTOR('',#2158,10.);
#621=VECTOR('',#2159,10.);
#622=VECTOR('',#2160,10.);
#623=VECTOR('',#2161,10.);
#624=VECTOR('',#2162,10.);
#625=VECTOR('',#2163,10.);
#626=VECTOR('',#2164,10.);
#627=VECTOR('',#2165,10.);
#628=VECTOR('',#2166,10.);
#629=VECTOR('',#2167,10.);
#630=VECTOR('',#2168,10.);
#631=VECTOR('',#2169,10.);
#632=VECTOR('',#2170,10.);
#633=VECTOR('',#2171,10.);
#634=VECTOR('',#2172,10.);
#635=VECTOR('',#2173,10.);
#636=VECTOR('',#2174,10.);
#637=VECTOR('',#2175,10.);
#638=VECTOR('',#2176,10.);
#639=VECTOR('',#2177,10.);
#640=VECTOR('',#2178,10.);
#641=VECTOR('',#2179,10.);
#642=VECTOR('',#2180,10.);
#643=VECTOR('',#2181,10.);
#644=VECTOR('',#2182,10.);
#645=VECTOR('',#2183,10.);
#646=VECTOR('',#2184,10.);
#647=VECTOR('',#2185,10.);
#648=VECTOR('',#2186,10.);
#649=VECTOR('',#2187,10.);
#650=VECTOR('',#2188,10.);
#651=VECTOR('',#2189,10.);
#652=VECTOR('',#2190,10.);
#653=VECTOR('',#2191,10.);
#654=VECTOR('',#2192,10.);
#655=VECTOR('',#2193,10.);
#656=VECTOR('',#2194,10.);
#657=VECTOR('',#2195,10.);
#658=VECTOR('',#2196,10.);
#659=VECTOR('',#2197,10.);
#660=VECTOR('',#2200,10.);
#661=VECTOR('',#2201,10.);
#662=VECTOR('',#2202,10.);
#663=VECTOR('',#2205,10.);
#664=VECTOR('',#2206,10.);
#665=VECTOR('',#2207,10.);
#666=VECTOR('',#2210,10.);
#667=VECTOR('',#2213,10.);
#668=VECTOR('',#2214,10.);
#669=VECTOR('',#2215,10.);
#670=VECTOR('',#2216,10.);
#671=VECTOR('',#2217,10.);
#672=VECTOR('',#2218,10.);
#673=VECTOR('',#2219,10.);
#674=VECTOR('',#2220,10.);
#675=VECTOR('',#2221,10.);
#676=VECTOR('',#2222,10.);
#677=VECTOR('',#2223,10.);
#678=VECTOR('',#2224,10.);
#679=VECTOR('',#2225,10.);
#680=VECTOR('',#2226,10.);
#681=VECTOR('',#2227,10.);
#682=VECTOR('',#2228,10.);
#683=VECTOR('',#2229,10.);
#684=VECTOR('',#2230,10.);
#685=VECTOR('',#2231,10.);
#686=VECTOR('',#2232,10.);
#687=VECTOR('',#2233,10.);
#688=VECTOR('',#2234,10.);
#689=VECTOR('',#2235,10.);
#690=VECTOR('',#2236,10.);
#691=VECTOR('',#2237,10.);
#692=VECTOR('',#2238,10.);
#693=VECTOR('',#2239,10.);
#694=VECTOR('',#2240,10.);
#695=VECTOR('',#2241,10.);
#696=VECTOR('',#2242,10.);
#697=VECTOR('',#2243,10.);
#698=VECTOR('',#2244,10.);
#699=VECTOR('',#2245,10.);
#700=VECTOR('',#2246,10.);
#701=VECTOR('',#2247,10.);
#702=VECTOR('',#2248,10.);
#703=VECTOR('',#2249,10.);
#704=VECTOR('',#2250,10.);
#705=VECTOR('',#2251,10.);
#706=VECTOR('',#2252,10.);
#707=VECTOR('',#2253,10.);
#708=VECTOR('',#2254,10.);
#709=VECTOR('',#2255,10.);
#710=VECTOR('',#2256,10.);
#711=VECTOR('',#2257,10.);
#712=VECTOR('',#2258,10.);
#713=VECTOR('',#2259,10.);
#714=VECTOR('',#2260,10.);
#715=VECTOR('',#2261,10.);
#716=VECTOR('',#2262,10.);
#717=VECTOR('',#2263,10.);
#718=VECTOR('',#2264,10.);
#719=VECTOR('',#2265,10.);
#720=VECTOR('',#2266,10.);
#721=VECTOR('',#2267,10.);
#722=VECTOR('',#2268,10.);
#723=VECTOR('',#2269,10.);
#724=VECTOR('',#2270,10.);
#725=VECTOR('',#2271,10.);
#726=VECTOR('',#2272,10.);
#727=VECTOR('',#2273,10.);
#728=VECTOR('',#2274,10.);
#729=VECTOR('',#2277,10.);
#730=VECTOR('',#2280,10.);
#731=VECTOR('',#2281,10.);
#732=VECTOR('',#2282,10.);
#733=VECTOR('',#2283,10.);
#734=VECTOR('',#2284,10.);
#735=VECTOR('',#2285,10.);
#736=VECTOR('',#2286,10.);
#737=VECTOR('',#2289,10.);
#738=VECTOR('',#2290,10.);
#739=VECTOR('',#2293,10.);
#740=VECTOR('',#2294,10.);
#741=VECTOR('',#2299,10.);
#742=VECTOR('',#2302,10.);
#743=VECTOR('',#2305,10.);
#744=VECTOR('',#2306,10.);
#745=VECTOR('',#2309,10.);
#746=VECTOR('',#2310,10.);
#747=VECTOR('',#2315,10.);
#748=VECTOR('',#2318,10.);
#749=VECTOR('',#2319,10.);
#750=VECTOR('',#2322,10.);
#751=VECTOR('',#2323,10.);
#752=VECTOR('',#2328,10.);
#753=VECTOR('',#2331,10.);
#754=VECTOR('',#2332,10.);
#755=VECTOR('',#2335,10.);
#756=VECTOR('',#2336,10.);
#757=VECTOR('',#2341,10.);
#758=VECTOR('',#2344,10.);
#759=VECTOR('',#2347,10.);
#760=VECTOR('',#2348,10.);
#761=VECTOR('',#2353,10.);
#762=VECTOR('',#2356,10.);
#763=VECTOR('',#2357,10.);
#764=VECTOR('',#2360,10.);
#765=VECTOR('',#2365,10.);
#766=VECTOR('',#2366,10.);
#767=VECTOR('',#2369,10.);
#768=VECTOR('',#2374,10.);
#769=VECTOR('',#2377,10.);
#770=VECTOR('',#2378,10.);
#771=VECTOR('',#2383,10.);
#772=VECTOR('',#2386,10.);
#773=VECTOR('',#2387,10.);
#774=VECTOR('',#2390,10.);
#775=VECTOR('',#2391,10.);
#776=VECTOR('',#2398,10.);
#777=VECTOR('',#2399,10.);
#778=VECTOR('',#2402,10.);
#779=VECTOR('',#2403,10.);
#780=VECTOR('',#2410,10.);
#781=VECTOR('',#2413,10.);
#782=VECTOR('',#2414,10.);
#783=VECTOR('',#2421,10.);
#784=VECTOR('',#2424,10.);
#785=VECTOR('',#2425,10.);
#786=VECTOR('',#2432,10.);
#787=VECTOR('',#2435,10.);
#788=VECTOR('',#2436,10.);
#789=VECTOR('',#2443,10.);
#790=VECTOR('',#2446,10.);
#791=VECTOR('',#2447,10.);
#792=VECTOR('',#2454,10.);
#793=VECTOR('',#2455,10.);
#794=VECTOR('',#2456,10.);
#795=VECTOR('',#2459,10.);
#796=VECTOR('',#2460,10.);
#797=VECTOR('',#2463,10.);
#798=VECTOR('',#2466,10.);
#799=VECTOR('',#2467,10.);
#800=VECTOR('',#2468,10.);
#801=VECTOR('',#2471,10.);
#802=VECTOR('',#2472,10.);
#803=VECTOR('',#2475,10.);
#804=VECTOR('',#2476,10.);
#805=VECTOR('',#2479,10.);
#806=VECTOR('',#2480,10.);
#807=VECTOR('',#2483,10.);
#808=VECTOR('',#2484,10.);
#809=VECTOR('',#2487,10.);
#810=VECTOR('',#2488,10.);
#811=VECTOR('',#2491,10.);
#812=VECTOR('',#2492,10.);
#813=VECTOR('',#2497,10.);
#814=VECTOR('',#2498,10.);
#815=VECTOR('',#2499,10.);
#816=VECTOR('',#2500,10.);
#817=VECTOR('',#2503,10.);
#818=VECTOR('',#2504,10.);
#819=VECTOR('',#2505,10.);
#820=VECTOR('',#2508,10.);
#821=VECTOR('',#2509,10.);
#822=VECTOR('',#2512,10.);
#823=VECTOR('',#2513,10.);
#824=VECTOR('',#2514,10.);
#825=VECTOR('',#2515,10.);
#826=VECTOR('',#2518,10.);
#827=VECTOR('',#2519,10.);
#828=VECTOR('',#2520,10.);
#829=VECTOR('',#2523,10.);
#830=VECTOR('',#2524,10.);
#831=VECTOR('',#2525,10.);
#832=VECTOR('',#2528,10.);
#833=VECTOR('',#2529,10.);
#834=VECTOR('',#2532,10.);
#835=VECTOR('',#2533,10.);
#836=VECTOR('',#2534,10.);
#837=VECTOR('',#2535,10.);
#838=VECTOR('',#2538,10.);
#839=VECTOR('',#2539,10.);
#840=VECTOR('',#2540,10.);
#841=VECTOR('',#2541,10.);
#842=VECTOR('',#2544,10.);
#843=VERTEX_POINT('',#2553);
#844=VERTEX_POINT('',#2554);
#845=VERTEX_POINT('',#2556);
#846=VERTEX_POINT('',#2558);
#847=VERTEX_POINT('',#2560);
#848=VERTEX_POINT('',#2562);
#849=VERTEX_POINT('',#2566);
#850=VERTEX_POINT('',#2568);
#851=VERTEX_POINT('',#2572);
#852=VERTEX_POINT('',#2574);
#853=VERTEX_POINT('',#2576);
#854=VERTEX_POINT('',#2578);
#855=VERTEX_POINT('',#2582);
#856=VERTEX_POINT('',#2584);
#857=VERTEX_POINT('',#2586);
#858=VERTEX_POINT('',#2588);
#859=VERTEX_POINT('',#2590);
#860=VERTEX_POINT('',#2592);
#861=VERTEX_POINT('',#2594);
#862=VERTEX_POINT('',#2596);
#863=VERTEX_POINT('',#2598);
#864=VERTEX_POINT('',#2600);
#865=VERTEX_POINT('',#2602);
#866=VERTEX_POINT('',#2606);
#867=VERTEX_POINT('',#2607);
#868=VERTEX_POINT('',#2609);
#869=VERTEX_POINT('',#2611);
#870=VERTEX_POINT('',#2615);
#871=VERTEX_POINT('',#2620);
#872=VERTEX_POINT('',#2622);
#873=VERTEX_POINT('',#2624);
#874=VERTEX_POINT('',#2626);
#875=VERTEX_POINT('',#2628);
#876=VERTEX_POINT('',#2630);
#877=VERTEX_POINT('',#2632);
#878=VERTEX_POINT('',#2634);
#879=VERTEX_POINT('',#2636);
#880=VERTEX_POINT('',#2638);
#881=VERTEX_POINT('',#2640);
#882=VERTEX_POINT('',#2642);
#883=VERTEX_POINT('',#2644);
#884=VERTEX_POINT('',#2646);
#885=VERTEX_POINT('',#2648);
#886=VERTEX_POINT('',#2650);
#887=VERTEX_POINT('',#2652);
#888=VERTEX_POINT('',#2654);
#889=VERTEX_POINT('',#2656);
#890=VERTEX_POINT('',#2658);
#891=VERTEX_POINT('',#2660);
#892=VERTEX_POINT('',#2662);
#893=VERTEX_POINT('',#2664);
#894=VERTEX_POINT('',#2666);
#895=VERTEX_POINT('',#2668);
#896=VERTEX_POINT('',#2670);
#897=VERTEX_POINT('',#2672);
#898=VERTEX_POINT('',#2674);
#899=VERTEX_POINT('',#2676);
#900=VERTEX_POINT('',#2678);
#901=VERTEX_POINT('',#2680);
#902=VERTEX_POINT('',#2682);
#903=VERTEX_POINT('',#2684);
#904=VERTEX_POINT('',#2686);
#905=VERTEX_POINT('',#2688);
#906=VERTEX_POINT('',#2690);
#907=VERTEX_POINT('',#2692);
#908=VERTEX_POINT('',#2694);
#909=VERTEX_POINT('',#2696);
#910=VERTEX_POINT('',#2698);
#911=VERTEX_POINT('',#2700);
#912=VERTEX_POINT('',#2702);
#913=VERTEX_POINT('',#2704);
#914=VERTEX_POINT('',#2706);
#915=VERTEX_POINT('',#2708);
#916=VERTEX_POINT('',#2710);
#917=VERTEX_POINT('',#2712);
#918=VERTEX_POINT('',#2714);
#919=VERTEX_POINT('',#2716);
#920=VERTEX_POINT('',#2718);
#921=VERTEX_POINT('',#2720);
#922=VERTEX_POINT('',#2722);
#923=VERTEX_POINT('',#2724);
#924=VERTEX_POINT('',#2726);
#925=VERTEX_POINT('',#2728);
#926=VERTEX_POINT('',#2730);
#927=VERTEX_POINT('',#2732);
#928=VERTEX_POINT('',#2734);
#929=VERTEX_POINT('',#2736);
#930=VERTEX_POINT('',#2738);
#931=VERTEX_POINT('',#2740);
#932=VERTEX_POINT('',#2742);
#933=VERTEX_POINT('',#2744);
#934=VERTEX_POINT('',#2748);
#935=VERTEX_POINT('',#2750);
#936=VERTEX_POINT('',#2754);
#937=VERTEX_POINT('',#2756);
#938=VERTEX_POINT('',#2762);
#939=VERTEX_POINT('',#2764);
#940=VERTEX_POINT('',#2766);
#941=VERTEX_POINT('',#2768);
#942=VERTEX_POINT('',#2770);
#943=VERTEX_POINT('',#2772);
#944=VERTEX_POINT('',#2774);
#945=VERTEX_POINT('',#2776);
#946=VERTEX_POINT('',#2778);
#947=VERTEX_POINT('',#2780);
#948=VERTEX_POINT('',#2782);
#949=VERTEX_POINT('',#2784);
#950=VERTEX_POINT('',#2786);
#951=VERTEX_POINT('',#2788);
#952=VERTEX_POINT('',#2790);
#953=VERTEX_POINT('',#2792);
#954=VERTEX_POINT('',#2794);
#955=VERTEX_POINT('',#2796);
#956=VERTEX_POINT('',#2798);
#957=VERTEX_POINT('',#2800);
#958=VERTEX_POINT('',#2802);
#959=VERTEX_POINT('',#2804);
#960=VERTEX_POINT('',#2806);
#961=VERTEX_POINT('',#2808);
#962=VERTEX_POINT('',#2810);
#963=VERTEX_POINT('',#2812);
#964=VERTEX_POINT('',#2814);
#965=VERTEX_POINT('',#2816);
#966=VERTEX_POINT('',#2818);
#967=VERTEX_POINT('',#2820);
#968=VERTEX_POINT('',#2822);
#969=VERTEX_POINT('',#2824);
#970=VERTEX_POINT('',#2826);
#971=VERTEX_POINT('',#2828);
#972=VERTEX_POINT('',#2830);
#973=VERTEX_POINT('',#2832);
#974=VERTEX_POINT('',#2834);
#975=VERTEX_POINT('',#2836);
#976=VERTEX_POINT('',#2838);
#977=VERTEX_POINT('',#2840);
#978=VERTEX_POINT('',#2842);
#979=VERTEX_POINT('',#2844);
#980=VERTEX_POINT('',#2846);
#981=VERTEX_POINT('',#2848);
#982=VERTEX_POINT('',#2850);
#983=VERTEX_POINT('',#2852);
#984=VERTEX_POINT('',#2854);
#985=VERTEX_POINT('',#2856);
#986=VERTEX_POINT('',#2858);
#987=VERTEX_POINT('',#2860);
#988=VERTEX_POINT('',#2862);
#989=VERTEX_POINT('',#2864);
#990=VERTEX_POINT('',#2866);
#991=VERTEX_POINT('',#2868);
#992=VERTEX_POINT('',#2870);
#993=VERTEX_POINT('',#2872);
#994=VERTEX_POINT('',#2874);
#995=VERTEX_POINT('',#2877);
#996=VERTEX_POINT('',#2879);
#997=VERTEX_POINT('',#2881);
#998=VERTEX_POINT('',#2887);
#999=VERTEX_POINT('',#2889);
#1000=VERTEX_POINT('',#2891);
#1001=VERTEX_POINT('',#2893);
#1002=VERTEX_POINT('',#2895);
#1003=VERTEX_POINT('',#2897);
#1004=VERTEX_POINT('',#3011);
#1005=VERTEX_POINT('',#3013);
#1006=VERTEX_POINT('',#3017);
#1007=VERTEX_POINT('',#3023);
#1008=VERTEX_POINT('',#3025);
#1009=VERTEX_POINT('',#3029);
#1010=VERTEX_POINT('',#3033);
#1011=VERTEX_POINT('',#3040);
#1012=VERTEX_POINT('',#3044);
#1013=VERTEX_POINT('',#3052);
#1014=VERTEX_POINT('',#3053);
#1015=VERTEX_POINT('',#3055);
#1016=VERTEX_POINT('',#3057);
#1017=VERTEX_POINT('',#3061);
#1018=VERTEX_POINT('',#3063);
#1019=VERTEX_POINT('',#3070);
#1020=VERTEX_POINT('',#3071);
#1021=VERTEX_POINT('',#3073);
#1022=VERTEX_POINT('',#3075);
#1023=VERTEX_POINT('',#3079);
#1024=VERTEX_POINT('',#3081);
#1025=VERTEX_POINT('',#3085);
#1026=VERTEX_POINT('',#3087);
#1027=VERTEX_POINT('',#3094);
#1028=VERTEX_POINT('',#3096);
#1029=VERTEX_POINT('',#3098);
#1030=VERTEX_POINT('',#3102);
#1031=VERTEX_POINT('',#3104);
#1032=VERTEX_POINT('',#3106);
#1033=EDGE_CURVE('',#843,#844,#295,.T.);
#1034=EDGE_CURVE('',#845,#843,#289,.T.);
#1035=EDGE_CURVE('',#846,#845,#290,.T.);
#1036=EDGE_CURVE('',#847,#846,#296,.T.);
#1037=EDGE_CURVE('',#848,#847,#291,.T.);
#1038=EDGE_CURVE('',#844,#848,#292,.T.);
#1039=EDGE_CURVE('',#847,#849,#297,.T.);
#1040=EDGE_CURVE('',#850,#849,#298,.T.);
#1041=EDGE_CURVE('',#848,#850,#299,.T.);
#1042=EDGE_CURVE('',#843,#851,#300,.T.);
#1043=EDGE_CURVE('',#851,#852,#301,.T.);
#1044=EDGE_CURVE('',#852,#853,#302,.T.);
#1045=EDGE_CURVE('',#854,#853,#303,.T.);
#1046=EDGE_CURVE('',#845,#854,#304,.T.);
#1047=EDGE_CURVE('',#849,#855,#305,.T.);
#1048=EDGE_CURVE('',#846,#856,#306,.T.);
#1049=EDGE_CURVE('',#857,#856,#307,.T.);
#1050=EDGE_CURVE('',#858,#857,#308,.T.);
#1051=EDGE_CURVE('',#859,#858,#309,.T.);
#1052=EDGE_CURVE('',#859,#860,#310,.T.);
#1053=EDGE_CURVE('',#861,#860,#311,.T.);
#1054=EDGE_CURVE('',#862,#861,#312,.T.);
#1055=EDGE_CURVE('',#863,#862,#313,.T.);
#1056=EDGE_CURVE('',#863,#864,#314,.T.);
#1057=EDGE_CURVE('',#865,#864,#315,.T.);
#1058=EDGE_CURVE('',#855,#865,#316,.T.);
#1059=EDGE_CURVE('',#866,#867,#293,.T.);
#1060=EDGE_CURVE('',#868,#866,#317,.T.);
#1061=EDGE_CURVE('',#869,#868,#294,.T.);
#1062=EDGE_CURVE('',#867,#869,#318,.T.);
#1063=EDGE_CURVE('',#870,#844,#319,.T.);
#1064=EDGE_CURVE('',#867,#870,#320,.T.);
#1065=EDGE_CURVE('',#869,#851,#321,.T.);
#1066=EDGE_CURVE('',#868,#871,#322,.T.);
#1067=EDGE_CURVE('',#872,#871,#323,.T.);
#1068=EDGE_CURVE('',#873,#872,#324,.T.);
#1069=EDGE_CURVE('',#874,#873,#325,.T.);
#1070=EDGE_CURVE('',#874,#875,#326,.T.);
#1071=EDGE_CURVE('',#876,#875,#327,.T.);
#1072=EDGE_CURVE('',#877,#876,#328,.T.);
#1073=EDGE_CURVE('',#878,#877,#329,.T.);
#1074=EDGE_CURVE('',#878,#879,#330,.T.);
#1075=EDGE_CURVE('',#880,#879,#331,.T.);
#1076=EDGE_CURVE('',#881,#880,#332,.T.);
#1077=EDGE_CURVE('',#882,#881,#333,.T.);
#1078=EDGE_CURVE('',#882,#883,#334,.T.);
#1079=EDGE_CURVE('',#884,#883,#335,.T.);
#1080=EDGE_CURVE('',#885,#884,#336,.T.);
#1081=EDGE_CURVE('',#886,#885,#337,.T.);
#1082=EDGE_CURVE('',#886,#887,#338,.T.);
#1083=EDGE_CURVE('',#888,#887,#339,.T.);
#1084=EDGE_CURVE('',#889,#888,#340,.T.);
#1085=EDGE_CURVE('',#890,#889,#341,.T.);
#1086=EDGE_CURVE('',#890,#891,#342,.T.);
#1087=EDGE_CURVE('',#892,#891,#343,.T.);
#1088=EDGE_CURVE('',#893,#892,#344,.T.);
#1089=EDGE_CURVE('',#894,#893,#345,.T.);
#1090=EDGE_CURVE('',#894,#895,#346,.T.);
#1091=EDGE_CURVE('',#896,#895,#347,.T.);
#1092=EDGE_CURVE('',#897,#896,#348,.T.);
#1093=EDGE_CURVE('',#898,#897,#349,.T.);
#1094=EDGE_CURVE('',#898,#899,#350,.T.);
#1095=EDGE_CURVE('',#900,#899,#351,.T.);
#1096=EDGE_CURVE('',#901,#900,#352,.T.);
#1097=EDGE_CURVE('',#902,#901,#353,.T.);
#1098=EDGE_CURVE('',#902,#903,#354,.T.);
#1099=EDGE_CURVE('',#904,#903,#355,.T.);
#1100=EDGE_CURVE('',#905,#904,#356,.T.);
#1101=EDGE_CURVE('',#906,#905,#357,.T.);
#1102=EDGE_CURVE('',#906,#907,#358,.T.);
#1103=EDGE_CURVE('',#908,#907,#359,.T.);
#1104=EDGE_CURVE('',#909,#908,#360,.T.);
#1105=EDGE_CURVE('',#910,#909,#361,.T.);
#1106=EDGE_CURVE('',#910,#911,#362,.T.);
#1107=EDGE_CURVE('',#912,#911,#363,.T.);
#1108=EDGE_CURVE('',#913,#912,#364,.T.);
#1109=EDGE_CURVE('',#914,#913,#365,.T.);
#1110=EDGE_CURVE('',#914,#915,#366,.T.);
#1111=EDGE_CURVE('',#916,#915,#367,.T.);
#1112=EDGE_CURVE('',#917,#916,#368,.T.);
#1113=EDGE_CURVE('',#918,#917,#369,.T.);
#1114=EDGE_CURVE('',#918,#919,#370,.T.);
#1115=EDGE_CURVE('',#920,#919,#371,.T.);
#1116=EDGE_CURVE('',#921,#920,#372,.T.);
#1117=EDGE_CURVE('',#922,#921,#373,.T.);
#1118=EDGE_CURVE('',#922,#923,#374,.T.);
#1119=EDGE_CURVE('',#924,#923,#375,.T.);
#1120=EDGE_CURVE('',#925,#924,#376,.T.);
#1121=EDGE_CURVE('',#926,#925,#377,.T.);
#1122=EDGE_CURVE('',#926,#927,#378,.T.);
#1123=EDGE_CURVE('',#928,#927,#379,.T.);
#1124=EDGE_CURVE('',#929,#928,#380,.T.);
#1125=EDGE_CURVE('',#930,#929,#381,.T.);
#1126=EDGE_CURVE('',#930,#931,#382,.T.);
#1127=EDGE_CURVE('',#932,#931,#383,.T.);
#1128=EDGE_CURVE('',#933,#932,#384,.T.);
#1129=EDGE_CURVE('',#852,#933,#385,.T.);
#1130=EDGE_CURVE('',#877,#934,#386,.T.);
#1131=EDGE_CURVE('',#935,#876,#387,.T.);
#1132=EDGE_CURVE('',#934,#935,#388,.T.);
#1133=EDGE_CURVE('',#936,#874,#389,.T.);
#1134=EDGE_CURVE('',#936,#937,#390,.T.);
#1135=EDGE_CURVE('',#875,#937,#391,.T.);
#1136=EDGE_CURVE('',#937,#935,#392,.T.);
#1137=EDGE_CURVE('',#870,#938,#393,.T.);
#1138=EDGE_CURVE('',#939,#938,#394,.T.);
#1139=EDGE_CURVE('',#939,#940,#395,.T.);
#1140=EDGE_CURVE('',#941,#940,#396,.T.);
#1141=EDGE_CURVE('',#942,#941,#397,.T.);
#1142=EDGE_CURVE('',#943,#942,#398,.T.);
#1143=EDGE_CURVE('',#943,#944,#399,.T.);
#1144=EDGE_CURVE('',#945,#944,#400,.T.);
#1145=EDGE_CURVE('',#946,#945,#401,.T.);
#1146=EDGE_CURVE('',#947,#946,#402,.T.);
#1147=EDGE_CURVE('',#947,#948,#403,.T.);
#1148=EDGE_CURVE('',#949,#948,#404,.T.);
#1149=EDGE_CURVE('',#950,#949,#405,.T.);
#1150=EDGE_CURVE('',#951,#950,#406,.T.);
#1151=EDGE_CURVE('',#951,#952,#407,.T.);
#1152=EDGE_CURVE('',#953,#952,#408,.T.);
#1153=EDGE_CURVE('',#954,#953,#409,.T.);
#1154=EDGE_CURVE('',#955,#954,#410,.T.);
#1155=EDGE_CURVE('',#955,#956,#411,.T.);
#1156=EDGE_CURVE('',#957,#956,#412,.T.);
#1157=EDGE_CURVE('',#958,#957,#413,.T.);
#1158=EDGE_CURVE('',#959,#958,#414,.T.);
#1159=EDGE_CURVE('',#959,#960,#415,.T.);
#1160=EDGE_CURVE('',#961,#960,#416,.T.);
#1161=EDGE_CURVE('',#962,#961,#417,.T.);
#1162=EDGE_CURVE('',#963,#962,#418,.T.);
#1163=EDGE_CURVE('',#963,#964,#419,.T.);
#1164=EDGE_CURVE('',#965,#964,#420,.T.);
#1165=EDGE_CURVE('',#966,#965,#421,.T.);
#1166=EDGE_CURVE('',#967,#966,#422,.T.);
#1167=EDGE_CURVE('',#967,#968,#423,.T.);
#1168=EDGE_CURVE('',#969,#968,#424,.T.);
#1169=EDGE_CURVE('',#970,#969,#425,.T.);
#1170=EDGE_CURVE('',#971,#970,#426,.T.);
#1171=EDGE_CURVE('',#971,#972,#427,.T.);
#1172=EDGE_CURVE('',#973,#972,#428,.T.);
#1173=EDGE_CURVE('',#974,#973,#429,.T.);
#1174=EDGE_CURVE('',#975,#974,#430,.T.);
#1175=EDGE_CURVE('',#975,#976,#431,.T.);
#1176=EDGE_CURVE('',#977,#976,#432,.T.);
#1177=EDGE_CURVE('',#978,#977,#433,.T.);
#1178=EDGE_CURVE('',#979,#978,#434,.T.);
#1179=EDGE_CURVE('',#979,#980,#435,.T.);
#1180=EDGE_CURVE('',#981,#980,#436,.T.);
#1181=EDGE_CURVE('',#982,#981,#437,.T.);
#1182=EDGE_CURVE('',#983,#982,#438,.T.);
#1183=EDGE_CURVE('',#983,#984,#439,.T.);
#1184=EDGE_CURVE('',#985,#984,#440,.T.);
#1185=EDGE_CURVE('',#986,#985,#441,.T.);
#1186=EDGE_CURVE('',#987,#986,#442,.T.);
#1187=EDGE_CURVE('',#987,#988,#443,.T.);
#1188=EDGE_CURVE('',#989,#988,#444,.T.);
#1189=EDGE_CURVE('',#990,#989,#445,.T.);
#1190=EDGE_CURVE('',#991,#990,#446,.T.);
#1191=EDGE_CURVE('',#991,#992,#447,.T.);
#1192=EDGE_CURVE('',#993,#992,#448,.T.);
#1193=EDGE_CURVE('',#994,#993,#449,.T.);
#1194=EDGE_CURVE('',#934,#994,#450,.T.);
#1195=EDGE_CURVE('',#995,#936,#451,.T.);
#1196=EDGE_CURVE('',#995,#996,#452,.T.);
#1197=EDGE_CURVE('',#997,#996,#453,.T.);
#1198=EDGE_CURVE('',#866,#997,#454,.T.);
#1199=EDGE_CURVE('',#994,#878,#455,.T.);
#1200=EDGE_CURVE('',#873,#998,#456,.T.);
#1201=EDGE_CURVE('',#998,#999,#457,.T.);
#1202=EDGE_CURVE('',#999,#1000,#458,.T.);
#1203=EDGE_CURVE('',#1000,#1001,#459,.T.);
#1204=EDGE_CURVE('',#1001,#1002,#460,.T.);
#1205=EDGE_CURVE('',#1002,#1003,#461,.T.);
#1206=EDGE_CURVE('',#1003,#995,#462,.T.);
#1207=EDGE_CURVE('',#893,#979,#463,.T.);
#1208=EDGE_CURVE('',#980,#892,#464,.T.);
#1209=EDGE_CURVE('',#982,#890,#465,.T.);
#1210=EDGE_CURVE('',#891,#981,#466,.T.);
#1211=EDGE_CURVE('',#978,#894,#467,.T.);
#1212=EDGE_CURVE('',#889,#983,#468,.T.);
#1213=EDGE_CURVE('',#905,#967,#469,.T.);
#1214=EDGE_CURVE('',#968,#904,#470,.T.);
#1215=EDGE_CURVE('',#970,#902,#471,.T.);
#1216=EDGE_CURVE('',#903,#969,#472,.T.);
#1217=EDGE_CURVE('',#901,#971,#473,.T.);
#1218=EDGE_CURVE('',#921,#951,#474,.T.);
#1219=EDGE_CURVE('',#952,#920,#475,.T.);
#1220=EDGE_CURVE('',#954,#918,#476,.T.);
#1221=EDGE_CURVE('',#919,#953,#477,.T.);
#1222=EDGE_CURVE('',#917,#955,#478,.T.);
#1223=EDGE_CURVE('',#933,#939,#479,.T.);
#1224=EDGE_CURVE('',#940,#932,#480,.T.);
#1225=EDGE_CURVE('',#942,#930,#481,.T.);
#1226=EDGE_CURVE('',#931,#941,#482,.T.);
#1227=EDGE_CURVE('',#929,#943,#483,.T.);
#1228=EDGE_CURVE('',#956,#916,#484,.T.);
#1229=EDGE_CURVE('',#958,#914,#485,.T.);
#1230=EDGE_CURVE('',#915,#957,#486,.T.);
#1231=EDGE_CURVE('',#913,#959,#487,.T.);
#1232=EDGE_CURVE('',#897,#975,#488,.T.);
#1233=EDGE_CURVE('',#976,#896,#489,.T.);
#1234=EDGE_CURVE('',#895,#977,#490,.T.);
#1235=EDGE_CURVE('',#881,#991,#491,.T.);
#1236=EDGE_CURVE('',#992,#880,#492,.T.);
#1237=EDGE_CURVE('',#879,#993,#493,.T.);
#1238=EDGE_CURVE('',#984,#888,#494,.T.);
#1239=EDGE_CURVE('',#986,#886,#495,.T.);
#1240=EDGE_CURVE('',#887,#985,#496,.T.);
#1241=EDGE_CURVE('',#885,#987,#497,.T.);
#1242=EDGE_CURVE('',#909,#963,#498,.T.);
#1243=EDGE_CURVE('',#964,#908,#499,.T.);
#1244=EDGE_CURVE('',#966,#906,#500,.T.);
#1245=EDGE_CURVE('',#907,#965,#501,.T.);
#1246=EDGE_CURVE('',#925,#947,#502,.T.);
#1247=EDGE_CURVE('',#948,#924,#503,.T.);
#1248=EDGE_CURVE('',#950,#922,#504,.T.);
#1249=EDGE_CURVE('',#923,#949,#505,.T.);
#1250=EDGE_CURVE('',#944,#928,#506,.T.);
#1251=EDGE_CURVE('',#946,#926,#507,.T.);
#1252=EDGE_CURVE('',#927,#945,#508,.T.);
#1253=EDGE_CURVE('',#960,#912,#509,.T.);
#1254=EDGE_CURVE('',#962,#910,#510,.T.);
#1255=EDGE_CURVE('',#911,#961,#511,.T.);
#1256=EDGE_CURVE('',#972,#900,#512,.T.);
#1257=EDGE_CURVE('',#974,#898,#513,.T.);
#1258=EDGE_CURVE('',#899,#973,#514,.T.);
#1259=EDGE_CURVE('',#988,#884,#515,.T.);
#1260=EDGE_CURVE('',#990,#882,#516,.T.);
#1261=EDGE_CURVE('',#883,#989,#517,.T.);
#1262=EDGE_CURVE('',#1004,#858,#518,.T.);
#1263=EDGE_CURVE('',#1004,#1005,#519,.T.);
#1264=EDGE_CURVE('',#859,#1005,#520,.T.);
#1265=EDGE_CURVE('',#1005,#1006,#521,.T.);
#1266=EDGE_CURVE('',#860,#1006,#522,.T.);
#1267=EDGE_CURVE('',#938,#852,#523,.T.);
#1268=EDGE_CURVE('',#863,#1007,#524,.T.);
#1269=EDGE_CURVE('',#1008,#862,#525,.T.);
#1270=EDGE_CURVE('',#1008,#1007,#526,.T.);
#1271=EDGE_CURVE('',#1007,#1009,#527,.T.);
#1272=EDGE_CURVE('',#864,#1009,#528,.T.);
#1273=EDGE_CURVE('',#1010,#857,#529,.T.);
#1274=EDGE_CURVE('',#1004,#1010,#530,.T.);
#1275=EDGE_CURVE('',#856,#854,#531,.T.);
#1276=EDGE_CURVE('',#853,#1010,#532,.T.);
#1277=EDGE_CURVE('',#1009,#1011,#533,.T.);
#1278=EDGE_CURVE('',#1011,#850,#534,.T.);
#1279=EDGE_CURVE('',#1012,#861,#535,.T.);
#1280=EDGE_CURVE('',#1008,#1012,#536,.T.);
#1281=EDGE_CURVE('',#938,#1011,#537,.T.);
#1282=EDGE_CURVE('',#1006,#1012,#538,.T.);
#1283=EDGE_CURVE('',#1013,#1014,#539,.T.);
#1284=EDGE_CURVE('',#1013,#1015,#540,.T.);
#1285=EDGE_CURVE('',#1016,#1015,#541,.T.);
#1286=EDGE_CURVE('',#1016,#1014,#542,.T.);
#1287=EDGE_CURVE('',#1015,#1017,#543,.T.);
#1288=EDGE_CURVE('',#1018,#1017,#544,.T.);
#1289=EDGE_CURVE('',#1016,#1018,#545,.T.);
#1290=EDGE_CURVE('',#1017,#872,#546,.T.);
#1291=EDGE_CURVE('',#871,#1018,#547,.T.);
#1292=EDGE_CURVE('',#1019,#1020,#548,.T.);
#1293=EDGE_CURVE('',#1019,#1021,#549,.T.);
#1294=EDGE_CURVE('',#1022,#1021,#550,.T.);
#1295=EDGE_CURVE('',#1022,#1020,#551,.T.);
#1296=EDGE_CURVE('',#1021,#1023,#552,.T.);
#1297=EDGE_CURVE('',#1024,#1023,#553,.T.);
#1298=EDGE_CURVE('',#1022,#1024,#554,.T.);
#1299=EDGE_CURVE('',#1014,#1025,#555,.T.);
#1300=EDGE_CURVE('',#1026,#1025,#556,.T.);
#1301=EDGE_CURVE('',#1013,#1026,#557,.T.);
#1302=EDGE_CURVE('',#1023,#1026,#558,.T.);
#1303=EDGE_CURVE('',#1025,#1024,#559,.T.);
#1304=EDGE_CURVE('',#1027,#997,#560,.T.);
#1305=EDGE_CURVE('',#1028,#1027,#561,.T.);
#1306=EDGE_CURVE('',#1029,#1028,#562,.T.);
#1307=EDGE_CURVE('',#1020,#1029,#563,.T.);
#1308=EDGE_CURVE('',#1019,#1030,#564,.T.);
#1309=EDGE_CURVE('',#1031,#1030,#565,.T.);
#1310=EDGE_CURVE('',#1032,#1031,#566,.T.);
#1311=EDGE_CURVE('',#996,#1032,#567,.T.);
#1312=EDGE_CURVE('',#1030,#1029,#568,.T.);
#1313=ORIENTED_EDGE('',*,*,#1033,.F.);
#1314=ORIENTED_EDGE('',*,*,#1034,.F.);
#1315=ORIENTED_EDGE('',*,*,#1035,.F.);
#1316=ORIENTED_EDGE('',*,*,#1036,.F.);
#1317=ORIENTED_EDGE('',*,*,#1037,.F.);
#1318=ORIENTED_EDGE('',*,*,#1038,.F.);
#1319=ORIENTED_EDGE('',*,*,#1037,.T.);
#1320=ORIENTED_EDGE('',*,*,#1039,.T.);
#1321=ORIENTED_EDGE('',*,*,#1040,.F.);
#1322=ORIENTED_EDGE('',*,*,#1041,.F.);
#1323=ORIENTED_EDGE('',*,*,#1034,.T.);
#1324=ORIENTED_EDGE('',*,*,#1042,.T.);
#1325=ORIENTED_EDGE('',*,*,#1043,.T.);
#1326=ORIENTED_EDGE('',*,*,#1044,.T.);
#1327=ORIENTED_EDGE('',*,*,#1045,.F.);
#1328=ORIENTED_EDGE('',*,*,#1046,.F.);
#1329=ORIENTED_EDGE('',*,*,#1047,.F.);
#1330=ORIENTED_EDGE('',*,*,#1039,.F.);
#1331=ORIENTED_EDGE('',*,*,#1036,.T.);
#1332=ORIENTED_EDGE('',*,*,#1048,.T.);
#1333=ORIENTED_EDGE('',*,*,#1049,.F.);
#1334=ORIENTED_EDGE('',*,*,#1050,.F.);
#1335=ORIENTED_EDGE('',*,*,#1051,.F.);
#1336=ORIENTED_EDGE('',*,*,#1052,.T.);
#1337=ORIENTED_EDGE('',*,*,#1053,.F.);
#1338=ORIENTED_EDGE('',*,*,#1054,.F.);
#1339=ORIENTED_EDGE('',*,*,#1055,.F.);
#1340=ORIENTED_EDGE('',*,*,#1056,.T.);
#1341=ORIENTED_EDGE('',*,*,#1057,.F.);
#1342=ORIENTED_EDGE('',*,*,#1058,.F.);
#1343=ORIENTED_EDGE('',*,*,#1059,.F.);
#1344=ORIENTED_EDGE('',*,*,#1060,.F.);
#1345=ORIENTED_EDGE('',*,*,#1061,.F.);
#1346=ORIENTED_EDGE('',*,*,#1062,.F.);
#1347=ORIENTED_EDGE('',*,*,#1033,.T.);
#1348=ORIENTED_EDGE('',*,*,#1063,.F.);
#1349=ORIENTED_EDGE('',*,*,#1064,.F.);
#1350=ORIENTED_EDGE('',*,*,#1062,.T.);
#1351=ORIENTED_EDGE('',*,*,#1065,.T.);
#1352=ORIENTED_EDGE('',*,*,#1042,.F.);
#1353=ORIENTED_EDGE('',*,*,#1061,.T.);
#1354=ORIENTED_EDGE('',*,*,#1066,.T.);
#1355=ORIENTED_EDGE('',*,*,#1067,.F.);
#1356=ORIENTED_EDGE('',*,*,#1068,.F.);
#1357=ORIENTED_EDGE('',*,*,#1069,.F.);
#1358=ORIENTED_EDGE('',*,*,#1070,.T.);
#1359=ORIENTED_EDGE('',*,*,#1071,.F.);
#1360=ORIENTED_EDGE('',*,*,#1072,.F.);
#1361=ORIENTED_EDGE('',*,*,#1073,.F.);
#1362=ORIENTED_EDGE('',*,*,#1074,.T.);
#1363=ORIENTED_EDGE('',*,*,#1075,.F.);
#1364=ORIENTED_EDGE('',*,*,#1076,.F.);
#1365=ORIENTED_EDGE('',*,*,#1077,.F.);
#1366=ORIENTED_EDGE('',*,*,#1078,.T.);
#1367=ORIENTED_EDGE('',*,*,#1079,.F.);
#1368=ORIENTED_EDGE('',*,*,#1080,.F.);
#1369=ORIENTED_EDGE('',*,*,#1081,.F.);
#1370=ORIENTED_EDGE('',*,*,#1082,.T.);
#1371=ORIENTED_EDGE('',*,*,#1083,.F.);
#1372=ORIENTED_EDGE('',*,*,#1084,.F.);
#1373=ORIENTED_EDGE('',*,*,#1085,.F.);
#1374=ORIENTED_EDGE('',*,*,#1086,.T.);
#1375=ORIENTED_EDGE('',*,*,#1087,.F.);
#1376=ORIENTED_EDGE('',*,*,#1088,.F.);
#1377=ORIENTED_EDGE('',*,*,#1089,.F.);
#1378=ORIENTED_EDGE('',*,*,#1090,.T.);
#1379=ORIENTED_EDGE('',*,*,#1091,.F.);
#1380=ORIENTED_EDGE('',*,*,#1092,.F.);
#1381=ORIENTED_EDGE('',*,*,#1093,.F.);
#1382=ORIENTED_EDGE('',*,*,#1094,.T.);
#1383=ORIENTED_EDGE('',*,*,#1095,.F.);
#1384=ORIENTED_EDGE('',*,*,#1096,.F.);
#1385=ORIENTED_EDGE('',*,*,#1097,.F.);
#1386=ORIENTED_EDGE('',*,*,#1098,.T.);
#1387=ORIENTED_EDGE('',*,*,#1099,.F.);
#1388=ORIENTED_EDGE('',*,*,#1100,.F.);
#1389=ORIENTED_EDGE('',*,*,#1101,.F.);
#1390=ORIENTED_EDGE('',*,*,#1102,.T.);
#1391=ORIENTED_EDGE('',*,*,#1103,.F.);
#1392=ORIENTED_EDGE('',*,*,#1104,.F.);
#1393=ORIENTED_EDGE('',*,*,#1105,.F.);
#1394=ORIENTED_EDGE('',*,*,#1106,.T.);
#1395=ORIENTED_EDGE('',*,*,#1107,.F.);
#1396=ORIENTED_EDGE('',*,*,#1108,.F.);
#1397=ORIENTED_EDGE('',*,*,#1109,.F.);
#1398=ORIENTED_EDGE('',*,*,#1110,.T.);
#1399=ORIENTED_EDGE('',*,*,#1111,.F.);
#1400=ORIENTED_EDGE('',*,*,#1112,.F.);
#1401=ORIENTED_EDGE('',*,*,#1113,.F.);
#1402=ORIENTED_EDGE('',*,*,#1114,.T.);
#1403=ORIENTED_EDGE('',*,*,#1115,.F.);
#1404=ORIENTED_EDGE('',*,*,#1116,.F.);
#1405=ORIENTED_EDGE('',*,*,#1117,.F.);
#1406=ORIENTED_EDGE('',*,*,#1118,.T.);
#1407=ORIENTED_EDGE('',*,*,#1119,.F.);
#1408=ORIENTED_EDGE('',*,*,#1120,.F.);
#1409=ORIENTED_EDGE('',*,*,#1121,.F.);
#1410=ORIENTED_EDGE('',*,*,#1122,.T.);
#1411=ORIENTED_EDGE('',*,*,#1123,.F.);
#1412=ORIENTED_EDGE('',*,*,#1124,.F.);
#1413=ORIENTED_EDGE('',*,*,#1125,.F.);
#1414=ORIENTED_EDGE('',*,*,#1126,.T.);
#1415=ORIENTED_EDGE('',*,*,#1127,.F.);
#1416=ORIENTED_EDGE('',*,*,#1128,.F.);
#1417=ORIENTED_EDGE('',*,*,#1129,.F.);
#1418=ORIENTED_EDGE('',*,*,#1043,.F.);
#1419=ORIENTED_EDGE('',*,*,#1065,.F.);
#1420=ORIENTED_EDGE('',*,*,#1130,.F.);
#1421=ORIENTED_EDGE('',*,*,#1072,.T.);
#1422=ORIENTED_EDGE('',*,*,#1131,.F.);
#1423=ORIENTED_EDGE('',*,*,#1132,.F.);
#1424=ORIENTED_EDGE('',*,*,#1133,.F.);
#1425=ORIENTED_EDGE('',*,*,#1134,.T.);
#1426=ORIENTED_EDGE('',*,*,#1135,.F.);
#1427=ORIENTED_EDGE('',*,*,#1070,.F.);
#1428=ORIENTED_EDGE('',*,*,#1135,.T.);
#1429=ORIENTED_EDGE('',*,*,#1136,.T.);
#1430=ORIENTED_EDGE('',*,*,#1131,.T.);
#1431=ORIENTED_EDGE('',*,*,#1071,.T.);
#1432=ORIENTED_EDGE('',*,*,#1059,.T.);
#1433=ORIENTED_EDGE('',*,*,#1064,.T.);
#1434=ORIENTED_EDGE('',*,*,#1137,.T.);
#1435=ORIENTED_EDGE('',*,*,#1138,.F.);
#1436=ORIENTED_EDGE('',*,*,#1139,.T.);
#1437=ORIENTED_EDGE('',*,*,#1140,.F.);
#1438=ORIENTED_EDGE('',*,*,#1141,.F.);
#1439=ORIENTED_EDGE('',*,*,#1142,.F.);
#1440=ORIENTED_EDGE('',*,*,#1143,.T.);
#1441=ORIENTED_EDGE('',*,*,#1144,.F.);
#1442=ORIENTED_EDGE('',*,*,#1145,.F.);
#1443=ORIENTED_EDGE('',*,*,#1146,.F.);
#1444=ORIENTED_EDGE('',*,*,#1147,.T.);
#1445=ORIENTED_EDGE('',*,*,#1148,.F.);
#1446=ORIENTED_EDGE('',*,*,#1149,.F.);
#1447=ORIENTED_EDGE('',*,*,#1150,.F.);
#1448=ORIENTED_EDGE('',*,*,#1151,.T.);
#1449=ORIENTED_EDGE('',*,*,#1152,.F.);
#1450=ORIENTED_EDGE('',*,*,#1153,.F.);
#1451=ORIENTED_EDGE('',*,*,#1154,.F.);
#1452=ORIENTED_EDGE('',*,*,#1155,.T.);
#1453=ORIENTED_EDGE('',*,*,#1156,.F.);
#1454=ORIENTED_EDGE('',*,*,#1157,.F.);
#1455=ORIENTED_EDGE('',*,*,#1158,.F.);
#1456=ORIENTED_EDGE('',*,*,#1159,.T.);
#1457=ORIENTED_EDGE('',*,*,#1160,.F.);
#1458=ORIENTED_EDGE('',*,*,#1161,.F.);
#1459=ORIENTED_EDGE('',*,*,#1162,.F.);
#1460=ORIENTED_EDGE('',*,*,#1163,.T.);
#1461=ORIENTED_EDGE('',*,*,#1164,.F.);
#1462=ORIENTED_EDGE('',*,*,#1165,.F.);
#1463=ORIENTED_EDGE('',*,*,#1166,.F.);
#1464=ORIENTED_EDGE('',*,*,#1167,.T.);
#1465=ORIENTED_EDGE('',*,*,#1168,.F.);
#1466=ORIENTED_EDGE('',*,*,#1169,.F.);
#1467=ORIENTED_EDGE('',*,*,#1170,.F.);
#1468=ORIENTED_EDGE('',*,*,#1171,.T.);
#1469=ORIENTED_EDGE('',*,*,#1172,.F.);
#1470=ORIENTED_EDGE('',*,*,#1173,.F.);
#1471=ORIENTED_EDGE('',*,*,#1174,.F.);
#1472=ORIENTED_EDGE('',*,*,#1175,.T.);
#1473=ORIENTED_EDGE('',*,*,#1176,.F.);
#1474=ORIENTED_EDGE('',*,*,#1177,.F.);
#1475=ORIENTED_EDGE('',*,*,#1178,.F.);
#1476=ORIENTED_EDGE('',*,*,#1179,.T.);
#1477=ORIENTED_EDGE('',*,*,#1180,.F.);
#1478=ORIENTED_EDGE('',*,*,#1181,.F.);
#1479=ORIENTED_EDGE('',*,*,#1182,.F.);
#1480=ORIENTED_EDGE('',*,*,#1183,.T.);
#1481=ORIENTED_EDGE('',*,*,#1184,.F.);
#1482=ORIENTED_EDGE('',*,*,#1185,.F.);
#1483=ORIENTED_EDGE('',*,*,#1186,.F.);
#1484=ORIENTED_EDGE('',*,*,#1187,.T.);
#1485=ORIENTED_EDGE('',*,*,#1188,.F.);
#1486=ORIENTED_EDGE('',*,*,#1189,.F.);
#1487=ORIENTED_EDGE('',*,*,#1190,.F.);
#1488=ORIENTED_EDGE('',*,*,#1191,.T.);
#1489=ORIENTED_EDGE('',*,*,#1192,.F.);
#1490=ORIENTED_EDGE('',*,*,#1193,.F.);
#1491=ORIENTED_EDGE('',*,*,#1194,.F.);
#1492=ORIENTED_EDGE('',*,*,#1132,.T.);
#1493=ORIENTED_EDGE('',*,*,#1136,.F.);
#1494=ORIENTED_EDGE('',*,*,#1134,.F.);
#1495=ORIENTED_EDGE('',*,*,#1195,.F.);
#1496=ORIENTED_EDGE('',*,*,#1196,.T.);
#1497=ORIENTED_EDGE('',*,*,#1197,.F.);
#1498=ORIENTED_EDGE('',*,*,#1198,.F.);
#1499=ORIENTED_EDGE('',*,*,#1130,.T.);
#1500=ORIENTED_EDGE('',*,*,#1194,.T.);
#1501=ORIENTED_EDGE('',*,*,#1199,.T.);
#1502=ORIENTED_EDGE('',*,*,#1073,.T.);
#1503=ORIENTED_EDGE('',*,*,#1133,.T.);
#1504=ORIENTED_EDGE('',*,*,#1069,.T.);
#1505=ORIENTED_EDGE('',*,*,#1200,.T.);
#1506=ORIENTED_EDGE('',*,*,#1201,.T.);
#1507=ORIENTED_EDGE('',*,*,#1202,.T.);
#1508=ORIENTED_EDGE('',*,*,#1203,.T.);
#1509=ORIENTED_EDGE('',*,*,#1204,.T.);
#1510=ORIENTED_EDGE('',*,*,#1205,.T.);
#1511=ORIENTED_EDGE('',*,*,#1206,.T.);
#1512=ORIENTED_EDGE('',*,*,#1195,.T.);
#1513=ORIENTED_EDGE('',*,*,#1207,.F.);
#1514=ORIENTED_EDGE('',*,*,#1088,.T.);
#1515=ORIENTED_EDGE('',*,*,#1208,.F.);
#1516=ORIENTED_EDGE('',*,*,#1179,.F.);
#1517=ORIENTED_EDGE('',*,*,#1209,.F.);
#1518=ORIENTED_EDGE('',*,*,#1181,.T.);
#1519=ORIENTED_EDGE('',*,*,#1210,.F.);
#1520=ORIENTED_EDGE('',*,*,#1086,.F.);
#1521=ORIENTED_EDGE('',*,*,#1210,.T.);
#1522=ORIENTED_EDGE('',*,*,#1180,.T.);
#1523=ORIENTED_EDGE('',*,*,#1208,.T.);
#1524=ORIENTED_EDGE('',*,*,#1087,.T.);
#1525=ORIENTED_EDGE('',*,*,#1207,.T.);
#1526=ORIENTED_EDGE('',*,*,#1178,.T.);
#1527=ORIENTED_EDGE('',*,*,#1211,.T.);
#1528=ORIENTED_EDGE('',*,*,#1089,.T.);
#1529=ORIENTED_EDGE('',*,*,#1209,.T.);
#1530=ORIENTED_EDGE('',*,*,#1085,.T.);
#1531=ORIENTED_EDGE('',*,*,#1212,.T.);
#1532=ORIENTED_EDGE('',*,*,#1182,.T.);
#1533=ORIENTED_EDGE('',*,*,#1213,.F.);
#1534=ORIENTED_EDGE('',*,*,#1100,.T.);
#1535=ORIENTED_EDGE('',*,*,#1214,.F.);
#1536=ORIENTED_EDGE('',*,*,#1167,.F.);
#1537=ORIENTED_EDGE('',*,*,#1215,.F.);
#1538=ORIENTED_EDGE('',*,*,#1169,.T.);
#1539=ORIENTED_EDGE('',*,*,#1216,.F.);
#1540=ORIENTED_EDGE('',*,*,#1098,.F.);
#1541=ORIENTED_EDGE('',*,*,#1168,.T.);
#1542=ORIENTED_EDGE('',*,*,#1214,.T.);
#1543=ORIENTED_EDGE('',*,*,#1099,.T.);
#1544=ORIENTED_EDGE('',*,*,#1216,.T.);
#1545=ORIENTED_EDGE('',*,*,#1215,.T.);
#1546=ORIENTED_EDGE('',*,*,#1097,.T.);
#1547=ORIENTED_EDGE('',*,*,#1217,.T.);
#1548=ORIENTED_EDGE('',*,*,#1170,.T.);
#1549=ORIENTED_EDGE('',*,*,#1218,.F.);
#1550=ORIENTED_EDGE('',*,*,#1116,.T.);
#1551=ORIENTED_EDGE('',*,*,#1219,.F.);
#1552=ORIENTED_EDGE('',*,*,#1151,.F.);
#1553=ORIENTED_EDGE('',*,*,#1220,.F.);
#1554=ORIENTED_EDGE('',*,*,#1153,.T.);
#1555=ORIENTED_EDGE('',*,*,#1221,.F.);
#1556=ORIENTED_EDGE('',*,*,#1114,.F.);
#1557=ORIENTED_EDGE('',*,*,#1221,.T.);
#1558=ORIENTED_EDGE('',*,*,#1152,.T.);
#1559=ORIENTED_EDGE('',*,*,#1219,.T.);
#1560=ORIENTED_EDGE('',*,*,#1115,.T.);
#1561=ORIENTED_EDGE('',*,*,#1220,.T.);
#1562=ORIENTED_EDGE('',*,*,#1113,.T.);
#1563=ORIENTED_EDGE('',*,*,#1222,.T.);
#1564=ORIENTED_EDGE('',*,*,#1154,.T.);
#1565=ORIENTED_EDGE('',*,*,#1223,.F.);
#1566=ORIENTED_EDGE('',*,*,#1128,.T.);
#1567=ORIENTED_EDGE('',*,*,#1224,.F.);
#1568=ORIENTED_EDGE('',*,*,#1139,.F.);
#1569=ORIENTED_EDGE('',*,*,#1225,.F.);
#1570=ORIENTED_EDGE('',*,*,#1141,.T.);
#1571=ORIENTED_EDGE('',*,*,#1226,.F.);
#1572=ORIENTED_EDGE('',*,*,#1126,.F.);
#1573=ORIENTED_EDGE('',*,*,#1226,.T.);
#1574=ORIENTED_EDGE('',*,*,#1140,.T.);
#1575=ORIENTED_EDGE('',*,*,#1224,.T.);
#1576=ORIENTED_EDGE('',*,*,#1127,.T.);
#1577=ORIENTED_EDGE('',*,*,#1225,.T.);
#1578=ORIENTED_EDGE('',*,*,#1125,.T.);
#1579=ORIENTED_EDGE('',*,*,#1227,.T.);
#1580=ORIENTED_EDGE('',*,*,#1142,.T.);
#1581=ORIENTED_EDGE('',*,*,#1222,.F.);
#1582=ORIENTED_EDGE('',*,*,#1112,.T.);
#1583=ORIENTED_EDGE('',*,*,#1228,.F.);
#1584=ORIENTED_EDGE('',*,*,#1155,.F.);
#1585=ORIENTED_EDGE('',*,*,#1229,.F.);
#1586=ORIENTED_EDGE('',*,*,#1157,.T.);
#1587=ORIENTED_EDGE('',*,*,#1230,.F.);
#1588=ORIENTED_EDGE('',*,*,#1110,.F.);
#1589=ORIENTED_EDGE('',*,*,#1230,.T.);
#1590=ORIENTED_EDGE('',*,*,#1156,.T.);
#1591=ORIENTED_EDGE('',*,*,#1228,.T.);
#1592=ORIENTED_EDGE('',*,*,#1111,.T.);
#1593=ORIENTED_EDGE('',*,*,#1229,.T.);
#1594=ORIENTED_EDGE('',*,*,#1109,.T.);
#1595=ORIENTED_EDGE('',*,*,#1231,.T.);
#1596=ORIENTED_EDGE('',*,*,#1158,.T.);
#1597=ORIENTED_EDGE('',*,*,#1232,.F.);
#1598=ORIENTED_EDGE('',*,*,#1092,.T.);
#1599=ORIENTED_EDGE('',*,*,#1233,.F.);
#1600=ORIENTED_EDGE('',*,*,#1175,.F.);
#1601=ORIENTED_EDGE('',*,*,#1211,.F.);
#1602=ORIENTED_EDGE('',*,*,#1177,.T.);
#1603=ORIENTED_EDGE('',*,*,#1234,.F.);
#1604=ORIENTED_EDGE('',*,*,#1090,.F.);
#1605=ORIENTED_EDGE('',*,*,#1234,.T.);
#1606=ORIENTED_EDGE('',*,*,#1176,.T.);
#1607=ORIENTED_EDGE('',*,*,#1233,.T.);
#1608=ORIENTED_EDGE('',*,*,#1091,.T.);
#1609=ORIENTED_EDGE('',*,*,#1235,.F.);
#1610=ORIENTED_EDGE('',*,*,#1076,.T.);
#1611=ORIENTED_EDGE('',*,*,#1236,.F.);
#1612=ORIENTED_EDGE('',*,*,#1191,.F.);
#1613=ORIENTED_EDGE('',*,*,#1199,.F.);
#1614=ORIENTED_EDGE('',*,*,#1193,.T.);
#1615=ORIENTED_EDGE('',*,*,#1237,.F.);
#1616=ORIENTED_EDGE('',*,*,#1074,.F.);
#1617=ORIENTED_EDGE('',*,*,#1237,.T.);
#1618=ORIENTED_EDGE('',*,*,#1192,.T.);
#1619=ORIENTED_EDGE('',*,*,#1236,.T.);
#1620=ORIENTED_EDGE('',*,*,#1075,.T.);
#1621=ORIENTED_EDGE('',*,*,#1212,.F.);
#1622=ORIENTED_EDGE('',*,*,#1084,.T.);
#1623=ORIENTED_EDGE('',*,*,#1238,.F.);
#1624=ORIENTED_EDGE('',*,*,#1183,.F.);
#1625=ORIENTED_EDGE('',*,*,#1239,.F.);
#1626=ORIENTED_EDGE('',*,*,#1185,.T.);
#1627=ORIENTED_EDGE('',*,*,#1240,.F.);
#1628=ORIENTED_EDGE('',*,*,#1082,.F.);
#1629=ORIENTED_EDGE('',*,*,#1240,.T.);
#1630=ORIENTED_EDGE('',*,*,#1184,.T.);
#1631=ORIENTED_EDGE('',*,*,#1238,.T.);
#1632=ORIENTED_EDGE('',*,*,#1083,.T.);
#1633=ORIENTED_EDGE('',*,*,#1239,.T.);
#1634=ORIENTED_EDGE('',*,*,#1081,.T.);
#1635=ORIENTED_EDGE('',*,*,#1241,.T.);
#1636=ORIENTED_EDGE('',*,*,#1186,.T.);
#1637=ORIENTED_EDGE('',*,*,#1242,.F.);
#1638=ORIENTED_EDGE('',*,*,#1104,.T.);
#1639=ORIENTED_EDGE('',*,*,#1243,.F.);
#1640=ORIENTED_EDGE('',*,*,#1163,.F.);
#1641=ORIENTED_EDGE('',*,*,#1244,.F.);
#1642=ORIENTED_EDGE('',*,*,#1165,.T.);
#1643=ORIENTED_EDGE('',*,*,#1245,.F.);
#1644=ORIENTED_EDGE('',*,*,#1102,.F.);
#1645=ORIENTED_EDGE('',*,*,#1245,.T.);
#1646=ORIENTED_EDGE('',*,*,#1164,.T.);
#1647=ORIENTED_EDGE('',*,*,#1243,.T.);
#1648=ORIENTED_EDGE('',*,*,#1103,.T.);
#1649=ORIENTED_EDGE('',*,*,#1213,.T.);
#1650=ORIENTED_EDGE('',*,*,#1166,.T.);
#1651=ORIENTED_EDGE('',*,*,#1244,.T.);
#1652=ORIENTED_EDGE('',*,*,#1101,.T.);
#1653=ORIENTED_EDGE('',*,*,#1246,.F.);
#1654=ORIENTED_EDGE('',*,*,#1120,.T.);
#1655=ORIENTED_EDGE('',*,*,#1247,.F.);
#1656=ORIENTED_EDGE('',*,*,#1147,.F.);
#1657=ORIENTED_EDGE('',*,*,#1248,.F.);
#1658=ORIENTED_EDGE('',*,*,#1149,.T.);
#1659=ORIENTED_EDGE('',*,*,#1249,.F.);
#1660=ORIENTED_EDGE('',*,*,#1118,.F.);
#1661=ORIENTED_EDGE('',*,*,#1249,.T.);
#1662=ORIENTED_EDGE('',*,*,#1148,.T.);
#1663=ORIENTED_EDGE('',*,*,#1247,.T.);
#1664=ORIENTED_EDGE('',*,*,#1119,.T.);
#1665=ORIENTED_EDGE('',*,*,#1218,.T.);
#1666=ORIENTED_EDGE('',*,*,#1150,.T.);
#1667=ORIENTED_EDGE('',*,*,#1248,.T.);
#1668=ORIENTED_EDGE('',*,*,#1117,.T.);
#1669=ORIENTED_EDGE('',*,*,#1227,.F.);
#1670=ORIENTED_EDGE('',*,*,#1124,.T.);
#1671=ORIENTED_EDGE('',*,*,#1250,.F.);
#1672=ORIENTED_EDGE('',*,*,#1143,.F.);
#1673=ORIENTED_EDGE('',*,*,#1251,.F.);
#1674=ORIENTED_EDGE('',*,*,#1145,.T.);
#1675=ORIENTED_EDGE('',*,*,#1252,.F.);
#1676=ORIENTED_EDGE('',*,*,#1122,.F.);
#1677=ORIENTED_EDGE('',*,*,#1252,.T.);
#1678=ORIENTED_EDGE('',*,*,#1144,.T.);
#1679=ORIENTED_EDGE('',*,*,#1250,.T.);
#1680=ORIENTED_EDGE('',*,*,#1123,.T.);
#1681=ORIENTED_EDGE('',*,*,#1246,.T.);
#1682=ORIENTED_EDGE('',*,*,#1146,.T.);
#1683=ORIENTED_EDGE('',*,*,#1251,.T.);
#1684=ORIENTED_EDGE('',*,*,#1121,.T.);
#1685=ORIENTED_EDGE('',*,*,#1231,.F.);
#1686=ORIENTED_EDGE('',*,*,#1108,.T.);
#1687=ORIENTED_EDGE('',*,*,#1253,.F.);
#1688=ORIENTED_EDGE('',*,*,#1159,.F.);
#1689=ORIENTED_EDGE('',*,*,#1254,.F.);
#1690=ORIENTED_EDGE('',*,*,#1161,.T.);
#1691=ORIENTED_EDGE('',*,*,#1255,.F.);
#1692=ORIENTED_EDGE('',*,*,#1106,.F.);
#1693=ORIENTED_EDGE('',*,*,#1255,.T.);
#1694=ORIENTED_EDGE('',*,*,#1160,.T.);
#1695=ORIENTED_EDGE('',*,*,#1253,.T.);
#1696=ORIENTED_EDGE('',*,*,#1107,.T.);
#1697=ORIENTED_EDGE('',*,*,#1242,.T.);
#1698=ORIENTED_EDGE('',*,*,#1162,.T.);
#1699=ORIENTED_EDGE('',*,*,#1254,.T.);
#1700=ORIENTED_EDGE('',*,*,#1105,.T.);
#1701=ORIENTED_EDGE('',*,*,#1217,.F.);
#1702=ORIENTED_EDGE('',*,*,#1096,.T.);
#1703=ORIENTED_EDGE('',*,*,#1256,.F.);
#1704=ORIENTED_EDGE('',*,*,#1171,.F.);
#1705=ORIENTED_EDGE('',*,*,#1257,.F.);
#1706=ORIENTED_EDGE('',*,*,#1173,.T.);
#1707=ORIENTED_EDGE('',*,*,#1258,.F.);
#1708=ORIENTED_EDGE('',*,*,#1094,.F.);
#1709=ORIENTED_EDGE('',*,*,#1258,.T.);
#1710=ORIENTED_EDGE('',*,*,#1172,.T.);
#1711=ORIENTED_EDGE('',*,*,#1256,.T.);
#1712=ORIENTED_EDGE('',*,*,#1095,.T.);
#1713=ORIENTED_EDGE('',*,*,#1232,.T.);
#1714=ORIENTED_EDGE('',*,*,#1174,.T.);
#1715=ORIENTED_EDGE('',*,*,#1257,.T.);
#1716=ORIENTED_EDGE('',*,*,#1093,.T.);
#1717=ORIENTED_EDGE('',*,*,#1241,.F.);
#1718=ORIENTED_EDGE('',*,*,#1080,.T.);
#1719=ORIENTED_EDGE('',*,*,#1259,.F.);
#1720=ORIENTED_EDGE('',*,*,#1187,.F.);
#1721=ORIENTED_EDGE('',*,*,#1260,.F.);
#1722=ORIENTED_EDGE('',*,*,#1189,.T.);
#1723=ORIENTED_EDGE('',*,*,#1261,.F.);
#1724=ORIENTED_EDGE('',*,*,#1078,.F.);
#1725=ORIENTED_EDGE('',*,*,#1261,.T.);
#1726=ORIENTED_EDGE('',*,*,#1188,.T.);
#1727=ORIENTED_EDGE('',*,*,#1259,.T.);
#1728=ORIENTED_EDGE('',*,*,#1079,.T.);
#1729=ORIENTED_EDGE('',*,*,#1235,.T.);
#1730=ORIENTED_EDGE('',*,*,#1190,.T.);
#1731=ORIENTED_EDGE('',*,*,#1260,.T.);
#1732=ORIENTED_EDGE('',*,*,#1077,.T.);
#1733=ORIENTED_EDGE('',*,*,#1051,.T.);
#1734=ORIENTED_EDGE('',*,*,#1262,.F.);
#1735=ORIENTED_EDGE('',*,*,#1263,.T.);
#1736=ORIENTED_EDGE('',*,*,#1264,.F.);
#1737=ORIENTED_EDGE('',*,*,#1264,.T.);
#1738=ORIENTED_EDGE('',*,*,#1265,.T.);
#1739=ORIENTED_EDGE('',*,*,#1266,.F.);
#1740=ORIENTED_EDGE('',*,*,#1052,.F.);
#1741=ORIENTED_EDGE('',*,*,#1223,.T.);
#1742=ORIENTED_EDGE('',*,*,#1138,.T.);
#1743=ORIENTED_EDGE('',*,*,#1267,.T.);
#1744=ORIENTED_EDGE('',*,*,#1129,.T.);
#1745=ORIENTED_EDGE('',*,*,#1268,.F.);
#1746=ORIENTED_EDGE('',*,*,#1055,.T.);
#1747=ORIENTED_EDGE('',*,*,#1269,.F.);
#1748=ORIENTED_EDGE('',*,*,#1270,.T.);
#1749=ORIENTED_EDGE('',*,*,#1268,.T.);
#1750=ORIENTED_EDGE('',*,*,#1271,.T.);
#1751=ORIENTED_EDGE('',*,*,#1272,.F.);
#1752=ORIENTED_EDGE('',*,*,#1056,.F.);
#1753=ORIENTED_EDGE('',*,*,#1262,.T.);
#1754=ORIENTED_EDGE('',*,*,#1050,.T.);
#1755=ORIENTED_EDGE('',*,*,#1273,.F.);
#1756=ORIENTED_EDGE('',*,*,#1274,.F.);
#1757=ORIENTED_EDGE('',*,*,#1275,.T.);
#1758=ORIENTED_EDGE('',*,*,#1045,.T.);
#1759=ORIENTED_EDGE('',*,*,#1276,.T.);
#1760=ORIENTED_EDGE('',*,*,#1273,.T.);
#1761=ORIENTED_EDGE('',*,*,#1049,.T.);
#1762=ORIENTED_EDGE('',*,*,#1277,.T.);
#1763=ORIENTED_EDGE('',*,*,#1278,.T.);
#1764=ORIENTED_EDGE('',*,*,#1040,.T.);
#1765=ORIENTED_EDGE('',*,*,#1047,.T.);
#1766=ORIENTED_EDGE('',*,*,#1058,.T.);
#1767=ORIENTED_EDGE('',*,*,#1057,.T.);
#1768=ORIENTED_EDGE('',*,*,#1272,.T.);
#1769=ORIENTED_EDGE('',*,*,#1269,.T.);
#1770=ORIENTED_EDGE('',*,*,#1054,.T.);
#1771=ORIENTED_EDGE('',*,*,#1279,.F.);
#1772=ORIENTED_EDGE('',*,*,#1280,.F.);
#1773=ORIENTED_EDGE('',*,*,#1267,.F.);
#1774=ORIENTED_EDGE('',*,*,#1281,.T.);
#1775=ORIENTED_EDGE('',*,*,#1277,.F.);
#1776=ORIENTED_EDGE('',*,*,#1271,.F.);
#1777=ORIENTED_EDGE('',*,*,#1270,.F.);
#1778=ORIENTED_EDGE('',*,*,#1280,.T.);
#1779=ORIENTED_EDGE('',*,*,#1282,.F.);
#1780=ORIENTED_EDGE('',*,*,#1265,.F.);
#1781=ORIENTED_EDGE('',*,*,#1263,.F.);
#1782=ORIENTED_EDGE('',*,*,#1274,.T.);
#1783=ORIENTED_EDGE('',*,*,#1276,.F.);
#1784=ORIENTED_EDGE('',*,*,#1044,.F.);
#1785=ORIENTED_EDGE('',*,*,#1266,.T.);
#1786=ORIENTED_EDGE('',*,*,#1282,.T.);
#1787=ORIENTED_EDGE('',*,*,#1279,.T.);
#1788=ORIENTED_EDGE('',*,*,#1053,.T.);
#1789=ORIENTED_EDGE('',*,*,#1283,.F.);
#1790=ORIENTED_EDGE('',*,*,#1284,.T.);
#1791=ORIENTED_EDGE('',*,*,#1285,.F.);
#1792=ORIENTED_EDGE('',*,*,#1286,.T.);
#1793=ORIENTED_EDGE('',*,*,#1285,.T.);
#1794=ORIENTED_EDGE('',*,*,#1287,.T.);
#1795=ORIENTED_EDGE('',*,*,#1288,.F.);
#1796=ORIENTED_EDGE('',*,*,#1289,.F.);
#1797=ORIENTED_EDGE('',*,*,#1288,.T.);
#1798=ORIENTED_EDGE('',*,*,#1290,.T.);
#1799=ORIENTED_EDGE('',*,*,#1067,.T.);
#1800=ORIENTED_EDGE('',*,*,#1291,.T.);
#1801=ORIENTED_EDGE('',*,*,#1292,.F.);
#1802=ORIENTED_EDGE('',*,*,#1293,.T.);
#1803=ORIENTED_EDGE('',*,*,#1294,.F.);
#1804=ORIENTED_EDGE('',*,*,#1295,.T.);
#1805=ORIENTED_EDGE('',*,*,#1294,.T.);
#1806=ORIENTED_EDGE('',*,*,#1296,.T.);
#1807=ORIENTED_EDGE('',*,*,#1297,.F.);
#1808=ORIENTED_EDGE('',*,*,#1298,.F.);
#1809=ORIENTED_EDGE('',*,*,#1283,.T.);
#1810=ORIENTED_EDGE('',*,*,#1299,.T.);
#1811=ORIENTED_EDGE('',*,*,#1300,.F.);
#1812=ORIENTED_EDGE('',*,*,#1301,.F.);
#1813=ORIENTED_EDGE('',*,*,#1297,.T.);
#1814=ORIENTED_EDGE('',*,*,#1302,.T.);
#1815=ORIENTED_EDGE('',*,*,#1300,.T.);
#1816=ORIENTED_EDGE('',*,*,#1303,.T.);
#1817=ORIENTED_EDGE('',*,*,#1060,.T.);
#1818=ORIENTED_EDGE('',*,*,#1198,.T.);
#1819=ORIENTED_EDGE('',*,*,#1304,.F.);
#1820=ORIENTED_EDGE('',*,*,#1305,.F.);
#1821=ORIENTED_EDGE('',*,*,#1306,.F.);
#1822=ORIENTED_EDGE('',*,*,#1307,.F.);
#1823=ORIENTED_EDGE('',*,*,#1295,.F.);
#1824=ORIENTED_EDGE('',*,*,#1298,.T.);
#1825=ORIENTED_EDGE('',*,*,#1303,.F.);
#1826=ORIENTED_EDGE('',*,*,#1299,.F.);
#1827=ORIENTED_EDGE('',*,*,#1286,.F.);
#1828=ORIENTED_EDGE('',*,*,#1289,.T.);
#1829=ORIENTED_EDGE('',*,*,#1291,.F.);
#1830=ORIENTED_EDGE('',*,*,#1066,.F.);
#1831=ORIENTED_EDGE('',*,*,#1204,.F.);
#1832=ORIENTED_EDGE('',*,*,#1203,.F.);
#1833=ORIENTED_EDGE('',*,*,#1202,.F.);
#1834=ORIENTED_EDGE('',*,*,#1201,.F.);
#1835=ORIENTED_EDGE('',*,*,#1200,.F.);
#1836=ORIENTED_EDGE('',*,*,#1068,.T.);
#1837=ORIENTED_EDGE('',*,*,#1290,.F.);
#1838=ORIENTED_EDGE('',*,*,#1287,.F.);
#1839=ORIENTED_EDGE('',*,*,#1284,.F.);
#1840=ORIENTED_EDGE('',*,*,#1301,.T.);
#1841=ORIENTED_EDGE('',*,*,#1302,.F.);
#1842=ORIENTED_EDGE('',*,*,#1296,.F.);
#1843=ORIENTED_EDGE('',*,*,#1293,.F.);
#1844=ORIENTED_EDGE('',*,*,#1308,.T.);
#1845=ORIENTED_EDGE('',*,*,#1309,.F.);
#1846=ORIENTED_EDGE('',*,*,#1310,.F.);
#1847=ORIENTED_EDGE('',*,*,#1311,.F.);
#1848=ORIENTED_EDGE('',*,*,#1196,.F.);
#1849=ORIENTED_EDGE('',*,*,#1206,.F.);
#1850=ORIENTED_EDGE('',*,*,#1205,.F.);
#1851=ORIENTED_EDGE('',*,*,#1292,.T.);
#1852=ORIENTED_EDGE('',*,*,#1307,.T.);
#1853=ORIENTED_EDGE('',*,*,#1312,.F.);
#1854=ORIENTED_EDGE('',*,*,#1308,.F.);
#1855=ORIENTED_EDGE('',*,*,#1197,.T.);
#1856=ORIENTED_EDGE('',*,*,#1311,.T.);
#1857=ORIENTED_EDGE('',*,*,#1310,.T.);
#1858=ORIENTED_EDGE('',*,*,#1309,.T.);
#1859=ORIENTED_EDGE('',*,*,#1312,.T.);
#1860=ORIENTED_EDGE('',*,*,#1306,.T.);
#1861=ORIENTED_EDGE('',*,*,#1305,.T.);
#1862=ORIENTED_EDGE('',*,*,#1304,.T.);
#1863=ORIENTED_EDGE('',*,*,#1035,.T.);
#1864=ORIENTED_EDGE('',*,*,#1046,.T.);
#1865=ORIENTED_EDGE('',*,*,#1275,.F.);
#1866=ORIENTED_EDGE('',*,*,#1048,.F.);
#1867=ORIENTED_EDGE('',*,*,#1038,.T.);
#1868=ORIENTED_EDGE('',*,*,#1041,.T.);
#1869=ORIENTED_EDGE('',*,*,#1278,.F.);
#1870=ORIENTED_EDGE('',*,*,#1281,.F.);
#1871=ORIENTED_EDGE('',*,*,#1137,.F.);
#1872=ORIENTED_EDGE('',*,*,#1063,.T.);
#1873=CYLINDRICAL_SURFACE('',#1981,5.);
#1874=CYLINDRICAL_SURFACE('',#1989,5.);
#1875=ADVANCED_FACE('',(#105),#1873,.F.);
#1876=ADVANCED_FACE('',(#106),#15,.T.);
#1877=ADVANCED_FACE('',(#107),#16,.T.);
#1878=ADVANCED_FACE('',(#108),#17,.T.);
#1879=ADVANCED_FACE('',(#109),#1874,.F.);
#1880=ADVANCED_FACE('',(#110),#18,.F.);
#1881=ADVANCED_FACE('',(#111),#19,.T.);
#1882=ADVANCED_FACE('',(#112),#20,.T.);
#1883=ADVANCED_FACE('',(#113),#21,.T.);
#1884=ADVANCED_FACE('',(#114),#22,.T.);
#1885=ADVANCED_FACE('',(#115),#23,.T.);
#1886=ADVANCED_FACE('',(#116),#24,.T.);
#1887=ADVANCED_FACE('',(#117),#25,.T.);
#1888=ADVANCED_FACE('',(#118),#26,.T.);
#1889=ADVANCED_FACE('',(#119),#27,.T.);
#1890=ADVANCED_FACE('',(#120),#28,.T.);
#1891=ADVANCED_FACE('',(#121),#29,.T.);
#1892=ADVANCED_FACE('',(#122),#30,.T.);
#1893=ADVANCED_FACE('',(#123),#31,.T.);
#1894=ADVANCED_FACE('',(#124),#32,.T.);
#1895=ADVANCED_FACE('',(#125),#33,.T.);
#1896=ADVANCED_FACE('',(#126),#34,.T.);
#1897=ADVANCED_FACE('',(#127),#35,.T.);
#1898=ADVANCED_FACE('',(#128),#36,.T.);
#1899=ADVANCED_FACE('',(#129),#37,.T.);
#1900=ADVANCED_FACE('',(#130),#38,.T.);
#1901=ADVANCED_FACE('',(#131),#39,.T.);
#1902=ADVANCED_FACE('',(#132),#40,.T.);
#1903=ADVANCED_FACE('',(#133),#41,.T.);
#1904=ADVANCED_FACE('',(#134),#42,.T.);
#1905=ADVANCED_FACE('',(#135),#43,.T.);
#1906=ADVANCED_FACE('',(#136),#44,.T.);
#1907=ADVANCED_FACE('',(#137),#45,.T.);
#1908=ADVANCED_FACE('',(#138),#46,.T.);
#1909=ADVANCED_FACE('',(#139),#47,.T.);
#1910=ADVANCED_FACE('',(#140),#48,.T.);
#1911=ADVANCED_FACE('',(#141),#49,.T.);
#1912=ADVANCED_FACE('',(#142),#50,.T.);
#1913=ADVANCED_FACE('',(#143),#51,.T.);
#1914=ADVANCED_FACE('',(#144),#52,.T.);
#1915=ADVANCED_FACE('',(#145),#53,.T.);
#1916=ADVANCED_FACE('',(#146),#54,.T.);
#1917=ADVANCED_FACE('',(#147),#55,.T.);
#1918=ADVANCED_FACE('',(#148),#56,.T.);
#1919=ADVANCED_FACE('',(#149),#57,.T.);
#1920=ADVANCED_FACE('',(#150),#58,.T.);
#1921=ADVANCED_FACE('',(#151),#59,.T.);
#1922=ADVANCED_FACE('',(#152),#60,.T.);
#1923=ADVANCED_FACE('',(#153),#61,.T.);
#1924=ADVANCED_FACE('',(#154),#62,.T.);
#1925=ADVANCED_FACE('',(#155),#63,.T.);
#1926=ADVANCED_FACE('',(#156),#64,.T.);
#1927=ADVANCED_FACE('',(#157),#65,.T.);
#1928=ADVANCED_FACE('',(#158),#66,.T.);
#1929=ADVANCED_FACE('',(#159),#67,.T.);
#1930=ADVANCED_FACE('',(#160),#68,.T.);
#1931=ADVANCED_FACE('',(#161),#69,.T.);
#1932=ADVANCED_FACE('',(#162),#70,.T.);
#1933=ADVANCED_FACE('',(#163),#71,.T.);
#1934=ADVANCED_FACE('',(#164),#72,.T.);
#1935=ADVANCED_FACE('',(#165),#73,.T.);
#1936=ADVANCED_FACE('',(#166),#74,.T.);
#1937=ADVANCED_FACE('',(#167),#75,.T.);
#1938=ADVANCED_FACE('',(#168),#76,.T.);
#1939=ADVANCED_FACE('',(#169),#77,.T.);
#1940=ADVANCED_FACE('',(#170),#78,.T.);
#1941=ADVANCED_FACE('',(#171),#79,.T.);
#1942=ADVANCED_FACE('',(#172),#80,.T.);
#1943=ADVANCED_FACE('',(#173),#81,.T.);
#1944=ADVANCED_FACE('',(#174),#82,.T.);
#1945=ADVANCED_FACE('',(#175),#83,.T.);
#1946=ADVANCED_FACE('',(#176),#84,.T.);
#1947=ADVANCED_FACE('',(#177),#85,.T.);
#1948=ADVANCED_FACE('',(#178),#86,.T.);
#1949=ADVANCED_FACE('',(#179),#87,.T.);
#1950=ADVANCED_FACE('',(#180),#88,.T.);
#1951=ADVANCED_FACE('',(#181),#89,.T.);
#1952=ADVANCED_FACE('',(#182),#90,.T.);
#1953=ADVANCED_FACE('',(#183),#91,.T.);
#1954=ADVANCED_FACE('',(#184),#92,.T.);
#1955=ADVANCED_FACE('',(#185),#93,.T.);
#1956=ADVANCED_FACE('',(#186),#94,.T.);
#1957=ADVANCED_FACE('',(#187),#95,.T.);
#1958=ADVANCED_FACE('',(#188),#96,.T.);
#1959=ADVANCED_FACE('',(#189),#97,.T.);
#1960=ADVANCED_FACE('',(#190),#98,.T.);
#1961=ADVANCED_FACE('',(#191),#99,.T.);
#1962=ADVANCED_FACE('',(#192),#100,.T.);
#1963=ADVANCED_FACE('',(#193),#101,.T.);
#1964=ADVANCED_FACE('',(#194),#102,.T.);
#1965=ADVANCED_FACE('',(#195),#103,.T.);
#1966=ADVANCED_FACE('',(#196),#104,.T.);
#1967=CLOSED_SHELL('',(#1875,#1876,#1877,#1878,#1879,#1880,#1881,#1882,
#1883,#1884,#1885,#1886,#1887,#1888,#1889,#1890,#1891,#1892,#1893,#1894,
#1895,#1896,#1897,#1898,#1899,#1900,#1901,#1902,#1903,#1904,#1905,#1906,
#1907,#1908,#1909,#1910,#1911,#1912,#1913,#1914,#1915,#1916,#1917,#1918,
#1919,#1920,#1921,#1922,#1923,#1924,#1925,#1926,#1927,#1928,#1929,#1930,
#1931,#1932,#1933,#1934,#1935,#1936,#1937,#1938,#1939,#1940,#1941,#1942,
#1943,#1944,#1945,#1946,#1947,#1948,#1949,#1950,#1951,#1952,#1953,#1954,
#1955,#1956,#1957,#1958,#1959,#1960,#1961,#1962,#1963,#1964,#1965,#1966));
#1968=DERIVED_UNIT_ELEMENT(#1970,1.);
#1969=DERIVED_UNIT_ELEMENT(#3119,-3.);
#1970=(
MASS_UNIT()
NAMED_UNIT(*)
SI_UNIT(.KILO.,.GRAM.)
);
#1971=DERIVED_UNIT((#1968,#1969));
#1972=MEASURE_REPRESENTATION_ITEM('density measure',
POSITIVE_RATIO_MEASURE(7850.),#1971);
#1973=PROPERTY_DEFINITION_REPRESENTATION(#1978,#1975);
#1974=PROPERTY_DEFINITION_REPRESENTATION(#1979,#1976);
#1975=REPRESENTATION('material name',(#1977),#3116);
#1976=REPRESENTATION('density',(#1972),#3116);
#1977=DESCRIPTIVE_REPRESENTATION_ITEM('Steel','Steel');
#1978=PROPERTY_DEFINITION('material property','material name',#3126);
#1979=PROPERTY_DEFINITION('material property','density of part',#3126);
#1980=AXIS2_PLACEMENT_3D('',#2551,#2079,#2080);
#1981=AXIS2_PLACEMENT_3D('',#2552,#2081,#2082);
#1982=AXIS2_PLACEMENT_3D('',#2557,#2084,#2085);
#1983=AXIS2_PLACEMENT_3D('',#2559,#2086,#2087);
#1984=AXIS2_PLACEMENT_3D('',#2563,#2089,#2090);
#1985=AXIS2_PLACEMENT_3D('',#2564,#2091,#2092);
#1986=AXIS2_PLACEMENT_3D('',#2565,#2093,#2094);
#1987=AXIS2_PLACEMENT_3D('',#2571,#2098,#2099);
#1988=AXIS2_PLACEMENT_3D('',#2581,#2105,#2106);
#1989=AXIS2_PLACEMENT_3D('',#2605,#2119,#2120);
#1990=AXIS2_PLACEMENT_3D('',#2608,#2121,#2122);
#1991=AXIS2_PLACEMENT_3D('',#2612,#2124,#2125);
#1992=AXIS2_PLACEMENT_3D('',#2614,#2127,#2128);
#1993=AXIS2_PLACEMENT_3D('',#2619,#2132,#2133);
#1994=AXIS2_PLACEMENT_3D('',#2747,#2198,#2199);
#1995=AXIS2_PLACEMENT_3D('',#2753,#2203,#2204);
#1996=AXIS2_PLACEMENT_3D('',#2759,#2208,#2209);
#1997=AXIS2_PLACEMENT_3D('',#2761,#2211,#2212);
#1998=AXIS2_PLACEMENT_3D('',#2884,#2275,#2276);
#1999=AXIS2_PLACEMENT_3D('',#2886,#2278,#2279);
#2000=AXIS2_PLACEMENT_3D('',#2900,#2287,#2288);
#2001=AXIS2_PLACEMENT_3D('',#2903,#2291,#2292);
#2002=AXIS2_PLACEMENT_3D('',#2906,#2295,#2296);
#2003=AXIS2_PLACEMENT_3D('',#2907,#2297,#2298);
#2004=AXIS2_PLACEMENT_3D('',#2909,#2300,#2301);
#2005=AXIS2_PLACEMENT_3D('',#2911,#2303,#2304);
#2006=AXIS2_PLACEMENT_3D('',#2914,#2307,#2308);
#2007=AXIS2_PLACEMENT_3D('',#2917,#2311,#2312);
#2008=AXIS2_PLACEMENT_3D('',#2918,#2313,#2314);
#2009=AXIS2_PLACEMENT_3D('',#2920,#2316,#2317);
#2010=AXIS2_PLACEMENT_3D('',#2923,#2320,#2321);
#2011=AXIS2_PLACEMENT_3D('',#2926,#2324,#2325);
#2012=AXIS2_PLACEMENT_3D('',#2927,#2326,#2327);
#2013=AXIS2_PLACEMENT_3D('',#2929,#2329,#2330);
#2014=AXIS2_PLACEMENT_3D('',#2932,#2333,#2334);
#2015=AXIS2_PLACEMENT_3D('',#2935,#2337,#2338);
#2016=AXIS2_PLACEMENT_3D('',#2936,#2339,#2340);
#2017=AXIS2_PLACEMENT_3D('',#2938,#2342,#2343);
#2018=AXIS2_PLACEMENT_3D('',#2940,#2345,#2346);
#2019=AXIS2_PLACEMENT_3D('',#2943,#2349,#2350);
#2020=AXIS2_PLACEMENT_3D('',#2944,#2351,#2352);
#2021=AXIS2_PLACEMENT_3D('',#2946,#2354,#2355);
#2022=AXIS2_PLACEMENT_3D('',#2949,#2358,#2359);
#2023=AXIS2_PLACEMENT_3D('',#2951,#2361,#2362);
#2024=AXIS2_PLACEMENT_3D('',#2952,#2363,#2364);
#2025=AXIS2_PLACEMENT_3D('',#2955,#2367,#2368);
#2026=AXIS2_PLACEMENT_3D('',#2957,#2370,#2371);
#2027=AXIS2_PLACEMENT_3D('',#2958,#2372,#2373);
#2028=AXIS2_PLACEMENT_3D('',#2960,#2375,#2376);
#2029=AXIS2_PLACEMENT_3D('',#2963,#2379,#2380);
#2030=AXIS2_PLACEMENT_3D('',#2964,#2381,#2382);
#2031=AXIS2_PLACEMENT_3D('',#2966,#2384,#2385);
#2032=AXIS2_PLACEMENT_3D('',#2969,#2388,#2389);
#2033=AXIS2_PLACEMENT_3D('',#2972,#2392,#2393);
#2034=AXIS2_PLACEMENT_3D('',#2973,#2394,#2395);
#2035=AXIS2_PLACEMENT_3D('',#2974,#2396,#2397);
#2036=AXIS2_PLACEMENT_3D('',#2977,#2400,#2401);
#2037=AXIS2_PLACEMENT_3D('',#2980,#2404,#2405);
#2038=AXIS2_PLACEMENT_3D('',#2981,#2406,#2407);
#2039=AXIS2_PLACEMENT_3D('',#2982,#2408,#2409);
#2040=AXIS2_PLACEMENT_3D('',#2984,#2411,#2412);
#2041=AXIS2_PLACEMENT_3D('',#2987,#2415,#2416);
#2042=AXIS2_PLACEMENT_3D('',#2988,#2417,#2418);
#2043=AXIS2_PLACEMENT_3D('',#2989,#2419,#2420);
#2044=AXIS2_PLACEMENT_3D('',#2991,#2422,#2423);
#2045=AXIS2_PLACEMENT_3D('',#2994,#2426,#2427);
#2046=AXIS2_PLACEMENT_3D('',#2995,#2428,#2429);
#2047=AXIS2_PLACEMENT_3D('',#2996,#2430,#2431);
#2048=AXIS2_PLACEMENT_3D('',#2998,#2433,#2434);
#2049=AXIS2_PLACEMENT_3D('',#3001,#2437,#2438);
#2050=AXIS2_PLACEMENT_3D('',#3002,#2439,#2440);
#2051=AXIS2_PLACEMENT_3D('',#3003,#2441,#2442);
#2052=AXIS2_PLACEMENT_3D('',#3005,#2444,#2445);
#2053=AXIS2_PLACEMENT_3D('',#3008,#2448,#2449);
#2054=AXIS2_PLACEMENT_3D('',#3009,#2450,#2451);
#2055=AXIS2_PLACEMENT_3D('',#3010,#2452,#2453);
#2056=AXIS2_PLACEMENT_3D('',#3016,#2457,#2458);
#2057=AXIS2_PLACEMENT_3D('',#3020,#2461,#2462);
#2058=AXIS2_PLACEMENT_3D('',#3022,#2464,#2465);
#2059=AXIS2_PLACEMENT_3D('',#3028,#2469,#2470);
#2060=AXIS2_PLACEMENT_3D('',#3032,#2473,#2474);
#2061=AXIS2_PLACEMENT_3D('',#3036,#2477,#2478);
#2062=AXIS2_PLACEMENT_3D('',#3039,#2481,#2482);
#2063=AXIS2_PLACEMENT_3D('',#3043,#2485,#2486);
#2064=AXIS2_PLACEMENT_3D('',#3047,#2489,#2490);
#2065=AXIS2_PLACEMENT_3D('',#3050,#2493,#2494);
#2066=AXIS2_PLACEMENT_3D('',#3051,#2495,#2496);
#2067=AXIS2_PLACEMENT_3D('',#3060,#2501,#2502);
#2068=AXIS2_PLACEMENT_3D('',#3066,#2506,#2507);
#2069=AXIS2_PLACEMENT_3D('',#3069,#2510,#2511);
#2070=AXIS2_PLACEMENT_3D('',#3078,#2516,#2517);
#2071=AXIS2_PLACEMENT_3D('',#3084,#2521,#2522);
#2072=AXIS2_PLACEMENT_3D('',#3090,#2526,#2527);
#2073=AXIS2_PLACEMENT_3D('',#3093,#2530,#2531);
#2074=AXIS2_PLACEMENT_3D('',#3101,#2536,#2537);
#2075=AXIS2_PLACEMENT_3D('',#3109,#2542,#2543);
#2076=AXIS2_PLACEMENT_3D('',#3111,#2545,#2546);
#2077=AXIS2_PLACEMENT_3D('',#3112,#2547,#2548);
#2078=AXIS2_PLACEMENT_3D('',#3113,#2549,#2550);
#2079=DIRECTION('axis',(0.,0.,1.));
#2080=DIRECTION('refdir',(1.,0.,0.));
#2081=DIRECTION('center_axis',(0.,1.,0.));
#2082=DIRECTION('ref_axis',(1.,0.,0.));
#2083=DIRECTION('',(0.,-1.,0.));
#2084=DIRECTION('center_axis',(2.89258368400609E-7,-0.999999999999958,0.));
#2085=DIRECTION('ref_axis',(0.999999999999958,2.89258368400609E-7,0.));
#2086=DIRECTION('center_axis',(0.,-1.,0.));
#2087=DIRECTION('ref_axis',(1.,0.,0.));
#2088=DIRECTION('',(0.,1.,0.));
#2089=DIRECTION('center_axis',(0.,1.,0.));
#2090=DIRECTION('ref_axis',(1.,0.,0.));
#2091=DIRECTION('center_axis',(-2.89258368400609E-7,0.999999999999958,0.));
#2092=DIRECTION('ref_axis',(0.999999999999958,2.89258368400609E-7,0.));
#2093=DIRECTION('center_axis',(0.,-1.,0.));
#2094=DIRECTION('ref_axis',(1.,0.,0.));
#2095=DIRECTION('',(0.,0.,1.));
#2096=DIRECTION('',(1.,0.,0.));
#2097=DIRECTION('',(0.,0.,1.));
#2098=DIRECTION('center_axis',(-2.89258368400609E-7,0.999999999999958,0.));
#2099=DIRECTION('ref_axis',(-0.999999999999958,-2.89258368400609E-7,0.));
#2100=DIRECTION('',(-0.999999999999958,-2.89258368400608E-7,0.));
#2101=DIRECTION('',(0.,0.,1.));
#2102=DIRECTION('',(0.,0.,1.));
#2103=DIRECTION('',(-0.999999999999958,-2.89258368400608E-7,0.));
#2104=DIRECTION('',(0.,0.,1.));
#2105=DIRECTION('center_axis',(1.,0.,0.));
#2106=DIRECTION('ref_axis',(0.,1.,0.));
#2107=DIRECTION('',(0.,1.,0.));
#2108=DIRECTION('',(0.,0.,1.));
#2109=DIRECTION('',(0.,1.,0.));
#2110=DIRECTION('',(0.,0.,1.));
#2111=DIRECTION('',(0.,1.,0.));
#2112=DIRECTION('',(0.,0.,1.));
#2113=DIRECTION('',(0.,1.,0.));
#2114=DIRECTION('',(0.,0.,1.));
#2115=DIRECTION('',(0.,1.,0.));
#2116=DIRECTION('',(0.,0.,1.));
#2117=DIRECTION('',(0.,1.,0.));
#2118=DIRECTION('',(0.,1.,0.));
#2119=DIRECTION('center_axis',(0.,1.,0.));
#2120=DIRECTION('ref_axis',(1.,0.,0.));
#2121=DIRECTION('center_axis',(0.,1.,0.));
#2122=DIRECTION('ref_axis',(1.,0.,0.));
#2123=DIRECTION('',(0.,-1.,0.));
#2124=DIRECTION('center_axis',(0.,-1.,0.));
#2125=DIRECTION('ref_axis',(1.,0.,0.));
#2126=DIRECTION('',(0.,1.,0.));
#2127=DIRECTION('center_axis',(0.,0.,1.));
#2128=DIRECTION('ref_axis',(1.,0.,0.));
#2129=DIRECTION('',(0.999999999999958,2.89258368400608E-7,0.));
#2130=DIRECTION('',(1.,0.,0.));
#2131=DIRECTION('',(1.,0.,0.));
#2132=DIRECTION('center_axis',(0.,1.,0.));
#2133=DIRECTION('ref_axis',(-1.,0.,0.));
#2134=DIRECTION('',(0.,0.,1.));
#2135=DIRECTION('',(-1.,0.,0.));
#2136=DIRECTION('',(0.,0.,1.));
#2137=DIRECTION('',(-1.,0.,0.));
#2138=DIRECTION('',(0.,0.,1.));
#2139=DIRECTION('',(-1.,0.,0.));
#2140=DIRECTION('',(0.,0.,1.));
#2141=DIRECTION('',(-1.,0.,0.));
#2142=DIRECTION('',(0.,0.,1.));
#2143=DIRECTION('',(-1.,0.,0.));
#2144=DIRECTION('',(0.,0.,1.));
#2145=DIRECTION('',(-1.,0.,0.));
#2146=DIRECTION('',(0.,0.,1.));
#2147=DIRECTION('',(-1.,0.,0.));
#2148=DIRECTION('',(0.,0.,1.));
#2149=DIRECTION('',(-1.,0.,0.));
#2150=DIRECTION('',(0.,0.,1.));
#2151=DIRECTION('',(-1.,0.,0.));
#2152=DIRECTION('',(0.,0.,1.));
#2153=DIRECTION('',(-1.,0.,0.));
#2154=DIRECTION('',(0.,0.,1.));
#2155=DIRECTION('',(-1.,0.,0.));
#2156=DIRECTION('',(0.,0.,1.));
#2157=DIRECTION('',(-1.,0.,0.));
#2158=DIRECTION('',(0.,0.,1.));
#2159=DIRECTION('',(-1.,0.,0.));
#2160=DIRECTION('',(0.,0.,1.));
#2161=DIRECTION('',(-1.,0.,0.));
#2162=DIRECTION('',(0.,0.,1.));
#2163=DIRECTION('',(-1.,0.,0.));
#2164=DIRECTION('',(0.,0.,1.));
#2165=DIRECTION('',(-1.,0.,0.));
#2166=DIRECTION('',(0.,0.,1.));
#2167=DIRECTION('',(-1.,0.,0.));
#2168=DIRECTION('',(0.,0.,1.));
#2169=DIRECTION('',(-1.,0.,0.));
#2170=DIRECTION('',(0.,0.,1.));
#2171=DIRECTION('',(-1.,0.,0.));
#2172=DIRECTION('',(0.,0.,1.));
#2173=DIRECTION('',(-1.,0.,0.));
#2174=DIRECTION('',(0.,0.,1.));
#2175=DIRECTION('',(-1.,0.,0.));
#2176=DIRECTION('',(0.,0.,1.));
#2177=DIRECTION('',(-1.,0.,0.));
#2178=DIRECTION('',(0.,0.,1.));
#2179=DIRECTION('',(-1.,0.,0.));
#2180=DIRECTION('',(0.,0.,1.));
#2181=DIRECTION('',(-1.,0.,0.));
#2182=DIRECTION('',(0.,0.,1.));
#2183=DIRECTION('',(-1.,0.,0.));
#2184=DIRECTION('',(0.,0.,1.));
#2185=DIRECTION('',(-1.,0.,0.));
#2186=DIRECTION('',(0.,0.,1.));
#2187=DIRECTION('',(-1.,0.,0.));
#2188=DIRECTION('',(0.,0.,1.));
#2189=DIRECTION('',(-1.,0.,0.));
#2190=DIRECTION('',(0.,0.,1.));
#2191=DIRECTION('',(-1.,0.,0.));
#2192=DIRECTION('',(0.,0.,1.));
#2193=DIRECTION('',(-1.,0.,0.));
#2194=DIRECTION('',(0.,0.,1.));
#2195=DIRECTION('',(-1.,0.,0.));
#2196=DIRECTION('',(0.,0.,1.));
#2197=DIRECTION('',(-1.,0.,0.));
#2198=DIRECTION('center_axis',(1.,0.,0.));
#2199=DIRECTION('ref_axis',(0.,1.,0.));
#2200=DIRECTION('',(0.,-1.,0.));
#2201=DIRECTION('',(0.,1.,0.));
#2202=DIRECTION('',(0.,0.,1.));
#2203=DIRECTION('center_axis',(-1.,0.,0.));
#2204=DIRECTION('ref_axis',(0.,-1.,0.));
#2205=DIRECTION('',(0.,1.,0.));
#2206=DIRECTION('',(0.,0.,1.));
#2207=DIRECTION('',(0.,-1.,0.));
#2208=DIRECTION('center_axis',(0.,0.,1.));
#2209=DIRECTION('ref_axis',(1.,0.,0.));
#2210=DIRECTION('',(1.,0.,0.));
#2211=DIRECTION('center_axis',(0.,-1.,0.));
#2212=DIRECTION('ref_axis',(1.,0.,0.));
#2213=DIRECTION('',(0.,0.,1.));
#2214=DIRECTION('',(1.,0.,0.));
#2215=DIRECTION('',(0.,0.,1.));
#2216=DIRECTION('',(1.,0.,0.));
#2217=DIRECTION('',(0.,0.,1.));
#2218=DIRECTION('',(1.,0.,0.));
#2219=DIRECTION('',(0.,0.,1.));
#2220=DIRECTION('',(1.,0.,0.));
#2221=DIRECTION('',(0.,0.,1.));
#2222=DIRECTION('',(1.,0.,0.));
#2223=DIRECTION('',(0.,0.,1.));
#2224=DIRECTION('',(1.,0.,0.));
#2225=DIRECTION('',(0.,0.,1.));
#2226=DIRECTION('',(1.,0.,0.));
#2227=DIRECTION('',(0.,0.,1.));
#2228=DIRECTION('',(1.,0.,0.));
#2229=DIRECTION('',(0.,0.,1.));
#2230=DIRECTION('',(1.,0.,0.));
#2231=DIRECTION('',(0.,0.,1.));
#2232=DIRECTION('',(1.,0.,0.));
#2233=DIRECTION('',(0.,0.,1.));
#2234=DIRECTION('',(1.,0.,0.));
#2235=DIRECTION('',(0.,0.,1.));
#2236=DIRECTION('',(1.,0.,0.));
#2237=DIRECTION('',(0.,0.,1.));
#2238=DIRECTION('',(1.,0.,0.));
#2239=DIRECTION('',(0.,0.,1.));
#2240=DIRECTION('',(1.,0.,0.));
#2241=DIRECTION('',(0.,0.,1.));
#2242=DIRECTION('',(1.,0.,0.));
#2243=DIRECTION('',(0.,0.,1.));
#2244=DIRECTION('',(1.,0.,0.));
#2245=DIRECTION('',(0.,0.,1.));
#2246=DIRECTION('',(1.,0.,0.));
#2247=DIRECTION('',(0.,0.,1.));
#2248=DIRECTION('',(1.,0.,0.));
#2249=DIRECTION('',(0.,0.,1.));
#2250=DIRECTION('',(1.,0.,0.));
#2251=DIRECTION('',(0.,0.,1.));
#2252=DIRECTION('',(1.,0.,0.));
#2253=DIRECTION('',(0.,0.,1.));
#2254=DIRECTION('',(1.,0.,0.));
#2255=DIRECTION('',(0.,0.,1.));
#2256=DIRECTION('',(1.,0.,0.));
#2257=DIRECTION('',(0.,0.,1.));
#2258=DIRECTION('',(1.,0.,0.));
#2259=DIRECTION('',(0.,0.,1.));
#2260=DIRECTION('',(1.,0.,0.));
#2261=DIRECTION('',(0.,0.,1.));
#2262=DIRECTION('',(1.,0.,0.));
#2263=DIRECTION('',(0.,0.,1.));
#2264=DIRECTION('',(1.,0.,0.));
#2265=DIRECTION('',(0.,0.,1.));
#2266=DIRECTION('',(1.,0.,0.));
#2267=DIRECTION('',(0.,0.,1.));
#2268=DIRECTION('',(1.,0.,0.));
#2269=DIRECTION('',(0.,0.,1.));
#2270=DIRECTION('',(1.,0.,0.));
#2271=DIRECTION('',(1.,0.,0.));
#2272=DIRECTION('',(0.,0.,1.));
#2273=DIRECTION('',(1.,0.,0.));
#2274=DIRECTION('',(0.,0.,1.));
#2275=DIRECTION('center_axis',(0.,0.,1.));
#2276=DIRECTION('ref_axis',(1.,0.,0.));
#2277=DIRECTION('',(0.,1.,0.));
#2278=DIRECTION('center_axis',(0.,0.,1.));
#2279=DIRECTION('ref_axis',(1.,0.,0.));
#2280=DIRECTION('',(0.,-1.,0.));
#2281=DIRECTION('',(0.,-1.,0.));
#2282=DIRECTION('',(0.,-1.,0.));
#2283=DIRECTION('',(0.,-1.,0.));
#2284=DIRECTION('',(0.,-1.,0.));
#2285=DIRECTION('',(0.,-1.,0.));
#2286=DIRECTION('',(0.,-1.,0.));
#2287=DIRECTION('center_axis',(1.,0.,0.));
#2288=DIRECTION('ref_axis',(0.,1.,0.));
#2289=DIRECTION('',(0.,-1.,0.));
#2290=DIRECTION('',(0.,1.,0.));
#2291=DIRECTION('center_axis',(-1.,0.,0.));
#2292=DIRECTION('ref_axis',(0.,-1.,0.));
#2293=DIRECTION('',(0.,1.,0.));
#2294=DIRECTION('',(0.,-1.,0.));
#2295=DIRECTION('center_axis',(0.,0.,1.));
#2296=DIRECTION('ref_axis',(1.,0.,0.));
#2297=DIRECTION('center_axis',(0.,0.,1.));
#2298=DIRECTION('ref_axis',(1.,0.,0.));
#2299=DIRECTION('',(0.,1.,0.));
#2300=DIRECTION('center_axis',(0.,0.,1.));
#2301=DIRECTION('ref_axis',(1.,0.,0.));
#2302=DIRECTION('',(0.,-1.,0.));
#2303=DIRECTION('center_axis',(1.,0.,0.));
#2304=DIRECTION('ref_axis',(0.,1.,0.));
#2305=DIRECTION('',(0.,-1.,0.));
#2306=DIRECTION('',(0.,1.,0.));
#2307=DIRECTION('center_axis',(-1.,0.,0.));
#2308=DIRECTION('ref_axis',(0.,-1.,0.));
#2309=DIRECTION('',(0.,1.,0.));
#2310=DIRECTION('',(0.,-1.,0.));
#2311=DIRECTION('center_axis',(0.,0.,1.));
#2312=DIRECTION('ref_axis',(1.,0.,0.));
#2313=DIRECTION('center_axis',(0.,0.,1.));
#2314=DIRECTION('ref_axis',(1.,0.,0.));
#2315=DIRECTION('',(0.,-1.,0.));
#2316=DIRECTION('center_axis',(1.,0.,0.));
#2317=DIRECTION('ref_axis',(0.,1.,0.));
#2318=DIRECTION('',(0.,-1.,0.));
#2319=DIRECTION('',(0.,1.,0.));
#2320=DIRECTION('center_axis',(-1.,0.,0.));
#2321=DIRECTION('ref_axis',(0.,-1.,0.));
#2322=DIRECTION('',(0.,1.,0.));
#2323=DIRECTION('',(0.,-1.,0.));
#2324=DIRECTION('center_axis',(0.,0.,1.));
#2325=DIRECTION('ref_axis',(1.,0.,0.));
#2326=DIRECTION('center_axis',(0.,0.,1.));
#2327=DIRECTION('ref_axis',(1.,0.,0.));
#2328=DIRECTION('',(0.,-1.,0.));
#2329=DIRECTION('center_axis',(1.,0.,0.));
#2330=DIRECTION('ref_axis',(0.,1.,0.));
#2331=DIRECTION('',(0.,-1.,0.));
#2332=DIRECTION('',(0.,1.,0.));
#2333=DIRECTION('center_axis',(-1.,0.,0.));
#2334=DIRECTION('ref_axis',(0.,-1.,0.));
#2335=DIRECTION('',(0.,1.,0.));
#2336=DIRECTION('',(0.,-1.,0.));
#2337=DIRECTION('center_axis',(0.,0.,1.));
#2338=DIRECTION('ref_axis',(1.,0.,0.));
#2339=DIRECTION('center_axis',(0.,0.,1.));
#2340=DIRECTION('ref_axis',(1.,0.,0.));
#2341=DIRECTION('',(0.,-1.,0.));
#2342=DIRECTION('center_axis',(1.,0.,0.));
#2343=DIRECTION('ref_axis',(0.,1.,0.));
#2344=DIRECTION('',(0.,1.,0.));
#2345=DIRECTION('center_axis',(-1.,0.,0.));
#2346=DIRECTION('ref_axis',(0.,-1.,0.));
#2347=DIRECTION('',(0.,1.,0.));
#2348=DIRECTION('',(0.,-1.,0.));
#2349=DIRECTION('center_axis',(0.,0.,1.));
#2350=DIRECTION('ref_axis',(1.,0.,0.));
#2351=DIRECTION('center_axis',(0.,0.,1.));
#2352=DIRECTION('ref_axis',(1.,0.,0.));
#2353=DIRECTION('',(0.,-1.,0.));
#2354=DIRECTION('center_axis',(1.,0.,0.));
#2355=DIRECTION('ref_axis',(0.,1.,0.));
#2356=DIRECTION('',(0.,-1.,0.));
#2357=DIRECTION('',(0.,1.,0.));
#2358=DIRECTION('center_axis',(-1.,0.,0.));
#2359=DIRECTION('ref_axis',(0.,-1.,0.));
#2360=DIRECTION('',(0.,-1.,0.));
#2361=DIRECTION('center_axis',(0.,0.,1.));
#2362=DIRECTION('ref_axis',(1.,0.,0.));
#2363=DIRECTION('center_axis',(1.,0.,0.));
#2364=DIRECTION('ref_axis',(0.,1.,0.));
#2365=DIRECTION('',(0.,-1.,0.));
#2366=DIRECTION('',(0.,1.,0.));
#2367=DIRECTION('center_axis',(-1.,0.,0.));
#2368=DIRECTION('ref_axis',(0.,-1.,0.));
#2369=DIRECTION('',(0.,-1.,0.));
#2370=DIRECTION('center_axis',(0.,0.,1.));
#2371=DIRECTION('ref_axis',(1.,0.,0.));
#2372=DIRECTION('center_axis',(1.,0.,0.));
#2373=DIRECTION('ref_axis',(0.,1.,0.));
#2374=DIRECTION('',(0.,1.,0.));
#2375=DIRECTION('center_axis',(-1.,0.,0.));
#2376=DIRECTION('ref_axis',(0.,-1.,0.));
#2377=DIRECTION('',(0.,1.,0.));
#2378=DIRECTION('',(0.,-1.,0.));
#2379=DIRECTION('center_axis',(0.,0.,1.));
#2380=DIRECTION('ref_axis',(1.,0.,0.));
#2381=DIRECTION('center_axis',(0.,0.,1.));
#2382=DIRECTION('ref_axis',(1.,0.,0.));
#2383=DIRECTION('',(0.,-1.,0.));
#2384=DIRECTION('center_axis',(1.,0.,0.));
#2385=DIRECTION('ref_axis',(0.,1.,0.));
#2386=DIRECTION('',(0.,-1.,0.));
#2387=DIRECTION('',(0.,1.,0.));
#2388=DIRECTION('center_axis',(-1.,0.,0.));
#2389=DIRECTION('ref_axis',(0.,-1.,0.));
#2390=DIRECTION('',(0.,1.,0.));
#2391=DIRECTION('',(0.,-1.,0.));
#2392=DIRECTION('center_axis',(0.,0.,1.));
#2393=DIRECTION('ref_axis',(1.,0.,0.));
#2394=DIRECTION('center_axis',(0.,0.,1.));
#2395=DIRECTION('ref_axis',(1.,0.,0.));
#2396=DIRECTION('center_axis',(1.,0.,0.));
#2397=DIRECTION('ref_axis',(0.,1.,0.));
#2398=DIRECTION('',(0.,-1.,0.));
#2399=DIRECTION('',(0.,1.,0.));
#2400=DIRECTION('center_axis',(-1.,0.,0.));
#2401=DIRECTION('ref_axis',(0.,-1.,0.));
#2402=DIRECTION('',(0.,1.,0.));
#2403=DIRECTION('',(0.,-1.,0.));
#2404=DIRECTION('center_axis',(0.,0.,1.));
#2405=DIRECTION('ref_axis',(1.,0.,0.));
#2406=DIRECTION('center_axis',(0.,0.,1.));
#2407=DIRECTION('ref_axis',(1.,0.,0.));
#2408=DIRECTION('center_axis',(1.,0.,0.));
#2409=DIRECTION('ref_axis',(0.,1.,0.));
#2410=DIRECTION('',(0.,1.,0.));
#2411=DIRECTION('center_axis',(-1.,0.,0.));
#2412=DIRECTION('ref_axis',(0.,-1.,0.));
#2413=DIRECTION('',(0.,1.,0.));
#2414=DIRECTION('',(0.,-1.,0.));
#2415=DIRECTION('center_axis',(0.,0.,1.));
#2416=DIRECTION('ref_axis',(1.,0.,0.));
#2417=DIRECTION('center_axis',(0.,0.,1.));
#2418=DIRECTION('ref_axis',(1.,0.,0.));
#2419=DIRECTION('center_axis',(1.,0.,0.));
#2420=DIRECTION('ref_axis',(0.,1.,0.));
#2421=DIRECTION('',(0.,1.,0.));
#2422=DIRECTION('center_axis',(-1.,0.,0.));
#2423=DIRECTION('ref_axis',(0.,-1.,0.));
#2424=DIRECTION('',(0.,1.,0.));
#2425=DIRECTION('',(0.,-1.,0.));
#2426=DIRECTION('center_axis',(0.,0.,1.));
#2427=DIRECTION('ref_axis',(1.,0.,0.));
#2428=DIRECTION('center_axis',(0.,0.,1.));
#2429=DIRECTION('ref_axis',(1.,0.,0.));
#2430=DIRECTION('center_axis',(1.,0.,0.));
#2431=DIRECTION('ref_axis',(0.,1.,0.));
#2432=DIRECTION('',(0.,1.,0.));
#2433=DIRECTION('center_axis',(-1.,0.,0.));
#2434=DIRECTION('ref_axis',(0.,-1.,0.));
#2435=DIRECTION('',(0.,1.,0.));
#2436=DIRECTION('',(0.,-1.,0.));
#2437=DIRECTION('center_axis',(0.,0.,1.));
#2438=DIRECTION('ref_axis',(1.,0.,0.));
#2439=DIRECTION('center_axis',(0.,0.,1.));
#2440=DIRECTION('ref_axis',(1.,0.,0.));
#2441=DIRECTION('center_axis',(1.,0.,0.));
#2442=DIRECTION('ref_axis',(0.,1.,0.));
#2443=DIRECTION('',(0.,1.,0.));
#2444=DIRECTION('center_axis',(-1.,0.,0.));
#2445=DIRECTION('ref_axis',(0.,-1.,0.));
#2446=DIRECTION('',(0.,1.,0.));
#2447=DIRECTION('',(0.,-1.,0.));
#2448=DIRECTION('center_axis',(0.,0.,1.));
#2449=DIRECTION('ref_axis',(1.,0.,0.));
#2450=DIRECTION('center_axis',(0.,0.,1.));
#2451=DIRECTION('ref_axis',(1.,0.,0.));
#2452=DIRECTION('center_axis',(0.,0.,1.));
#2453=DIRECTION('ref_axis',(1.,0.,0.));
#2454=DIRECTION('',(1.,0.,0.));
#2455=DIRECTION('',(0.,-1.,0.));
#2456=DIRECTION('',(-1.,0.,0.));
#2457=DIRECTION('center_axis',(0.,1.,0.));
#2458=DIRECTION('ref_axis',(-1.,0.,0.));
#2459=DIRECTION('',(0.,0.,1.));
#2460=DIRECTION('',(-1.,0.,0.));
#2461=DIRECTION('center_axis',(0.,0.,1.));
#2462=DIRECTION('ref_axis',(1.,0.,0.));
#2463=DIRECTION('',(0.,1.,0.));
#2464=DIRECTION('center_axis',(0.,0.,1.));
#2465=DIRECTION('ref_axis',(1.,0.,0.));
#2466=DIRECTION('',(-1.,0.,0.));
#2467=DIRECTION('',(1.,0.,0.));
#2468=DIRECTION('',(0.,-1.,0.));
#2469=DIRECTION('center_axis',(0.,1.,0.));
#2470=DIRECTION('ref_axis',(-1.,0.,0.));
#2471=DIRECTION('',(0.,0.,1.));
#2472=DIRECTION('',(-1.,0.,0.));
#2473=DIRECTION('center_axis',(0.,-1.,0.));
#2474=DIRECTION('ref_axis',(1.,0.,0.));
#2475=DIRECTION('',(1.,0.,0.));
#2476=DIRECTION('',(0.,0.,1.));
#2477=DIRECTION('center_axis',(0.,0.,1.));
#2478=DIRECTION('ref_axis',(1.,0.,0.));
#2479=DIRECTION('',(-1.,0.,0.));
#2480=DIRECTION('',(0.,-1.,0.));
#2481=DIRECTION('center_axis',(0.,0.,1.));
#2482=DIRECTION('ref_axis',(1.,0.,0.));
#2483=DIRECTION('',(0.,-1.,0.));
#2484=DIRECTION('',(0.999999999999958,2.89258368400608E-7,0.));
#2485=DIRECTION('center_axis',(0.,-1.,0.));
#2486=DIRECTION('ref_axis',(1.,0.,0.));
#2487=DIRECTION('',(1.,0.,0.));
#2488=DIRECTION('',(0.,0.,1.));
#2489=DIRECTION('center_axis',(-1.,0.,0.));
#2490=DIRECTION('ref_axis',(0.,-1.,0.));
#2491=DIRECTION('',(0.,0.,1.));
#2492=DIRECTION('',(0.,-1.,0.));
#2493=DIRECTION('center_axis',(0.,0.,1.));
#2494=DIRECTION('ref_axis',(1.,0.,0.));
#2495=DIRECTION('center_axis',(0.,0.,1.));
#2496=DIRECTION('ref_axis',(1.,0.,0.));
#2497=DIRECTION('',(-1.,0.,0.));
#2498=DIRECTION('',(0.,1.,0.));
#2499=DIRECTION('',(1.,0.,0.));
#2500=DIRECTION('',(0.,-1.,0.));
#2501=DIRECTION('center_axis',(0.,-1.,0.));
#2502=DIRECTION('ref_axis',(1.,0.,0.));
#2503=DIRECTION('',(0.,0.,1.));
#2504=DIRECTION('',(1.,0.,0.));
#2505=DIRECTION('',(0.,0.,1.));
#2506=DIRECTION('center_axis',(0.,0.,1.));
#2507=DIRECTION('ref_axis',(1.,0.,0.));
#2508=DIRECTION('',(0.,1.,0.));
#2509=DIRECTION('',(0.,-1.,0.));
#2510=DIRECTION('center_axis',(0.,0.,1.));
#2511=DIRECTION('ref_axis',(1.,0.,0.));
#2512=DIRECTION('',(-1.,0.,0.));
#2513=DIRECTION('',(0.,1.,0.));
#2514=DIRECTION('',(1.,0.,0.));
#2515=DIRECTION('',(0.,-1.,0.));
#2516=DIRECTION('center_axis',(0.,-1.,0.));
#2517=DIRECTION('ref_axis',(1.,0.,0.));
#2518=DIRECTION('',(0.,0.,1.));
#2519=DIRECTION('',(1.,0.,0.));
#2520=DIRECTION('',(0.,0.,1.));
#2521=DIRECTION('center_axis',(0.,1.,0.));
#2522=DIRECTION('ref_axis',(-1.,0.,0.));
#2523=DIRECTION('',(0.,0.,1.));
#2524=DIRECTION('',(-1.,0.,0.));
#2525=DIRECTION('',(0.,0.,1.));
#2526=DIRECTION('center_axis',(0.,0.,1.));
#2527=DIRECTION('ref_axis',(1.,0.,0.));
#2528=DIRECTION('',(0.,1.,0.));
#2529=DIRECTION('',(0.,-1.,0.));
#2530=DIRECTION('center_axis',(-1.,0.,0.));
#2531=DIRECTION('ref_axis',(0.,-1.,0.));
#2532=DIRECTION('',(0.,-1.,0.));
#2533=DIRECTION('',(0.,-1.,0.));
#2534=DIRECTION('',(0.,-1.,0.));
#2535=DIRECTION('',(0.,0.,1.));
#2536=DIRECTION('center_axis',(1.,0.,0.));
#2537=DIRECTION('ref_axis',(0.,1.,0.));
#2538=DIRECTION('',(0.,0.,1.));
#2539=DIRECTION('',(0.,1.,0.));
#2540=DIRECTION('',(0.,1.,0.));
#2541=DIRECTION('',(0.,1.,0.));
#2542=DIRECTION('center_axis',(0.,1.,0.));
#2543=DIRECTION('ref_axis',(-1.,0.,0.));
#2544=DIRECTION('',(-1.,0.,0.));
#2545=DIRECTION('center_axis',(0.,0.,1.));
#2546=DIRECTION('ref_axis',(1.,0.,0.));
#2547=DIRECTION('center_axis',(0.,1.,0.));
#2548=DIRECTION('ref_axis',(-1.,0.,0.));
#2549=DIRECTION('center_axis',(2.89258368400609E-7,-0.999999999999958,0.));
#2550=DIRECTION('ref_axis',(0.999999999999958,2.89258368400609E-7,0.));
#2551=CARTESIAN_POINT('',(0.,0.,0.));
#2552=CARTESIAN_POINT('Origin',(255.000003799796,-55.,0.));
#2553=CARTESIAN_POINT('',(250.000003799796,55.,-6.12323399573677E-16));
#2554=CARTESIAN_POINT('',(250.000003799796,-55.,-6.12323399573677E-16));
#2555=CARTESIAN_POINT('',(250.000003799796,-55.,0.));
#2556=CARTESIAN_POINT('',(251.999994367361,55.0000012293458,3.99999292565637));
#2557=CARTESIAN_POINT('Origin',(255.000003799796,55.0000020971236,0.));
#2558=CARTESIAN_POINT('',(255.,55.,4.99999999999856));
#2559=CARTESIAN_POINT('Origin',(255.000003799796,55.,0.));
#2560=CARTESIAN_POINT('',(255.,-55.,4.99999999999856));
#2561=CARTESIAN_POINT('',(255.,-55.,4.99999999999856));
#2562=CARTESIAN_POINT('',(251.999994367361,-54.9999987706542,3.99999292565637));
#2563=CARTESIAN_POINT('Origin',(255.000003799796,-55.,0.));
#2564=CARTESIAN_POINT('Origin',(255.000003799796,-54.9999979028764,0.));
#2565=CARTESIAN_POINT('Origin',(251.999994367361,-55.,0.));
#2566=CARTESIAN_POINT('',(255.,-55.,20.));
#2567=CARTESIAN_POINT('',(255.,-55.,0.));
#2568=CARTESIAN_POINT('',(251.999994367361,-54.9999987706542,20.));
#2569=CARTESIAN_POINT('',(250.,-55.,20.));
#2570=CARTESIAN_POINT('',(251.999994367361,-54.9999987706542,0.));
#2571=CARTESIAN_POINT('Origin',(251.999994367361,55.0000012293458,0.));
#2572=CARTESIAN_POINT('',(247.750002205372,55.,0.));
#2573=CARTESIAN_POINT('',(251.999994367361,55.0000012293458,0.));
#2574=CARTESIAN_POINT('',(247.750002205372,55.,3.));
#2575=CARTESIAN_POINT('',(247.750002205372,55.,0.));
#2576=CARTESIAN_POINT('',(247.750002205372,55.,20.));
#2577=CARTESIAN_POINT('',(247.750002205372,55.,0.));
#2578=CARTESIAN_POINT('',(251.999994367361,55.0000012293458,20.));
#2579=CARTESIAN_POINT('',(251.999994367361,55.0000012293458,20.));
#2580=CARTESIAN_POINT('',(251.999994367361,55.0000012293458,0.));
#2581=CARTESIAN_POINT('Origin',(255.,-55.,0.));
#2582=CARTESIAN_POINT('',(255.000003799796,-23.0000003427267,20.));
#2583=CARTESIAN_POINT('',(255.,-55.,20.));
#2584=CARTESIAN_POINT('',(255.,55.,20.));
#2585=CARTESIAN_POINT('',(255.,55.,0.));
#2586=CARTESIAN_POINT('',(255.000003799796,45.0000007450581,20.));
#2587=CARTESIAN_POINT('',(255.,55.,20.));
#2588=CARTESIAN_POINT('',(255.000003799796,45.0000007450581,14.));
#2589=CARTESIAN_POINT('',(255.000003799796,45.0000007450581,0.));
#2590=CARTESIAN_POINT('',(255.000003799796,42.0000007003546,14.));
#2591=CARTESIAN_POINT('',(255.000003799796,42.0000007003546,14.));
#2592=CARTESIAN_POINT('',(255.000003799796,42.0000007003546,20.));
#2593=CARTESIAN_POINT('',(255.000003799796,42.0000007003546,0.));
#2594=CARTESIAN_POINT('',(255.000003799796,-4.99999925494194,20.));
#2595=CARTESIAN_POINT('',(255.,19.,20.));
#2596=CARTESIAN_POINT('',(255.000003799796,-4.99999925494194,14.));
#2597=CARTESIAN_POINT('',(255.000003799796,-4.99999925494194,0.));
#2598=CARTESIAN_POINT('',(255.000003799796,-7.99999982118606,14.));
#2599=CARTESIAN_POINT('',(255.000003799796,-7.99999982118606,14.));
#2600=CARTESIAN_POINT('',(255.000003799796,-7.99999982118606,20.));
#2601=CARTESIAN_POINT('',(255.000003799796,-7.99999982118606,0.));
#2602=CARTESIAN_POINT('',(255.000003799796,-19.9999992549419,20.));
#2603=CARTESIAN_POINT('',(255.,-55.,20.));
#2604=CARTESIAN_POINT('',(255.000003799796,-23.0000003427267,20.));
#2605=CARTESIAN_POINT('Origin',(145.,-55.,0.));
#2606=CARTESIAN_POINT('',(145.,-55.,5.));
#2607=CARTESIAN_POINT('',(150.,-55.,0.));
#2608=CARTESIAN_POINT('Origin',(145.,-55.,0.));
#2609=CARTESIAN_POINT('',(145.,55.,5.));
#2610=CARTESIAN_POINT('',(145.,-55.,5.));
#2611=CARTESIAN_POINT('',(150.,55.,0.));
#2612=CARTESIAN_POINT('Origin',(145.,55.,0.));
#2613=CARTESIAN_POINT('',(150.,-55.,0.));
#2614=CARTESIAN_POINT('Origin',(200.000008799796,6.14672899246216E-7,0.));
#2615=CARTESIAN_POINT('',(247.750002205372,-55.,0.));
#2616=CARTESIAN_POINT('',(247.750002205372,-55.,0.));
#2617=CARTESIAN_POINT('',(145.,-55.,0.));
#2618=CARTESIAN_POINT('',(145.,55.,0.));
#2619=CARTESIAN_POINT('Origin',(247.750002205372,55.,0.));
#2620=CARTESIAN_POINT('',(145.,55.,20.));
#2621=CARTESIAN_POINT('',(145.,55.,0.));
#2622=CARTESIAN_POINT('',(152.250002205372,55.,20.));
#2623=CARTESIAN_POINT('',(152.250002205372,55.,20.));
#2624=CARTESIAN_POINT('',(152.250002205372,55.,3.));
#2625=CARTESIAN_POINT('',(152.250002205372,55.,0.));
#2626=CARTESIAN_POINT('',(157.750002205372,55.,3.));
#2627=CARTESIAN_POINT('',(145.,55.,3.));
#2628=CARTESIAN_POINT('',(157.750002205372,55.,3.5));
#2629=CARTESIAN_POINT('',(157.750002205372,55.,0.));
#2630=CARTESIAN_POINT('',(158.250002205372,55.,3.5));
#2631=CARTESIAN_POINT('',(145.,55.,3.5));
#2632=CARTESIAN_POINT('',(158.250002205372,55.,3.));
#2633=CARTESIAN_POINT('',(158.250002205372,55.,0.));
#2634=CARTESIAN_POINT('',(163.750002205372,55.,3.));
#2635=CARTESIAN_POINT('',(145.,55.,3.));
#2636=CARTESIAN_POINT('',(163.750002205372,55.,3.5));
#2637=CARTESIAN_POINT('',(163.750002205372,55.,0.));
#2638=CARTESIAN_POINT('',(164.250002205372,55.,3.5));
#2639=CARTESIAN_POINT('',(145.,55.,3.5));
#2640=CARTESIAN_POINT('',(164.250002205372,55.,3.));
#2641=CARTESIAN_POINT('',(164.250002205372,55.,0.));
#2642=CARTESIAN_POINT('',(169.750002205372,55.,3.));
#2643=CARTESIAN_POINT('',(145.,55.,3.));
#2644=CARTESIAN_POINT('',(169.750002205372,55.,3.5));
#2645=CARTESIAN_POINT('',(169.750002205372,55.,0.));
#2646=CARTESIAN_POINT('',(170.250002205372,55.,3.5));
#2647=CARTESIAN_POINT('',(145.,55.,3.5));
#2648=CARTESIAN_POINT('',(170.250002205372,55.,3.));
#2649=CARTESIAN_POINT('',(170.250002205372,55.,0.));
#2650=CARTESIAN_POINT('',(175.750002205372,55.,3.));
#2651=CARTESIAN_POINT('',(145.,55.,3.));
#2652=CARTESIAN_POINT('',(175.750002205372,55.,3.5));
#2653=CARTESIAN_POINT('',(175.750002205372,55.,0.));
#2654=CARTESIAN_POINT('',(176.250002205372,55.,3.5));
#2655=CARTESIAN_POINT('',(145.,55.,3.5));
#2656=CARTESIAN_POINT('',(176.250002205372,55.,3.));
#2657=CARTESIAN_POINT('',(176.250002205372,55.,0.));
#2658=CARTESIAN_POINT('',(181.750002205372,55.,3.));
#2659=CARTESIAN_POINT('',(145.,55.,3.));
#2660=CARTESIAN_POINT('',(181.750002205372,55.,3.5));
#2661=CARTESIAN_POINT('',(181.750002205372,55.,0.));
#2662=CARTESIAN_POINT('',(182.250002205372,55.,3.5));
#2663=CARTESIAN_POINT('',(145.,55.,3.5));
#2664=CARTESIAN_POINT('',(182.250002205372,55.,3.));
#2665=CARTESIAN_POINT('',(182.250002205372,55.,0.));
#2666=CARTESIAN_POINT('',(187.750002205372,55.,3.));
#2667=CARTESIAN_POINT('',(145.,55.,3.));
#2668=CARTESIAN_POINT('',(187.750002205372,55.,3.5));
#2669=CARTESIAN_POINT('',(187.750002205372,55.,0.));
#2670=CARTESIAN_POINT('',(188.250002205372,55.,3.5));
#2671=CARTESIAN_POINT('',(145.,55.,3.5));
#2672=CARTESIAN_POINT('',(188.250002205372,55.,3.));
#2673=CARTESIAN_POINT('',(188.250002205372,55.,0.));
#2674=CARTESIAN_POINT('',(193.750002205372,55.,3.));
#2675=CARTESIAN_POINT('',(145.,55.,3.));
#2676=CARTESIAN_POINT('',(193.750002205372,55.,3.5));
#2677=CARTESIAN_POINT('',(193.750002205372,55.,0.));
#2678=CARTESIAN_POINT('',(194.250002205372,55.,3.5));
#2679=CARTESIAN_POINT('',(145.,55.,3.5));
#2680=CARTESIAN_POINT('',(194.250002205372,55.,3.));
#2681=CARTESIAN_POINT('',(194.250002205372,55.,0.));
#2682=CARTESIAN_POINT('',(199.750002205372,55.,3.));
#2683=CARTESIAN_POINT('',(145.,55.,3.));
#2684=CARTESIAN_POINT('',(199.750002205372,55.,3.5));
#2685=CARTESIAN_POINT('',(199.750002205372,55.,0.));
#2686=CARTESIAN_POINT('',(200.250002205372,55.,3.5));
#2687=CARTESIAN_POINT('',(145.,55.,3.5));
#2688=CARTESIAN_POINT('',(200.250002205372,55.,3.));
#2689=CARTESIAN_POINT('',(200.250002205372,55.,0.));
#2690=CARTESIAN_POINT('',(205.750002205372,55.,3.));
#2691=CARTESIAN_POINT('',(145.,55.,3.));
#2692=CARTESIAN_POINT('',(205.750002205372,55.,3.5));
#2693=CARTESIAN_POINT('',(205.750002205372,55.,0.));
#2694=CARTESIAN_POINT('',(206.250002205372,55.,3.5));
#2695=CARTESIAN_POINT('',(145.,55.,3.5));
#2696=CARTESIAN_POINT('',(206.250002205372,55.,3.));
#2697=CARTESIAN_POINT('',(206.250002205372,55.,0.));
#2698=CARTESIAN_POINT('',(211.750002205372,55.,3.));
#2699=CARTESIAN_POINT('',(145.,55.,3.));
#2700=CARTESIAN_POINT('',(211.750002205372,55.,3.5));
#2701=CARTESIAN_POINT('',(211.750002205372,55.,0.));
#2702=CARTESIAN_POINT('',(212.250002205372,55.,3.5));
#2703=CARTESIAN_POINT('',(145.,55.,3.5));
#2704=CARTESIAN_POINT('',(212.250002205372,55.,3.));
#2705=CARTESIAN_POINT('',(212.250002205372,55.,0.));
#2706=CARTESIAN_POINT('',(217.750002205372,55.,3.));
#2707=CARTESIAN_POINT('',(145.,55.,3.));
#2708=CARTESIAN_POINT('',(217.750002205372,55.,3.5));
#2709=CARTESIAN_POINT('',(217.750002205372,55.,0.));
#2710=CARTESIAN_POINT('',(218.250002205372,55.,3.5));
#2711=CARTESIAN_POINT('',(145.,55.,3.5));
#2712=CARTESIAN_POINT('',(218.250002205372,55.,3.));
#2713=CARTESIAN_POINT('',(218.250002205372,55.,0.));
#2714=CARTESIAN_POINT('',(223.750002205372,55.,3.));
#2715=CARTESIAN_POINT('',(145.,55.,3.));
#2716=CARTESIAN_POINT('',(223.750002205372,55.,3.5));
#2717=CARTESIAN_POINT('',(223.750002205372,55.,0.));
#2718=CARTESIAN_POINT('',(224.250002205372,55.,3.5));
#2719=CARTESIAN_POINT('',(145.,55.,3.5));
#2720=CARTESIAN_POINT('',(224.250002205372,55.,3.));
#2721=CARTESIAN_POINT('',(224.250002205372,55.,0.));
#2722=CARTESIAN_POINT('',(229.750002205372,55.,3.));
#2723=CARTESIAN_POINT('',(145.,55.,3.));
#2724=CARTESIAN_POINT('',(229.750002205372,55.,3.5));
#2725=CARTESIAN_POINT('',(229.750002205372,55.,0.));
#2726=CARTESIAN_POINT('',(230.250002205372,55.,3.5));
#2727=CARTESIAN_POINT('',(145.,55.,3.5));
#2728=CARTESIAN_POINT('',(230.250002205372,55.,3.));
#2729=CARTESIAN_POINT('',(230.250002205372,55.,0.));
#2730=CARTESIAN_POINT('',(235.750002205372,55.,3.));
#2731=CARTESIAN_POINT('',(145.,55.,3.));
#2732=CARTESIAN_POINT('',(235.750002205372,55.,3.5));
#2733=CARTESIAN_POINT('',(235.750002205372,55.,0.));
#2734=CARTESIAN_POINT('',(236.250002205372,55.,3.5));
#2735=CARTESIAN_POINT('',(145.,55.,3.5));
#2736=CARTESIAN_POINT('',(236.250002205372,55.,3.));
#2737=CARTESIAN_POINT('',(236.250002205372,55.,0.));
#2738=CARTESIAN_POINT('',(241.750002205372,55.,3.));
#2739=CARTESIAN_POINT('',(145.,55.,3.));
#2740=CARTESIAN_POINT('',(241.750002205372,55.,3.5));
#2741=CARTESIAN_POINT('',(241.750002205372,55.,0.));
#2742=CARTESIAN_POINT('',(242.250002205372,55.,3.5));
#2743=CARTESIAN_POINT('',(145.,55.,3.5));
#2744=CARTESIAN_POINT('',(242.250002205372,55.,3.));
#2745=CARTESIAN_POINT('',(242.250002205372,55.,0.));
#2746=CARTESIAN_POINT('',(145.,55.,3.));
#2747=CARTESIAN_POINT('Origin',(158.250002205372,-55.,0.));
#2748=CARTESIAN_POINT('',(158.250002205372,-55.,3.));
#2749=CARTESIAN_POINT('',(158.250002205372,-27.4999996926636,3.));
#2750=CARTESIAN_POINT('',(158.250002205372,-55.,3.5));
#2751=CARTESIAN_POINT('',(158.250002205372,-55.,3.5));
#2752=CARTESIAN_POINT('',(158.250002205372,-55.,0.));
#2753=CARTESIAN_POINT('Origin',(157.750002205372,55.,0.));
#2754=CARTESIAN_POINT('',(157.750002205372,-55.,3.));
#2755=CARTESIAN_POINT('',(157.750002205372,27.5000003073364,3.));
#2756=CARTESIAN_POINT('',(157.750002205372,-55.,3.5));
#2757=CARTESIAN_POINT('',(157.750002205372,-55.,0.));
#2758=CARTESIAN_POINT('',(157.750002205372,-55.,3.5));
#2759=CARTESIAN_POINT('Origin',(200.,6.14672899246216E-7,3.5));
#2760=CARTESIAN_POINT('',(250.,-55.,3.5));
#2761=CARTESIAN_POINT('Origin',(145.,-55.,0.));
#2762=CARTESIAN_POINT('',(247.750002205372,-55.,3.));
#2763=CARTESIAN_POINT('',(247.750002205372,-55.,0.));
#2764=CARTESIAN_POINT('',(242.250002205372,-55.,3.));
#2765=CARTESIAN_POINT('',(145.,-55.,3.));
#2766=CARTESIAN_POINT('',(242.250002205372,-55.,3.5));
#2767=CARTESIAN_POINT('',(242.250002205372,-55.,0.));
#2768=CARTESIAN_POINT('',(241.750002205372,-55.,3.5));
#2769=CARTESIAN_POINT('',(250.,-55.,3.5));
#2770=CARTESIAN_POINT('',(241.750002205372,-55.,3.));
#2771=CARTESIAN_POINT('',(241.750002205372,-55.,0.));
#2772=CARTESIAN_POINT('',(236.250002205372,-55.,3.));
#2773=CARTESIAN_POINT('',(145.,-55.,3.));
#2774=CARTESIAN_POINT('',(236.250002205372,-55.,3.5));
#2775=CARTESIAN_POINT('',(236.250002205372,-55.,0.));
#2776=CARTESIAN_POINT('',(235.750002205372,-55.,3.5));
#2777=CARTESIAN_POINT('',(250.,-55.,3.5));
#2778=CARTESIAN_POINT('',(235.750002205372,-55.,3.));
#2779=CARTESIAN_POINT('',(235.750002205372,-55.,0.));
#2780=CARTESIAN_POINT('',(230.250002205372,-55.,3.));
#2781=CARTESIAN_POINT('',(145.,-55.,3.));
#2782=CARTESIAN_POINT('',(230.250002205372,-55.,3.5));
#2783=CARTESIAN_POINT('',(230.250002205372,-55.,0.));
#2784=CARTESIAN_POINT('',(229.750002205372,-55.,3.5));
#2785=CARTESIAN_POINT('',(250.,-55.,3.5));
#2786=CARTESIAN_POINT('',(229.750002205372,-55.,3.));
#2787=CARTESIAN_POINT('',(229.750002205372,-55.,0.));
#2788=CARTESIAN_POINT('',(224.250002205372,-55.,3.));
#2789=CARTESIAN_POINT('',(145.,-55.,3.));
#2790=CARTESIAN_POINT('',(224.250002205372,-55.,3.5));
#2791=CARTESIAN_POINT('',(224.250002205372,-55.,0.));
#2792=CARTESIAN_POINT('',(223.750002205372,-55.,3.5));
#2793=CARTESIAN_POINT('',(250.,-55.,3.5));
#2794=CARTESIAN_POINT('',(223.750002205372,-55.,3.));
#2795=CARTESIAN_POINT('',(223.750002205372,-55.,0.));
#2796=CARTESIAN_POINT('',(218.250002205372,-55.,3.));
#2797=CARTESIAN_POINT('',(145.,-55.,3.));
#2798=CARTESIAN_POINT('',(218.250002205372,-55.,3.5));
#2799=CARTESIAN_POINT('',(218.250002205372,-55.,0.));
#2800=CARTESIAN_POINT('',(217.750002205372,-55.,3.5));
#2801=CARTESIAN_POINT('',(250.,-55.,3.5));
#2802=CARTESIAN_POINT('',(217.750002205372,-55.,3.));
#2803=CARTESIAN_POINT('',(217.750002205372,-55.,0.));
#2804=CARTESIAN_POINT('',(212.250002205372,-55.,3.));
#2805=CARTESIAN_POINT('',(145.,-55.,3.));
#2806=CARTESIAN_POINT('',(212.250002205372,-55.,3.5));
#2807=CARTESIAN_POINT('',(212.250002205372,-55.,0.));
#2808=CARTESIAN_POINT('',(211.750002205372,-55.,3.5));
#2809=CARTESIAN_POINT('',(250.,-55.,3.5));
#2810=CARTESIAN_POINT('',(211.750002205372,-55.,3.));
#2811=CARTESIAN_POINT('',(211.750002205372,-55.,0.));
#2812=CARTESIAN_POINT('',(206.250002205372,-55.,3.));
#2813=CARTESIAN_POINT('',(145.,-55.,3.));
#2814=CARTESIAN_POINT('',(206.250002205372,-55.,3.5));
#2815=CARTESIAN_POINT('',(206.250002205372,-55.,0.));
#2816=CARTESIAN_POINT('',(205.750002205372,-55.,3.5));
#2817=CARTESIAN_POINT('',(250.,-55.,3.5));
#2818=CARTESIAN_POINT('',(205.750002205372,-55.,3.));
#2819=CARTESIAN_POINT('',(205.750002205372,-55.,0.));
#2820=CARTESIAN_POINT('',(200.250002205372,-55.,3.));
#2821=CARTESIAN_POINT('',(145.,-55.,3.));
#2822=CARTESIAN_POINT('',(200.250002205372,-55.,3.5));
#2823=CARTESIAN_POINT('',(200.250002205372,-55.,0.));
#2824=CARTESIAN_POINT('',(199.750002205372,-55.,3.5));
#2825=CARTESIAN_POINT('',(250.,-55.,3.5));
#2826=CARTESIAN_POINT('',(199.750002205372,-55.,3.));
#2827=CARTESIAN_POINT('',(199.750002205372,-55.,0.));
#2828=CARTESIAN_POINT('',(194.250002205372,-55.,3.));
#2829=CARTESIAN_POINT('',(145.,-55.,3.));
#2830=CARTESIAN_POINT('',(194.250002205372,-55.,3.5));
#2831=CARTESIAN_POINT('',(194.250002205372,-55.,0.));
#2832=CARTESIAN_POINT('',(193.750002205372,-55.,3.5));
#2833=CARTESIAN_POINT('',(250.,-55.,3.5));
#2834=CARTESIAN_POINT('',(193.750002205372,-55.,3.));
#2835=CARTESIAN_POINT('',(193.750002205372,-55.,0.));
#2836=CARTESIAN_POINT('',(188.250002205372,-55.,3.));
#2837=CARTESIAN_POINT('',(145.,-55.,3.));
#2838=CARTESIAN_POINT('',(188.250002205372,-55.,3.5));
#2839=CARTESIAN_POINT('',(188.250002205372,-55.,0.));
#2840=CARTESIAN_POINT('',(187.750002205372,-55.,3.5));
#2841=CARTESIAN_POINT('',(250.,-55.,3.5));
#2842=CARTESIAN_POINT('',(187.750002205372,-55.,3.));
#2843=CARTESIAN_POINT('',(187.750002205372,-55.,0.));
#2844=CARTESIAN_POINT('',(182.250002205372,-55.,3.));
#2845=CARTESIAN_POINT('',(145.,-55.,3.));
#2846=CARTESIAN_POINT('',(182.250002205372,-55.,3.5));
#2847=CARTESIAN_POINT('',(182.250002205372,-55.,0.));
#2848=CARTESIAN_POINT('',(181.750002205372,-55.,3.5));
#2849=CARTESIAN_POINT('',(250.,-55.,3.5));
#2850=CARTESIAN_POINT('',(181.750002205372,-55.,3.));
#2851=CARTESIAN_POINT('',(181.750002205372,-55.,0.));
#2852=CARTESIAN_POINT('',(176.250002205372,-55.,3.));
#2853=CARTESIAN_POINT('',(145.,-55.,3.));
#2854=CARTESIAN_POINT('',(176.250002205372,-55.,3.5));
#2855=CARTESIAN_POINT('',(176.250002205372,-55.,0.));
#2856=CARTESIAN_POINT('',(175.750002205372,-55.,3.5));
#2857=CARTESIAN_POINT('',(250.,-55.,3.5));
#2858=CARTESIAN_POINT('',(175.750002205372,-55.,3.));
#2859=CARTESIAN_POINT('',(175.750002205372,-55.,0.));
#2860=CARTESIAN_POINT('',(170.250002205372,-55.,3.));
#2861=CARTESIAN_POINT('',(145.,-55.,3.));
#2862=CARTESIAN_POINT('',(170.250002205372,-55.,3.5));
#2863=CARTESIAN_POINT('',(170.250002205372,-55.,0.));
#2864=CARTESIAN_POINT('',(169.750002205372,-55.,3.5));
#2865=CARTESIAN_POINT('',(250.,-55.,3.5));
#2866=CARTESIAN_POINT('',(169.750002205372,-55.,3.));
#2867=CARTESIAN_POINT('',(169.750002205372,-55.,0.));
#2868=CARTESIAN_POINT('',(164.250002205372,-55.,3.));
#2869=CARTESIAN_POINT('',(145.,-55.,3.));
#2870=CARTESIAN_POINT('',(164.250002205372,-55.,3.5));
#2871=CARTESIAN_POINT('',(164.250002205372,-55.,0.));
#2872=CARTESIAN_POINT('',(163.750002205372,-55.,3.5));
#2873=CARTESIAN_POINT('',(250.,-55.,3.5));
#2874=CARTESIAN_POINT('',(163.750002205372,-55.,3.));
#2875=CARTESIAN_POINT('',(163.750002205372,-55.,0.));
#2876=CARTESIAN_POINT('',(145.,-55.,3.));
#2877=CARTESIAN_POINT('',(152.250002205372,-55.,3.));
#2878=CARTESIAN_POINT('',(145.,-55.,3.));
#2879=CARTESIAN_POINT('',(152.250002205372,-55.,20.));
#2880=CARTESIAN_POINT('',(152.250002205372,-55.,0.));
#2881=CARTESIAN_POINT('',(145.,-55.,20.));
#2882=CARTESIAN_POINT('',(145.,-55.,20.));
#2883=CARTESIAN_POINT('',(145.,-55.,0.));
#2884=CARTESIAN_POINT('Origin',(200.000008799796,6.14672899246216E-7,3.));
#2885=CARTESIAN_POINT('',(163.750002205372,27.5000003073364,3.));
#2886=CARTESIAN_POINT('Origin',(200.000008799796,6.14672899246216E-7,3.));
#2887=CARTESIAN_POINT('',(152.249996596947,45.0000007450581,3.));
#2888=CARTESIAN_POINT('',(152.250002205372,22.5000006798655,3.));
#2889=CARTESIAN_POINT('',(152.249996596947,42.0000007003546,3.));
#2890=CARTESIAN_POINT('',(152.250002205372,21.0000006575137,3.));
#2891=CARTESIAN_POINT('',(152.249996596947,-4.99999925494194,3.));
#2892=CARTESIAN_POINT('',(152.250002205372,-2.49999932013452,3.));
#2893=CARTESIAN_POINT('',(152.249996596947,-7.99999982118606,3.));
#2894=CARTESIAN_POINT('',(152.250002205372,-3.99999960325658,3.));
#2895=CARTESIAN_POINT('',(152.249996596947,-19.9999992549419,3.));
#2896=CARTESIAN_POINT('',(152.250002205372,-9.99999932013452,3.));
#2897=CARTESIAN_POINT('',(152.249996596947,-23.0000003427267,3.));
#2898=CARTESIAN_POINT('',(152.250002205372,-11.4999998640269,3.));
#2899=CARTESIAN_POINT('',(152.250002205372,-27.4999996926636,3.));
#2900=CARTESIAN_POINT('Origin',(182.250002205372,-55.,0.));
#2901=CARTESIAN_POINT('',(182.250002205372,-27.4999996926636,3.));
#2902=CARTESIAN_POINT('',(182.250002205372,-55.,3.5));
#2903=CARTESIAN_POINT('Origin',(181.750002205372,55.,0.));
#2904=CARTESIAN_POINT('',(181.750002205372,27.5000003073364,3.));
#2905=CARTESIAN_POINT('',(181.750002205372,-55.,3.5));
#2906=CARTESIAN_POINT('Origin',(200.,6.14672899246216E-7,3.5));
#2907=CARTESIAN_POINT('Origin',(200.000008799796,6.14672899246216E-7,3.));
#2908=CARTESIAN_POINT('',(187.750002205372,27.5000003073364,3.));
#2909=CARTESIAN_POINT('Origin',(200.000008799796,6.14672899246216E-7,3.));
#2910=CARTESIAN_POINT('',(176.250002205372,-27.4999996926636,3.));
#2911=CARTESIAN_POINT('Origin',(200.250002205372,-55.,0.));
#2912=CARTESIAN_POINT('',(200.250002205372,-27.4999996926636,3.));
#2913=CARTESIAN_POINT('',(200.250002205372,-55.,3.5));
#2914=CARTESIAN_POINT('Origin',(199.750002205372,55.,0.));
#2915=CARTESIAN_POINT('',(199.750002205372,27.5000003073364,3.));
#2916=CARTESIAN_POINT('',(199.750002205372,-55.,3.5));
#2917=CARTESIAN_POINT('Origin',(200.,6.14672899246216E-7,3.5));
#2918=CARTESIAN_POINT('Origin',(200.000008799796,6.14672899246216E-7,3.));
#2919=CARTESIAN_POINT('',(194.250002205372,-27.4999996926636,3.));
#2920=CARTESIAN_POINT('Origin',(224.250002205372,-55.,0.));
#2921=CARTESIAN_POINT('',(224.250002205372,-27.4999996926636,3.));
#2922=CARTESIAN_POINT('',(224.250002205372,-55.,3.5));
#2923=CARTESIAN_POINT('Origin',(223.750002205372,55.,0.));
#2924=CARTESIAN_POINT('',(223.750002205372,27.5000003073364,3.));
#2925=CARTESIAN_POINT('',(223.750002205372,-55.,3.5));
#2926=CARTESIAN_POINT('Origin',(200.,6.14672899246216E-7,3.5));
#2927=CARTESIAN_POINT('Origin',(200.000008799796,6.14672899246216E-7,3.));
#2928=CARTESIAN_POINT('',(218.250002205372,-27.4999996926636,3.));
#2929=CARTESIAN_POINT('Origin',(242.250002205372,-55.,0.));
#2930=CARTESIAN_POINT('',(242.250002205372,-27.4999996926636,3.));
#2931=CARTESIAN_POINT('',(242.250002205372,-55.,3.5));
#2932=CARTESIAN_POINT('Origin',(241.750002205372,55.,0.));
#2933=CARTESIAN_POINT('',(241.750002205372,27.5000003073364,3.));
#2934=CARTESIAN_POINT('',(241.750002205372,-55.,3.5));
#2935=CARTESIAN_POINT('Origin',(200.,6.14672899246216E-7,3.5));
#2936=CARTESIAN_POINT('Origin',(200.000008799796,6.14672899246216E-7,3.));
#2937=CARTESIAN_POINT('',(236.250002205372,-27.4999996926636,3.));
#2938=CARTESIAN_POINT('Origin',(218.250002205372,-55.,0.));
#2939=CARTESIAN_POINT('',(218.250002205372,-55.,3.5));
#2940=CARTESIAN_POINT('Origin',(217.750002205372,55.,0.));
#2941=CARTESIAN_POINT('',(217.750002205372,27.5000003073364,3.));
#2942=CARTESIAN_POINT('',(217.750002205372,-55.,3.5));
#2943=CARTESIAN_POINT('Origin',(200.,6.14672899246216E-7,3.5));
#2944=CARTESIAN_POINT('Origin',(200.000008799796,6.14672899246216E-7,3.));
#2945=CARTESIAN_POINT('',(212.250002205372,-27.4999996926636,3.));
#2946=CARTESIAN_POINT('Origin',(188.250002205372,-55.,0.));
#2947=CARTESIAN_POINT('',(188.250002205372,-27.4999996926636,3.));
#2948=CARTESIAN_POINT('',(188.250002205372,-55.,3.5));
#2949=CARTESIAN_POINT('Origin',(187.750002205372,55.,0.));
#2950=CARTESIAN_POINT('',(187.750002205372,-55.,3.5));
#2951=CARTESIAN_POINT('Origin',(200.,6.14672899246216E-7,3.5));
#2952=CARTESIAN_POINT('Origin',(164.250002205372,-55.,0.));
#2953=CARTESIAN_POINT('',(164.250002205372,-27.4999996926636,3.));
#2954=CARTESIAN_POINT('',(164.250002205372,-55.,3.5));
#2955=CARTESIAN_POINT('Origin',(163.750002205372,55.,0.));
#2956=CARTESIAN_POINT('',(163.750002205372,-55.,3.5));
#2957=CARTESIAN_POINT('Origin',(200.,6.14672899246216E-7,3.5));
#2958=CARTESIAN_POINT('Origin',(176.250002205372,-55.,0.));
#2959=CARTESIAN_POINT('',(176.250002205372,-55.,3.5));
#2960=CARTESIAN_POINT('Origin',(175.750002205372,55.,0.));
#2961=CARTESIAN_POINT('',(175.750002205372,27.5000003073364,3.));
#2962=CARTESIAN_POINT('',(175.750002205372,-55.,3.5));
#2963=CARTESIAN_POINT('Origin',(200.,6.14672899246216E-7,3.5));
#2964=CARTESIAN_POINT('Origin',(200.000008799796,6.14672899246216E-7,3.));
#2965=CARTESIAN_POINT('',(170.250002205372,-27.4999996926636,3.));
#2966=CARTESIAN_POINT('Origin',(206.250002205372,-55.,0.));
#2967=CARTESIAN_POINT('',(206.250002205372,-27.4999996926636,3.));
#2968=CARTESIAN_POINT('',(206.250002205372,-55.,3.5));
#2969=CARTESIAN_POINT('Origin',(205.750002205372,55.,0.));
#2970=CARTESIAN_POINT('',(205.750002205372,27.5000003073364,3.));
#2971=CARTESIAN_POINT('',(205.750002205372,-55.,3.5));
#2972=CARTESIAN_POINT('Origin',(200.,6.14672899246216E-7,3.5));
#2973=CARTESIAN_POINT('Origin',(200.000008799796,6.14672899246216E-7,3.));
#2974=CARTESIAN_POINT('Origin',(230.250002205372,-55.,0.));
#2975=CARTESIAN_POINT('',(230.250002205372,-27.4999996926636,3.));
#2976=CARTESIAN_POINT('',(230.250002205372,-55.,3.5));
#2977=CARTESIAN_POINT('Origin',(229.750002205372,55.,0.));
#2978=CARTESIAN_POINT('',(229.750002205372,27.5000003073364,3.));
#2979=CARTESIAN_POINT('',(229.750002205372,-55.,3.5));
#2980=CARTESIAN_POINT('Origin',(200.,6.14672899246216E-7,3.5));
#2981=CARTESIAN_POINT('Origin',(200.000008799796,6.14672899246216E-7,3.));
#2982=CARTESIAN_POINT('Origin',(236.250002205372,-55.,0.));
#2983=CARTESIAN_POINT('',(236.250002205372,-55.,3.5));
#2984=CARTESIAN_POINT('Origin',(235.750002205372,55.,0.));
#2985=CARTESIAN_POINT('',(235.750002205372,27.5000003073364,3.));
#2986=CARTESIAN_POINT('',(235.750002205372,-55.,3.5));
#2987=CARTESIAN_POINT('Origin',(200.,6.14672899246216E-7,3.5));
#2988=CARTESIAN_POINT('Origin',(200.000008799796,6.14672899246216E-7,3.));
#2989=CARTESIAN_POINT('Origin',(212.250002205372,-55.,0.));
#2990=CARTESIAN_POINT('',(212.250002205372,-55.,3.5));
#2991=CARTESIAN_POINT('Origin',(211.750002205372,55.,0.));
#2992=CARTESIAN_POINT('',(211.750002205372,27.5000003073364,3.));
#2993=CARTESIAN_POINT('',(211.750002205372,-55.,3.5));
#2994=CARTESIAN_POINT('Origin',(200.,6.14672899246216E-7,3.5));
#2995=CARTESIAN_POINT('Origin',(200.000008799796,6.14672899246216E-7,3.));
#2996=CARTESIAN_POINT('Origin',(194.250002205372,-55.,0.));
#2997=CARTESIAN_POINT('',(194.250002205372,-55.,3.5));
#2998=CARTESIAN_POINT('Origin',(193.750002205372,55.,0.));
#2999=CARTESIAN_POINT('',(193.750002205372,27.5000003073364,3.));
#3000=CARTESIAN_POINT('',(193.750002205372,-55.,3.5));
#3001=CARTESIAN_POINT('Origin',(200.,6.14672899246216E-7,3.5));
#3002=CARTESIAN_POINT('Origin',(200.000008799796,6.14672899246216E-7,3.));
#3003=CARTESIAN_POINT('Origin',(170.250002205372,-55.,0.));
#3004=CARTESIAN_POINT('',(170.250002205372,-55.,3.5));
#3005=CARTESIAN_POINT('Origin',(169.750002205372,55.,0.));
#3006=CARTESIAN_POINT('',(169.750002205372,27.5000003073364,3.));
#3007=CARTESIAN_POINT('',(169.750002205372,-55.,3.5));
#3008=CARTESIAN_POINT('Origin',(200.,6.14672899246216E-7,3.5));
#3009=CARTESIAN_POINT('Origin',(200.000008799796,6.14672899246216E-7,3.));
#3010=CARTESIAN_POINT('Origin',(251.375003002584,43.5000007227063,14.));
#3011=CARTESIAN_POINT('',(247.750002205372,45.0000007450581,14.));
#3012=CARTESIAN_POINT('',(249.562502603978,45.0000007450581,14.));
#3013=CARTESIAN_POINT('',(247.750002205372,42.0000007003546,14.));
#3014=CARTESIAN_POINT('',(247.750002205372,55.,14.));
#3015=CARTESIAN_POINT('',(253.18750340119,42.0000007003546,14.));
#3016=CARTESIAN_POINT('Origin',(255.000003799796,42.0000007003546,0.));
#3017=CARTESIAN_POINT('',(247.750002205372,42.0000007003546,20.));
#3018=CARTESIAN_POINT('',(247.750002205372,42.0000007003546,0.));
#3019=CARTESIAN_POINT('',(252.000003755093,42.0000007003546,20.));
#3020=CARTESIAN_POINT('Origin',(200.000008799796,6.14672899246216E-7,3.));
#3021=CARTESIAN_POINT('',(247.750002205372,-11.4999998640269,3.));
#3022=CARTESIAN_POINT('Origin',(251.375003002584,-6.499999538064,14.));
#3023=CARTESIAN_POINT('',(247.750002205372,-7.99999982118606,14.));
#3024=CARTESIAN_POINT('',(253.18750340119,-7.99999982118606,14.));
#3025=CARTESIAN_POINT('',(247.750002205372,-4.99999925494194,14.));
#3026=CARTESIAN_POINT('',(249.562502603978,-4.99999925494194,14.));
#3027=CARTESIAN_POINT('',(247.750002205372,55.,14.));
#3028=CARTESIAN_POINT('Origin',(255.000003799796,-7.99999982118606,0.));
#3029=CARTESIAN_POINT('',(247.750002205372,-7.99999982118606,20.));
#3030=CARTESIAN_POINT('',(247.750002205372,-7.99999982118606,0.));
#3031=CARTESIAN_POINT('',(252.000003755093,-7.99999982118606,20.));
#3032=CARTESIAN_POINT('Origin',(247.750002205372,45.0000007450581,0.));
#3033=CARTESIAN_POINT('',(247.750002205372,45.0000007450581,20.));
#3034=CARTESIAN_POINT('',(252.000003755093,45.0000007450581,20.));
#3035=CARTESIAN_POINT('',(247.750002205372,45.0000007450581,0.));
#3036=CARTESIAN_POINT('Origin',(251.375009902482,49.9999940873039,20.));
#3037=CARTESIAN_POINT('',(255.,55.,20.));
#3038=CARTESIAN_POINT('',(247.750002205372,55.,20.));
#3039=CARTESIAN_POINT('Origin',(251.375009902482,-38.9999932714653,20.));
#3040=CARTESIAN_POINT('',(247.750002205372,-55.,20.));
#3041=CARTESIAN_POINT('',(247.750002205372,55.,20.));
#3042=CARTESIAN_POINT('',(247.750002205372,-55.,20.));
#3043=CARTESIAN_POINT('Origin',(247.750002205372,-4.99999925494194,0.));
#3044=CARTESIAN_POINT('',(247.750002205372,-4.99999925494194,20.));
#3045=CARTESIAN_POINT('',(252.000003755093,-4.99999925494194,20.));
#3046=CARTESIAN_POINT('',(247.750002205372,-4.99999925494194,0.));
#3047=CARTESIAN_POINT('Origin',(247.750002205372,42.0000007003546,0.));
#3048=CARTESIAN_POINT('',(247.750002205372,-55.,0.));
#3049=CARTESIAN_POINT('',(247.750002205372,55.,20.));
#3050=CARTESIAN_POINT('Origin',(251.375009902482,18.5000007227063,20.));
#3051=CARTESIAN_POINT('Origin',(148.62499730289,43.5000007227063,14.));
#3052=CARTESIAN_POINT('',(152.249996596947,42.0000007003546,14.));
#3053=CARTESIAN_POINT('',(144.999996200204,42.0000007003546,14.));
#3054=CARTESIAN_POINT('',(150.437496949919,42.0000007003546,14.));
#3055=CARTESIAN_POINT('',(152.249996596947,45.0000007450581,14.));
#3056=CARTESIAN_POINT('',(152.250002205372,-55.,14.));
#3057=CARTESIAN_POINT('',(144.999996200204,45.0000007450581,14.));
#3058=CARTESIAN_POINT('',(146.812496751547,45.0000007450581,14.));
#3059=CARTESIAN_POINT('',(145.,-55.,14.));
#3060=CARTESIAN_POINT('Origin',(144.999996200204,45.0000007450581,0.));
#3061=CARTESIAN_POINT('',(152.249996596947,45.0000007450581,20.));
#3062=CARTESIAN_POINT('',(152.249996596947,45.0000007450581,0.));
#3063=CARTESIAN_POINT('',(144.999996200204,45.0000007450581,20.));
#3064=CARTESIAN_POINT('',(144.999996200204,45.0000007450581,20.));
#3065=CARTESIAN_POINT('',(144.999996200204,45.0000007450581,0.));
#3066=CARTESIAN_POINT('Origin',(148.62499730289,49.9999925683167,20.));
#3067=CARTESIAN_POINT('',(152.250002205372,-55.,20.));
#3068=CARTESIAN_POINT('',(145.,-55.,20.));
#3069=CARTESIAN_POINT('Origin',(148.62499730289,-6.499999538064,14.));
#3070=CARTESIAN_POINT('',(152.249996596947,-7.99999982118606,14.));
#3071=CARTESIAN_POINT('',(144.999996200204,-7.99999982118606,14.));
#3072=CARTESIAN_POINT('',(150.437496949919,-7.99999982118606,14.));
#3073=CARTESIAN_POINT('',(152.249996596947,-4.99999925494194,14.));
#3074=CARTESIAN_POINT('',(152.250002205372,-55.,14.));
#3075=CARTESIAN_POINT('',(144.999996200204,-4.99999925494194,14.));
#3076=CARTESIAN_POINT('',(146.812496751547,-4.99999925494194,14.));
#3077=CARTESIAN_POINT('',(145.,-55.,14.));
#3078=CARTESIAN_POINT('Origin',(144.999996200204,-4.99999925494194,0.));
#3079=CARTESIAN_POINT('',(152.249996596947,-4.99999925494194,20.));
#3080=CARTESIAN_POINT('',(152.249996596947,-4.99999925494194,0.));
#3081=CARTESIAN_POINT('',(144.999996200204,-4.99999925494194,20.));
#3082=CARTESIAN_POINT('',(144.999996200204,-4.99999925494194,20.));
#3083=CARTESIAN_POINT('',(144.999996200204,-4.99999925494194,0.));
#3084=CARTESIAN_POINT('Origin',(152.249996596947,42.0000007003546,0.));
#3085=CARTESIAN_POINT('',(144.999996200204,42.0000007003546,20.));
#3086=CARTESIAN_POINT('',(144.999996200204,42.0000007003546,0.));
#3087=CARTESIAN_POINT('',(152.249996596947,42.0000007003546,20.));
#3088=CARTESIAN_POINT('',(147.999996244907,42.0000007003546,20.));
#3089=CARTESIAN_POINT('',(152.249996596947,42.0000007003546,0.));
#3090=CARTESIAN_POINT('Origin',(148.62499730289,18.5000007227063,20.));
#3091=CARTESIAN_POINT('',(152.250002205372,-55.,20.));
#3092=CARTESIAN_POINT('',(145.,-55.,20.));
#3093=CARTESIAN_POINT('Origin',(145.,55.,0.));
#3094=CARTESIAN_POINT('',(144.999996200204,-23.0000003427267,20.));
#3095=CARTESIAN_POINT('',(145.,-55.,20.));
#3096=CARTESIAN_POINT('',(144.999996200204,-19.9999992549419,20.));
#3097=CARTESIAN_POINT('',(145.,-55.,20.));
#3098=CARTESIAN_POINT('',(144.999996200204,-7.99999982118606,20.));
#3099=CARTESIAN_POINT('',(145.,-55.,20.));
#3100=CARTESIAN_POINT('',(144.999996200204,-7.99999982118606,0.));
#3101=CARTESIAN_POINT('Origin',(152.250002205372,-19.9999992549419,0.));
#3102=CARTESIAN_POINT('',(152.249996596947,-7.99999982118606,20.));
#3103=CARTESIAN_POINT('',(152.249996596947,-7.99999982118606,0.));
#3104=CARTESIAN_POINT('',(152.249996596947,-19.9999992549419,20.));
#3105=CARTESIAN_POINT('',(152.250002205372,-55.,20.));
#3106=CARTESIAN_POINT('',(152.249996596947,-23.0000003427267,20.));
#3107=CARTESIAN_POINT('',(152.250002205372,-55.,20.));
#3108=CARTESIAN_POINT('',(152.250002205372,-55.,20.));
#3109=CARTESIAN_POINT('Origin',(152.249996596947,-7.99999982118606,0.));
#3110=CARTESIAN_POINT('',(147.999996244907,-7.99999982118606,20.));
#3111=CARTESIAN_POINT('Origin',(148.62499730289,-38.9999923671511,20.));
#3112=CARTESIAN_POINT('Origin',(255.,55.,0.));
#3113=CARTESIAN_POINT('Origin',(247.750002205372,-55.,0.));
#3114=UNCERTAINTY_MEASURE_WITH_UNIT(LENGTH_MEASURE(0.01),#3118,
'DISTANCE_ACCURACY_VALUE',
'Maximum model space distance between geometric entities at asserted c
onnectivities');
#3115=UNCERTAINTY_MEASURE_WITH_UNIT(LENGTH_MEASURE(0.01),#3118,
'DISTANCE_ACCURACY_VALUE',
'Maximum model space distance between geometric entities at asserted c
onnectivities');
#3116=(
GEOMETRIC_REPRESENTATION_CONTEXT(3)
GLOBAL_UNCERTAINTY_ASSIGNED_CONTEXT((#3114))
GLOBAL_UNIT_ASSIGNED_CONTEXT((#3118,#3120,#3121))
REPRESENTATION_CONTEXT('','3D')
);
#3117=(
GEOMETRIC_REPRESENTATION_CONTEXT(3)
GLOBAL_UNCERTAINTY_ASSIGNED_CONTEXT((#3115))
GLOBAL_UNIT_ASSIGNED_CONTEXT((#3118,#3120,#3121))
REPRESENTATION_CONTEXT('','3D')
);
#3118=(
LENGTH_UNIT()
NAMED_UNIT(*)
SI_UNIT(.MILLI.,.METRE.)
);
#3119=(
LENGTH_UNIT()
NAMED_UNIT(*)
SI_UNIT($,.METRE.)
);
#3120=(
NAMED_UNIT(*)
PLANE_ANGLE_UNIT()
SI_UNIT($,.RADIAN.)
);
#3121=(
NAMED_UNIT(*)
SI_UNIT($,.STERADIAN.)
SOLID_ANGLE_UNIT()
);
#3122=SHAPE_DEFINITION_REPRESENTATION(#3123,#3124);
#3123=PRODUCT_DEFINITION_SHAPE('',$,#3126);
#3124=SHAPE_REPRESENTATION('',(#1980),#3116);
#3125=PRODUCT_DEFINITION_CONTEXT('part definition',#3130,'design');
#3126=PRODUCT_DEFINITION('2026-01-26-09-32-51-100',
'DoubleTray_v2_June25_2026',#3127,#3125);
#3127=PRODUCT_DEFINITION_FORMATION('',$,#3132);
#3128=PRODUCT_RELATED_PRODUCT_CATEGORY('DoubleTray_v2_June25_2026',
'DoubleTray_v2_June25_2026',(#3132));
#3129=APPLICATION_PROTOCOL_DEFINITION('international standard',
'automotive_design',2009,#3130);
#3130=APPLICATION_CONTEXT(
'Core Data for Automotive Mechanical Design Process');
#3131=PRODUCT_CONTEXT('part definition',#3130,'mechanical');
#3132=PRODUCT('2026-01-26-09-32-51-100','DoubleTray_v2_June25_2026',$,(#3131));
#3133=PRESENTATION_STYLE_ASSIGNMENT((#3134));
#3134=SURFACE_STYLE_USAGE(.BOTH.,#3135);
#3135=SURFACE_SIDE_STYLE('',(#3136));
#3136=SURFACE_STYLE_FILL_AREA(#3137);
#3137=FILL_AREA_STYLE('Steel - Satin',(#3138));
#3138=FILL_AREA_STYLE_COLOUR('Steel - Satin',#3139);
#3139=COLOUR_RGB('Steel - Satin',0.627450980392157,0.627450980392157,0.627450980392157);
ENDSEC;
END-ISO-10303-21;
